[0.237s] DEBUG:colcon:Command line arguments: ['/usr/bin/colcon', 'list', '--base-paths', 'Agricultural_Bot/ros2_ws/src', 'Agricultural_Bot/sim_ws/src']
[0.237s] DEBUG:colcon:Parsed command line arguments: Namespace(log_base=None, log_level=None, verb_name='list', build_base='build', ignore_user_meta=False, metas=['./colcon.meta'], base_paths=['Agricultural_Bot/ros2_ws/src', 'Agricultural_Bot/sim_ws/src'], packages_ignore=None, packages_ignore_regex=None, paths=None, packages_up_to=None, packages_up_to_regex=None, packages_above=None, packages_above_and_dependencies=None, packages_above_depth=None, packages_select_by_dep=None, packages_skip_by_dep=None, packages_skip_up_to=None, packages_select_build_failed=False, packages_skip_build_finished=False, packages_select_test_failures=False, packages_skip_test_passed=False, packages_select=None, packages_skip=None, packages_select_regex=None, packages_skip_regex=None, packages_start=None, packages_end=None, allow_overriding=[], topological_order=False, names_only=False, paths_only=False, topological_graph=False, topological_graph_dot=False, topological_graph_density=False, topological_graph_legend=False, topological_graph_dot_cluster=False, topological_graph_dot_include_skipped=False, mixin_files=None, mixin=None, verb_parser=<colcon_mixin.mixin.mixin_argument.MixinArgumentDecorator object at 0x71c4e149aba0>, verb_extension=<colcon_package_information.verb.list.ListVerb object at 0x71c4e1499cd0>, main=<bound method ListVerb.main of <colcon_package_information.verb.list.ListVerb object at 0x71c4e1499cd0>>, mixin_verb=('list',))
[0.289s] Level 1:colcon.colcon_core.package_discovery:discover_packages(colcon_meta) check parameters
[0.289s] Level 1:colcon.colcon_core.package_discovery:discover_packages(recursive) check parameters
[0.289s] Level 1:colcon.colcon_core.package_discovery:discover_packages(ignore) check parameters
[0.289s] Level 1:colcon.colcon_core.package_discovery:discover_packages(path) check parameters
[0.289s] Level 1:colcon.colcon_core.package_discovery:discover_packages(recursive) discover
[0.289s] INFO:colcon.colcon_core.package_discovery:Crawling recursively for packages in '/home/hgzq/Agricultural Bot/Agricultural_Bot/ros2_ws/src', '/home/hgzq/Agricultural Bot/Agricultural_Bot/sim_ws/src'
[0.289s] Level 1:colcon.colcon_core.package_identification:_identify(Agricultural_Bot/ros2_ws/src) by extensions ['ignore', 'ignore_ament_install']
[0.289s] Level 1:colcon.colcon_core.package_identification:_identify(Agricultural_Bot/ros2_ws/src) by extension 'ignore'
[0.289s] Level 1:colcon.colcon_core.package_identification:_identify(Agricultural_Bot/ros2_ws/src) by extension 'ignore_ament_install'
[0.289s] Level 1:colcon.colcon_core.package_identification:_identify(Agricultural_Bot/ros2_ws/src) by extensions ['colcon_pkg']
[0.289s] Level 1:colcon.colcon_core.package_identification:_identify(Agricultural_Bot/ros2_ws/src) by extension 'colcon_pkg'
[0.289s] Level 1:colcon.colcon_core.package_identification:_identify(Agricultural_Bot/ros2_ws/src) by extensions ['colcon_meta']
[0.289s] Level 1:colcon.colcon_core.package_identification:_identify(Agricultural_Bot/ros2_ws/src) by extension 'colcon_meta'
[0.289s] Level 1:colcon.colcon_core.package_identification:_identify(Agricultural_Bot/ros2_ws/src) by extensions ['ros']
[0.289s] Level 1:colcon.colcon_core.package_identification:_identify(Agricultural_Bot/ros2_ws/src) by extension 'ros'
[0.307s] Level 1:colcon.colcon_core.package_identification:_identify(Agricultural_Bot/ros2_ws/src) by extensions ['cmake', 'python']
[0.307s] Level 1:colcon.colcon_core.package_identification:_identify(Agricultural_Bot/ros2_ws/src) by extension 'cmake'
[0.307s] Level 1:colcon.colcon_core.package_identification:_identify(Agricultural_Bot/ros2_ws/src) by extension 'python'
[0.307s] Level 1:colcon.colcon_core.package_identification:_identify(Agricultural_Bot/ros2_ws/src) by extensions ['python_setup_py']
[0.307s] Level 1:colcon.colcon_core.package_identification:_identify(Agricultural_Bot/ros2_ws/src) by extension 'python_setup_py'
[0.307s] Level 1:colcon.colcon_core.package_identification:_identify(Agricultural_Bot/ros2_ws/src/agri_arm_adapter) by extensions ['ignore', 'ignore_ament_install']
[0.307s] Level 1:colcon.colcon_core.package_identification:_identify(Agricultural_Bot/ros2_ws/src/agri_arm_adapter) by extension 'ignore'
[0.307s] Level 1:colcon.colcon_core.package_identification:_identify(Agricultural_Bot/ros2_ws/src/agri_arm_adapter) by extension 'ignore_ament_install'
[0.307s] Level 1:colcon.colcon_core.package_identification:_identify(Agricultural_Bot/ros2_ws/src/agri_arm_adapter) by extensions ['colcon_pkg']
[0.307s] Level 1:colcon.colcon_core.package_identification:_identify(Agricultural_Bot/ros2_ws/src/agri_arm_adapter) by extension 'colcon_pkg'
[0.307s] Level 1:colcon.colcon_core.package_identification:_identify(Agricultural_Bot/ros2_ws/src/agri_arm_adapter) by extensions ['colcon_meta']
[0.307s] Level 1:colcon.colcon_core.package_identification:_identify(Agricultural_Bot/ros2_ws/src/agri_arm_adapter) by extension 'colcon_meta'
[0.307s] Level 1:colcon.colcon_core.package_identification:_identify(Agricultural_Bot/ros2_ws/src/agri_arm_adapter) by extensions ['ros']
[0.307s] Level 1:colcon.colcon_core.package_identification:_identify(Agricultural_Bot/ros2_ws/src/agri_arm_adapter) by extension 'ros'
[0.307s] Level 1:colcon.colcon_core.package_identification:_identify(Agricultural_Bot/ros2_ws/src/agri_arm_adapter) by extensions ['cmake', 'python']
[0.307s] Level 1:colcon.colcon_core.package_identification:_identify(Agricultural_Bot/ros2_ws/src/agri_arm_adapter) by extension 'cmake'
[0.307s] Level 1:colcon.colcon_core.package_identification:_identify(Agricultural_Bot/ros2_ws/src/agri_arm_adapter) by extension 'python'
[0.307s] Level 1:colcon.colcon_core.package_identification:_identify(Agricultural_Bot/ros2_ws/src/agri_arm_adapter) by extensions ['python_setup_py']
[0.307s] Level 1:colcon.colcon_core.package_identification:_identify(Agricultural_Bot/ros2_ws/src/agri_arm_adapter) by extension 'python_setup_py'
[0.307s] Level 1:colcon.colcon_core.package_identification:_identify(Agricultural_Bot/ros2_ws/src/agri_arm_adapter/agri_arm_adapter) by extensions ['ignore', 'ignore_ament_install']
[0.308s] Level 1:colcon.colcon_core.package_identification:_identify(Agricultural_Bot/ros2_ws/src/agri_arm_adapter/agri_arm_adapter) by extension 'ignore'
[0.308s] Level 1:colcon.colcon_core.package_identification:_identify(Agricultural_Bot/ros2_ws/src/agri_arm_adapter/agri_arm_adapter) by extension 'ignore_ament_install'
[0.308s] Level 1:colcon.colcon_core.package_identification:_identify(Agricultural_Bot/ros2_ws/src/agri_arm_adapter/agri_arm_adapter) by extensions ['colcon_pkg']
[0.308s] Level 1:colcon.colcon_core.package_identification:_identify(Agricultural_Bot/ros2_ws/src/agri_arm_adapter/agri_arm_adapter) by extension 'colcon_pkg'
[0.308s] Level 1:colcon.colcon_core.package_identification:_identify(Agricultural_Bot/ros2_ws/src/agri_arm_adapter/agri_arm_adapter) by extensions ['colcon_meta']
[0.308s] Level 1:colcon.colcon_core.package_identification:_identify(Agricultural_Bot/ros2_ws/src/agri_arm_adapter/agri_arm_adapter) by extension 'colcon_meta'
[0.308s] Level 1:colcon.colcon_core.package_identification:_identify(Agricultural_Bot/ros2_ws/src/agri_arm_adapter/agri_arm_adapter) by extensions ['ros']
[0.308s] Level 1:colcon.colcon_core.package_identification:_identify(Agricultural_Bot/ros2_ws/src/agri_arm_adapter/agri_arm_adapter) by extension 'ros'
[0.308s] Level 1:colcon.colcon_core.package_identification:_identify(Agricultural_Bot/ros2_ws/src/agri_arm_adapter/agri_arm_adapter) by extensions ['cmake', 'python']
[0.308s] Level 1:colcon.colcon_core.package_identification:_identify(Agricultural_Bot/ros2_ws/src/agri_arm_adapter/agri_arm_adapter) by extension 'cmake'
[0.308s] Level 1:colcon.colcon_core.package_identification:_identify(Agricultural_Bot/ros2_ws/src/agri_arm_adapter/agri_arm_adapter) by extension 'python'
[0.308s] Level 1:colcon.colcon_core.package_identification:_identify(Agricultural_Bot/ros2_ws/src/agri_arm_adapter/agri_arm_adapter) by extensions ['python_setup_py']
[0.308s] Level 1:colcon.colcon_core.package_identification:_identify(Agricultural_Bot/ros2_ws/src/agri_arm_adapter/agri_arm_adapter) by extension 'python_setup_py'
[0.308s] Level 1:colcon.colcon_core.package_identification:_identify(Agricultural_Bot/ros2_ws/src/agri_arm_adapter/config) by extensions ['ignore', 'ignore_ament_install']
[0.308s] Level 1:colcon.colcon_core.package_identification:_identify(Agricultural_Bot/ros2_ws/src/agri_arm_adapter/config) by extension 'ignore'
[0.308s] Level 1:colcon.colcon_core.package_identification:_identify(Agricultural_Bot/ros2_ws/src/agri_arm_adapter/config) by extension 'ignore_ament_install'
[0.308s] Level 1:colcon.colcon_core.package_identification:_identify(Agricultural_Bot/ros2_ws/src/agri_arm_adapter/config) by extensions ['colcon_pkg']
[0.308s] Level 1:colcon.colcon_core.package_identification:_identify(Agricultural_Bot/ros2_ws/src/agri_arm_adapter/config) by extension 'colcon_pkg'
[0.308s] Level 1:colcon.colcon_core.package_identification:_identify(Agricultural_Bot/ros2_ws/src/agri_arm_adapter/config) by extensions ['colcon_meta']
[0.308s] Level 1:colcon.colcon_core.package_identification:_identify(Agricultural_Bot/ros2_ws/src/agri_arm_adapter/config) by extension 'colcon_meta'
[0.308s] Level 1:colcon.colcon_core.package_identification:_identify(Agricultural_Bot/ros2_ws/src/agri_arm_adapter/config) by extensions ['ros']
[0.308s] Level 1:colcon.colcon_core.package_identification:_identify(Agricultural_Bot/ros2_ws/src/agri_arm_adapter/config) by extension 'ros'
[0.308s] Level 1:colcon.colcon_core.package_identification:_identify(Agricultural_Bot/ros2_ws/src/agri_arm_adapter/config) by extensions ['cmake', 'python']
[0.308s] Level 1:colcon.colcon_core.package_identification:_identify(Agricultural_Bot/ros2_ws/src/agri_arm_adapter/config) by extension 'cmake'
[0.308s] Level 1:colcon.colcon_core.package_identification:_identify(Agricultural_Bot/ros2_ws/src/agri_arm_adapter/config) by extension 'python'
[0.308s] Level 1:colcon.colcon_core.package_identification:_identify(Agricultural_Bot/ros2_ws/src/agri_arm_adapter/config) by extensions ['python_setup_py']
[0.308s] Level 1:colcon.colcon_core.package_identification:_identify(Agricultural_Bot/ros2_ws/src/agri_arm_adapter/config) by extension 'python_setup_py'
[0.308s] Level 1:colcon.colcon_core.package_identification:_identify(Agricultural_Bot/ros2_ws/src/agri_arm_adapter/launch) by extensions ['ignore', 'ignore_ament_install']
[0.308s] Level 1:colcon.colcon_core.package_identification:_identify(Agricultural_Bot/ros2_ws/src/agri_arm_adapter/launch) by extension 'ignore'
[0.308s] Level 1:colcon.colcon_core.package_identification:_identify(Agricultural_Bot/ros2_ws/src/agri_arm_adapter/launch) by extension 'ignore_ament_install'
[0.308s] Level 1:colcon.colcon_core.package_identification:_identify(Agricultural_Bot/ros2_ws/src/agri_arm_adapter/launch) by extensions ['colcon_pkg']
[0.308s] Level 1:colcon.colcon_core.package_identification:_identify(Agricultural_Bot/ros2_ws/src/agri_arm_adapter/launch) by extension 'colcon_pkg'
[0.308s] Level 1:colcon.colcon_core.package_identification:_identify(Agricultural_Bot/ros2_ws/src/agri_arm_adapter/launch) by extensions ['colcon_meta']
[0.308s] Level 1:colcon.colcon_core.package_identification:_identify(Agricultural_Bot/ros2_ws/src/agri_arm_adapter/launch) by extension 'colcon_meta'
[0.308s] Level 1:colcon.colcon_core.package_identification:_identify(Agricultural_Bot/ros2_ws/src/agri_arm_adapter/launch) by extensions ['ros']
[0.308s] Level 1:colcon.colcon_core.package_identification:_identify(Agricultural_Bot/ros2_ws/src/agri_arm_adapter/launch) by extension 'ros'
[0.309s] Level 1:colcon.colcon_core.package_identification:_identify(Agricultural_Bot/ros2_ws/src/agri_arm_adapter/launch) by extensions ['cmake', 'python']
[0.309s] Level 1:colcon.colcon_core.package_identification:_identify(Agricultural_Bot/ros2_ws/src/agri_arm_adapter/launch) by extension 'cmake'
[0.309s] Level 1:colcon.colcon_core.package_identification:_identify(Agricultural_Bot/ros2_ws/src/agri_arm_adapter/launch) by extension 'python'
[0.309s] Level 1:colcon.colcon_core.package_identification:_identify(Agricultural_Bot/ros2_ws/src/agri_arm_adapter/launch) by extensions ['python_setup_py']
[0.309s] Level 1:colcon.colcon_core.package_identification:_identify(Agricultural_Bot/ros2_ws/src/agri_arm_adapter/launch) by extension 'python_setup_py'
[0.309s] Level 1:colcon.colcon_core.package_identification:_identify(Agricultural_Bot/ros2_ws/src/agri_arm_adapter/test) by extensions ['ignore', 'ignore_ament_install']
[0.309s] Level 1:colcon.colcon_core.package_identification:_identify(Agricultural_Bot/ros2_ws/src/agri_arm_adapter/test) by extension 'ignore'
[0.309s] Level 1:colcon.colcon_core.package_identification:_identify(Agricultural_Bot/ros2_ws/src/agri_arm_adapter/test) by extension 'ignore_ament_install'
[0.309s] Level 1:colcon.colcon_core.package_identification:_identify(Agricultural_Bot/ros2_ws/src/agri_arm_adapter/test) by extensions ['colcon_pkg']
[0.309s] Level 1:colcon.colcon_core.package_identification:_identify(Agricultural_Bot/ros2_ws/src/agri_arm_adapter/test) by extension 'colcon_pkg'
[0.309s] Level 1:colcon.colcon_core.package_identification:_identify(Agricultural_Bot/ros2_ws/src/agri_arm_adapter/test) by extensions ['colcon_meta']
[0.309s] Level 1:colcon.colcon_core.package_identification:_identify(Agricultural_Bot/ros2_ws/src/agri_arm_adapter/test) by extension 'colcon_meta'
[0.309s] Level 1:colcon.colcon_core.package_identification:_identify(Agricultural_Bot/ros2_ws/src/agri_arm_adapter/test) by extensions ['ros']
[0.309s] Level 1:colcon.colcon_core.package_identification:_identify(Agricultural_Bot/ros2_ws/src/agri_arm_adapter/test) by extension 'ros'
[0.309s] Level 1:colcon.colcon_core.package_identification:_identify(Agricultural_Bot/ros2_ws/src/agri_arm_adapter/test) by extensions ['cmake', 'python']
[0.309s] Level 1:colcon.colcon_core.package_identification:_identify(Agricultural_Bot/ros2_ws/src/agri_arm_adapter/test) by extension 'cmake'
[0.309s] Level 1:colcon.colcon_core.package_identification:_identify(Agricultural_Bot/ros2_ws/src/agri_arm_adapter/test) by extension 'python'
[0.309s] Level 1:colcon.colcon_core.package_identification:_identify(Agricultural_Bot/ros2_ws/src/agri_arm_adapter/test) by extensions ['python_setup_py']
[0.309s] Level 1:colcon.colcon_core.package_identification:_identify(Agricultural_Bot/ros2_ws/src/agri_arm_adapter/test) by extension 'python_setup_py'
[0.309s] Level 1:colcon.colcon_core.package_identification:_identify(Agricultural_Bot/ros2_ws/src/agri_base_adapter) by extensions ['ignore', 'ignore_ament_install']
[0.309s] Level 1:colcon.colcon_core.package_identification:_identify(Agricultural_Bot/ros2_ws/src/agri_base_adapter) by extension 'ignore'
[0.309s] Level 1:colcon.colcon_core.package_identification:_identify(Agricultural_Bot/ros2_ws/src/agri_base_adapter) by extension 'ignore_ament_install'
[0.309s] Level 1:colcon.colcon_core.package_identification:_identify(Agricultural_Bot/ros2_ws/src/agri_base_adapter) by extensions ['colcon_pkg']
[0.309s] Level 1:colcon.colcon_core.package_identification:_identify(Agricultural_Bot/ros2_ws/src/agri_base_adapter) by extension 'colcon_pkg'
[0.309s] Level 1:colcon.colcon_core.package_identification:_identify(Agricultural_Bot/ros2_ws/src/agri_base_adapter) by extensions ['colcon_meta']
[0.309s] Level 1:colcon.colcon_core.package_identification:_identify(Agricultural_Bot/ros2_ws/src/agri_base_adapter) by extension 'colcon_meta'
[0.309s] Level 1:colcon.colcon_core.package_identification:_identify(Agricultural_Bot/ros2_ws/src/agri_base_adapter) by extensions ['ros']
[0.309s] Level 1:colcon.colcon_core.package_identification:_identify(Agricultural_Bot/ros2_ws/src/agri_base_adapter) by extension 'ros'
[0.309s] Level 1:colcon.colcon_core.package_identification:_identify(Agricultural_Bot/ros2_ws/src/agri_base_adapter) by extensions ['cmake', 'python']
[0.309s] Level 1:colcon.colcon_core.package_identification:_identify(Agricultural_Bot/ros2_ws/src/agri_base_adapter) by extension 'cmake'
[0.309s] Level 1:colcon.colcon_core.package_identification:_identify(Agricultural_Bot/ros2_ws/src/agri_base_adapter) by extension 'python'
[0.309s] Level 1:colcon.colcon_core.package_identification:_identify(Agricultural_Bot/ros2_ws/src/agri_base_adapter) by extensions ['python_setup_py']
[0.309s] Level 1:colcon.colcon_core.package_identification:_identify(Agricultural_Bot/ros2_ws/src/agri_base_adapter) by extension 'python_setup_py'
[0.309s] Level 1:colcon.colcon_core.package_identification:_identify(Agricultural_Bot/ros2_ws/src/agri_base_adapter/agri_base_adapter) by extensions ['ignore', 'ignore_ament_install']
[0.309s] Level 1:colcon.colcon_core.package_identification:_identify(Agricultural_Bot/ros2_ws/src/agri_base_adapter/agri_base_adapter) by extension 'ignore'
[0.309s] Level 1:colcon.colcon_core.package_identification:_identify(Agricultural_Bot/ros2_ws/src/agri_base_adapter/agri_base_adapter) by extension 'ignore_ament_install'
[0.310s] Level 1:colcon.colcon_core.package_identification:_identify(Agricultural_Bot/ros2_ws/src/agri_base_adapter/agri_base_adapter) by extensions ['colcon_pkg']
[0.310s] Level 1:colcon.colcon_core.package_identification:_identify(Agricultural_Bot/ros2_ws/src/agri_base_adapter/agri_base_adapter) by extension 'colcon_pkg'
[0.310s] Level 1:colcon.colcon_core.package_identification:_identify(Agricultural_Bot/ros2_ws/src/agri_base_adapter/agri_base_adapter) by extensions ['colcon_meta']
[0.310s] Level 1:colcon.colcon_core.package_identification:_identify(Agricultural_Bot/ros2_ws/src/agri_base_adapter/agri_base_adapter) by extension 'colcon_meta'
[0.310s] Level 1:colcon.colcon_core.package_identification:_identify(Agricultural_Bot/ros2_ws/src/agri_base_adapter/agri_base_adapter) by extensions ['ros']
[0.310s] Level 1:colcon.colcon_core.package_identification:_identify(Agricultural_Bot/ros2_ws/src/agri_base_adapter/agri_base_adapter) by extension 'ros'
[0.310s] Level 1:colcon.colcon_core.package_identification:_identify(Agricultural_Bot/ros2_ws/src/agri_base_adapter/agri_base_adapter) by extensions ['cmake', 'python']
[0.310s] Level 1:colcon.colcon_core.package_identification:_identify(Agricultural_Bot/ros2_ws/src/agri_base_adapter/agri_base_adapter) by extension 'cmake'
[0.310s] Level 1:colcon.colcon_core.package_identification:_identify(Agricultural_Bot/ros2_ws/src/agri_base_adapter/agri_base_adapter) by extension 'python'
[0.310s] Level 1:colcon.colcon_core.package_identification:_identify(Agricultural_Bot/ros2_ws/src/agri_base_adapter/agri_base_adapter) by extensions ['python_setup_py']
[0.310s] Level 1:colcon.colcon_core.package_identification:_identify(Agricultural_Bot/ros2_ws/src/agri_base_adapter/agri_base_adapter) by extension 'python_setup_py'
[0.310s] Level 1:colcon.colcon_core.package_identification:_identify(Agricultural_Bot/ros2_ws/src/agri_base_adapter/config) by extensions ['ignore', 'ignore_ament_install']
[0.310s] Level 1:colcon.colcon_core.package_identification:_identify(Agricultural_Bot/ros2_ws/src/agri_base_adapter/config) by extension 'ignore'
[0.310s] Level 1:colcon.colcon_core.package_identification:_identify(Agricultural_Bot/ros2_ws/src/agri_base_adapter/config) by extension 'ignore_ament_install'
[0.310s] Level 1:colcon.colcon_core.package_identification:_identify(Agricultural_Bot/ros2_ws/src/agri_base_adapter/config) by extensions ['colcon_pkg']
[0.310s] Level 1:colcon.colcon_core.package_identification:_identify(Agricultural_Bot/ros2_ws/src/agri_base_adapter/config) by extension 'colcon_pkg'
[0.310s] Level 1:colcon.colcon_core.package_identification:_identify(Agricultural_Bot/ros2_ws/src/agri_base_adapter/config) by extensions ['colcon_meta']
[0.310s] Level 1:colcon.colcon_core.package_identification:_identify(Agricultural_Bot/ros2_ws/src/agri_base_adapter/config) by extension 'colcon_meta'
[0.310s] Level 1:colcon.colcon_core.package_identification:_identify(Agricultural_Bot/ros2_ws/src/agri_base_adapter/config) by extensions ['ros']
[0.310s] Level 1:colcon.colcon_core.package_identification:_identify(Agricultural_Bot/ros2_ws/src/agri_base_adapter/config) by extension 'ros'
[0.310s] Level 1:colcon.colcon_core.package_identification:_identify(Agricultural_Bot/ros2_ws/src/agri_base_adapter/config) by extensions ['cmake', 'python']
[0.310s] Level 1:colcon.colcon_core.package_identification:_identify(Agricultural_Bot/ros2_ws/src/agri_base_adapter/config) by extension 'cmake'
[0.310s] Level 1:colcon.colcon_core.package_identification:_identify(Agricultural_Bot/ros2_ws/src/agri_base_adapter/config) by extension 'python'
[0.310s] Level 1:colcon.colcon_core.package_identification:_identify(Agricultural_Bot/ros2_ws/src/agri_base_adapter/config) by extensions ['python_setup_py']
[0.310s] Level 1:colcon.colcon_core.package_identification:_identify(Agricultural_Bot/ros2_ws/src/agri_base_adapter/config) by extension 'python_setup_py'
[0.310s] Level 1:colcon.colcon_core.package_identification:_identify(Agricultural_Bot/ros2_ws/src/agri_base_adapter/launch) by extensions ['ignore', 'ignore_ament_install']
[0.310s] Level 1:colcon.colcon_core.package_identification:_identify(Agricultural_Bot/ros2_ws/src/agri_base_adapter/launch) by extension 'ignore'
[0.310s] Level 1:colcon.colcon_core.package_identification:_identify(Agricultural_Bot/ros2_ws/src/agri_base_adapter/launch) by extension 'ignore_ament_install'
[0.310s] Level 1:colcon.colcon_core.package_identification:_identify(Agricultural_Bot/ros2_ws/src/agri_base_adapter/launch) by extensions ['colcon_pkg']
[0.310s] Level 1:colcon.colcon_core.package_identification:_identify(Agricultural_Bot/ros2_ws/src/agri_base_adapter/launch) by extension 'colcon_pkg'
[0.310s] Level 1:colcon.colcon_core.package_identification:_identify(Agricultural_Bot/ros2_ws/src/agri_base_adapter/launch) by extensions ['colcon_meta']
[0.310s] Level 1:colcon.colcon_core.package_identification:_identify(Agricultural_Bot/ros2_ws/src/agri_base_adapter/launch) by extension 'colcon_meta'
[0.310s] Level 1:colcon.colcon_core.package_identification:_identify(Agricultural_Bot/ros2_ws/src/agri_base_adapter/launch) by extensions ['ros']
[0.310s] Level 1:colcon.colcon_core.package_identification:_identify(Agricultural_Bot/ros2_ws/src/agri_base_adapter/launch) by extension 'ros'
[0.310s] Level 1:colcon.colcon_core.package_identification:_identify(Agricultural_Bot/ros2_ws/src/agri_base_adapter/launch) by extensions ['cmake', 'python']
[0.310s] Level 1:colcon.colcon_core.package_identification:_identify(Agricultural_Bot/ros2_ws/src/agri_base_adapter/launch) by extension 'cmake'
[0.310s] Level 1:colcon.colcon_core.package_identification:_identify(Agricultural_Bot/ros2_ws/src/agri_base_adapter/launch) by extension 'python'
[0.310s] Level 1:colcon.colcon_core.package_identification:_identify(Agricultural_Bot/ros2_ws/src/agri_base_adapter/launch) by extensions ['python_setup_py']
[0.310s] Level 1:colcon.colcon_core.package_identification:_identify(Agricultural_Bot/ros2_ws/src/agri_base_adapter/launch) by extension 'python_setup_py'
[0.311s] Level 1:colcon.colcon_core.package_identification:_identify(Agricultural_Bot/ros2_ws/src/agri_base_adapter/test) by extensions ['ignore', 'ignore_ament_install']
[0.311s] Level 1:colcon.colcon_core.package_identification:_identify(Agricultural_Bot/ros2_ws/src/agri_base_adapter/test) by extension 'ignore'
[0.311s] Level 1:colcon.colcon_core.package_identification:_identify(Agricultural_Bot/ros2_ws/src/agri_base_adapter/test) by extension 'ignore_ament_install'
[0.311s] Level 1:colcon.colcon_core.package_identification:_identify(Agricultural_Bot/ros2_ws/src/agri_base_adapter/test) by extensions ['colcon_pkg']
[0.311s] Level 1:colcon.colcon_core.package_identification:_identify(Agricultural_Bot/ros2_ws/src/agri_base_adapter/test) by extension 'colcon_pkg'
[0.311s] Level 1:colcon.colcon_core.package_identification:_identify(Agricultural_Bot/ros2_ws/src/agri_base_adapter/test) by extensions ['colcon_meta']
[0.311s] Level 1:colcon.colcon_core.package_identification:_identify(Agricultural_Bot/ros2_ws/src/agri_base_adapter/test) by extension 'colcon_meta'
[0.311s] Level 1:colcon.colcon_core.package_identification:_identify(Agricultural_Bot/ros2_ws/src/agri_base_adapter/test) by extensions ['ros']
[0.311s] Level 1:colcon.colcon_core.package_identification:_identify(Agricultural_Bot/ros2_ws/src/agri_base_adapter/test) by extension 'ros'
[0.311s] Level 1:colcon.colcon_core.package_identification:_identify(Agricultural_Bot/ros2_ws/src/agri_base_adapter/test) by extensions ['cmake', 'python']
[0.311s] Level 1:colcon.colcon_core.package_identification:_identify(Agricultural_Bot/ros2_ws/src/agri_base_adapter/test) by extension 'cmake'
[0.311s] Level 1:colcon.colcon_core.package_identification:_identify(Agricultural_Bot/ros2_ws/src/agri_base_adapter/test) by extension 'python'
[0.311s] Level 1:colcon.colcon_core.package_identification:_identify(Agricultural_Bot/ros2_ws/src/agri_base_adapter/test) by extensions ['python_setup_py']
[0.311s] Level 1:colcon.colcon_core.package_identification:_identify(Agricultural_Bot/ros2_ws/src/agri_base_adapter/test) by extension 'python_setup_py'
[0.311s] Level 1:colcon.colcon_core.package_identification:_identify(Agricultural_Bot/ros2_ws/src/agri_base_kinematics) by extensions ['ignore', 'ignore_ament_install']
[0.311s] Level 1:colcon.colcon_core.package_identification:_identify(Agricultural_Bot/ros2_ws/src/agri_base_kinematics) by extension 'ignore'
[0.311s] Level 1:colcon.colcon_core.package_identification:_identify(Agricultural_Bot/ros2_ws/src/agri_base_kinematics) by extension 'ignore_ament_install'
[0.311s] Level 1:colcon.colcon_core.package_identification:_identify(Agricultural_Bot/ros2_ws/src/agri_base_kinematics) by extensions ['colcon_pkg']
[0.311s] Level 1:colcon.colcon_core.package_identification:_identify(Agricultural_Bot/ros2_ws/src/agri_base_kinematics) by extension 'colcon_pkg'
[0.311s] Level 1:colcon.colcon_core.package_identification:_identify(Agricultural_Bot/ros2_ws/src/agri_base_kinematics) by extensions ['colcon_meta']
[0.311s] Level 1:colcon.colcon_core.package_identification:_identify(Agricultural_Bot/ros2_ws/src/agri_base_kinematics) by extension 'colcon_meta'
[0.311s] Level 1:colcon.colcon_core.package_identification:_identify(Agricultural_Bot/ros2_ws/src/agri_base_kinematics) by extensions ['ros']
[0.311s] Level 1:colcon.colcon_core.package_identification:_identify(Agricultural_Bot/ros2_ws/src/agri_base_kinematics) by extension 'ros'
[0.311s] Level 1:colcon.colcon_core.package_identification:_identify(Agricultural_Bot/ros2_ws/src/agri_base_kinematics) by extensions ['cmake', 'python']
[0.311s] Level 1:colcon.colcon_core.package_identification:_identify(Agricultural_Bot/ros2_ws/src/agri_base_kinematics) by extension 'cmake'
[0.311s] Level 1:colcon.colcon_core.package_identification:_identify(Agricultural_Bot/ros2_ws/src/agri_base_kinematics) by extension 'python'
[0.311s] Level 1:colcon.colcon_core.package_identification:_identify(Agricultural_Bot/ros2_ws/src/agri_base_kinematics) by extensions ['python_setup_py']
[0.311s] Level 1:colcon.colcon_core.package_identification:_identify(Agricultural_Bot/ros2_ws/src/agri_base_kinematics) by extension 'python_setup_py'
[0.311s] Level 1:colcon.colcon_core.package_identification:_identify(Agricultural_Bot/ros2_ws/src/agri_base_kinematics/agri_base_kinematics) by extensions ['ignore', 'ignore_ament_install']
[0.311s] Level 1:colcon.colcon_core.package_identification:_identify(Agricultural_Bot/ros2_ws/src/agri_base_kinematics/agri_base_kinematics) by extension 'ignore'
[0.311s] Level 1:colcon.colcon_core.package_identification:_identify(Agricultural_Bot/ros2_ws/src/agri_base_kinematics/agri_base_kinematics) by extension 'ignore_ament_install'
[0.311s] Level 1:colcon.colcon_core.package_identification:_identify(Agricultural_Bot/ros2_ws/src/agri_base_kinematics/agri_base_kinematics) by extensions ['colcon_pkg']
[0.311s] Level 1:colcon.colcon_core.package_identification:_identify(Agricultural_Bot/ros2_ws/src/agri_base_kinematics/agri_base_kinematics) by extension 'colcon_pkg'
[0.311s] Level 1:colcon.colcon_core.package_identification:_identify(Agricultural_Bot/ros2_ws/src/agri_base_kinematics/agri_base_kinematics) by extensions ['colcon_meta']
[0.311s] Level 1:colcon.colcon_core.package_identification:_identify(Agricultural_Bot/ros2_ws/src/agri_base_kinematics/agri_base_kinematics) by extension 'colcon_meta'
[0.311s] Level 1:colcon.colcon_core.package_identification:_identify(Agricultural_Bot/ros2_ws/src/agri_base_kinematics/agri_base_kinematics) by extensions ['ros']
[0.311s] Level 1:colcon.colcon_core.package_identification:_identify(Agricultural_Bot/ros2_ws/src/agri_base_kinematics/agri_base_kinematics) by extension 'ros'
[0.312s] Level 1:colcon.colcon_core.package_identification:_identify(Agricultural_Bot/ros2_ws/src/agri_base_kinematics/agri_base_kinematics) by extensions ['cmake', 'python']
[0.312s] Level 1:colcon.colcon_core.package_identification:_identify(Agricultural_Bot/ros2_ws/src/agri_base_kinematics/agri_base_kinematics) by extension 'cmake'
[0.312s] Level 1:colcon.colcon_core.package_identification:_identify(Agricultural_Bot/ros2_ws/src/agri_base_kinematics/agri_base_kinematics) by extension 'python'
[0.312s] Level 1:colcon.colcon_core.package_identification:_identify(Agricultural_Bot/ros2_ws/src/agri_base_kinematics/agri_base_kinematics) by extensions ['python_setup_py']
[0.312s] Level 1:colcon.colcon_core.package_identification:_identify(Agricultural_Bot/ros2_ws/src/agri_base_kinematics/agri_base_kinematics) by extension 'python_setup_py'
[0.312s] Level 1:colcon.colcon_core.package_identification:_identify(Agricultural_Bot/ros2_ws/src/agri_base_kinematics/config) by extensions ['ignore', 'ignore_ament_install']
[0.312s] Level 1:colcon.colcon_core.package_identification:_identify(Agricultural_Bot/ros2_ws/src/agri_base_kinematics/config) by extension 'ignore'
[0.312s] Level 1:colcon.colcon_core.package_identification:_identify(Agricultural_Bot/ros2_ws/src/agri_base_kinematics/config) by extension 'ignore_ament_install'
[0.312s] Level 1:colcon.colcon_core.package_identification:_identify(Agricultural_Bot/ros2_ws/src/agri_base_kinematics/config) by extensions ['colcon_pkg']
[0.312s] Level 1:colcon.colcon_core.package_identification:_identify(Agricultural_Bot/ros2_ws/src/agri_base_kinematics/config) by extension 'colcon_pkg'
[0.312s] Level 1:colcon.colcon_core.package_identification:_identify(Agricultural_Bot/ros2_ws/src/agri_base_kinematics/config) by extensions ['colcon_meta']
[0.312s] Level 1:colcon.colcon_core.package_identification:_identify(Agricultural_Bot/ros2_ws/src/agri_base_kinematics/config) by extension 'colcon_meta'
[0.312s] Level 1:colcon.colcon_core.package_identification:_identify(Agricultural_Bot/ros2_ws/src/agri_base_kinematics/config) by extensions ['ros']
[0.312s] Level 1:colcon.colcon_core.package_identification:_identify(Agricultural_Bot/ros2_ws/src/agri_base_kinematics/config) by extension 'ros'
[0.312s] Level 1:colcon.colcon_core.package_identification:_identify(Agricultural_Bot/ros2_ws/src/agri_base_kinematics/config) by extensions ['cmake', 'python']
[0.312s] Level 1:colcon.colcon_core.package_identification:_identify(Agricultural_Bot/ros2_ws/src/agri_base_kinematics/config) by extension 'cmake'
[0.312s] Level 1:colcon.colcon_core.package_identification:_identify(Agricultural_Bot/ros2_ws/src/agri_base_kinematics/config) by extension 'python'
[0.312s] Level 1:colcon.colcon_core.package_identification:_identify(Agricultural_Bot/ros2_ws/src/agri_base_kinematics/config) by extensions ['python_setup_py']
[0.312s] Level 1:colcon.colcon_core.package_identification:_identify(Agricultural_Bot/ros2_ws/src/agri_base_kinematics/config) by extension 'python_setup_py'
[0.312s] Level 1:colcon.colcon_core.package_identification:_identify(Agricultural_Bot/ros2_ws/src/agri_base_kinematics/launch) by extensions ['ignore', 'ignore_ament_install']
[0.312s] Level 1:colcon.colcon_core.package_identification:_identify(Agricultural_Bot/ros2_ws/src/agri_base_kinematics/launch) by extension 'ignore'
[0.312s] Level 1:colcon.colcon_core.package_identification:_identify(Agricultural_Bot/ros2_ws/src/agri_base_kinematics/launch) by extension 'ignore_ament_install'
[0.312s] Level 1:colcon.colcon_core.package_identification:_identify(Agricultural_Bot/ros2_ws/src/agri_base_kinematics/launch) by extensions ['colcon_pkg']
[0.312s] Level 1:colcon.colcon_core.package_identification:_identify(Agricultural_Bot/ros2_ws/src/agri_base_kinematics/launch) by extension 'colcon_pkg'
[0.312s] Level 1:colcon.colcon_core.package_identification:_identify(Agricultural_Bot/ros2_ws/src/agri_base_kinematics/launch) by extensions ['colcon_meta']
[0.312s] Level 1:colcon.colcon_core.package_identification:_identify(Agricultural_Bot/ros2_ws/src/agri_base_kinematics/launch) by extension 'colcon_meta'
[0.312s] Level 1:colcon.colcon_core.package_identification:_identify(Agricultural_Bot/ros2_ws/src/agri_base_kinematics/launch) by extensions ['ros']
[0.312s] Level 1:colcon.colcon_core.package_identification:_identify(Agricultural_Bot/ros2_ws/src/agri_base_kinematics/launch) by extension 'ros'
[0.312s] Level 1:colcon.colcon_core.package_identification:_identify(Agricultural_Bot/ros2_ws/src/agri_base_kinematics/launch) by extensions ['cmake', 'python']
[0.312s] Level 1:colcon.colcon_core.package_identification:_identify(Agricultural_Bot/ros2_ws/src/agri_base_kinematics/launch) by extension 'cmake'
[0.312s] Level 1:colcon.colcon_core.package_identification:_identify(Agricultural_Bot/ros2_ws/src/agri_base_kinematics/launch) by extension 'python'
[0.312s] Level 1:colcon.colcon_core.package_identification:_identify(Agricultural_Bot/ros2_ws/src/agri_base_kinematics/launch) by extensions ['python_setup_py']
[0.312s] Level 1:colcon.colcon_core.package_identification:_identify(Agricultural_Bot/ros2_ws/src/agri_base_kinematics/launch) by extension 'python_setup_py'
[0.312s] Level 1:colcon.colcon_core.package_identification:_identify(Agricultural_Bot/ros2_ws/src/agri_base_kinematics/test) by extensions ['ignore', 'ignore_ament_install']
[0.312s] Level 1:colcon.colcon_core.package_identification:_identify(Agricultural_Bot/ros2_ws/src/agri_base_kinematics/test) by extension 'ignore'
[0.312s] Level 1:colcon.colcon_core.package_identification:_identify(Agricultural_Bot/ros2_ws/src/agri_base_kinematics/test) by extension 'ignore_ament_install'
[0.312s] Level 1:colcon.colcon_core.package_identification:_identify(Agricultural_Bot/ros2_ws/src/agri_base_kinematics/test) by extensions ['colcon_pkg']
[0.312s] Level 1:colcon.colcon_core.package_identification:_identify(Agricultural_Bot/ros2_ws/src/agri_base_kinematics/test) by extension 'colcon_pkg'
[0.313s] Level 1:colcon.colcon_core.package_identification:_identify(Agricultural_Bot/ros2_ws/src/agri_base_kinematics/test) by extensions ['colcon_meta']
[0.313s] Level 1:colcon.colcon_core.package_identification:_identify(Agricultural_Bot/ros2_ws/src/agri_base_kinematics/test) by extension 'colcon_meta'
[0.313s] Level 1:colcon.colcon_core.package_identification:_identify(Agricultural_Bot/ros2_ws/src/agri_base_kinematics/test) by extensions ['ros']
[0.313s] Level 1:colcon.colcon_core.package_identification:_identify(Agricultural_Bot/ros2_ws/src/agri_base_kinematics/test) by extension 'ros'
[0.313s] Level 1:colcon.colcon_core.package_identification:_identify(Agricultural_Bot/ros2_ws/src/agri_base_kinematics/test) by extensions ['cmake', 'python']
[0.313s] Level 1:colcon.colcon_core.package_identification:_identify(Agricultural_Bot/ros2_ws/src/agri_base_kinematics/test) by extension 'cmake'
[0.313s] Level 1:colcon.colcon_core.package_identification:_identify(Agricultural_Bot/ros2_ws/src/agri_base_kinematics/test) by extension 'python'
[0.313s] Level 1:colcon.colcon_core.package_identification:_identify(Agricultural_Bot/ros2_ws/src/agri_base_kinematics/test) by extensions ['python_setup_py']
[0.313s] Level 1:colcon.colcon_core.package_identification:_identify(Agricultural_Bot/ros2_ws/src/agri_base_kinematics/test) by extension 'python_setup_py'
[0.313s] Level 1:colcon.colcon_core.package_identification:_identify(Agricultural_Bot/ros2_ws/src/agri_bringup) by extensions ['ignore', 'ignore_ament_install']
[0.313s] Level 1:colcon.colcon_core.package_identification:_identify(Agricultural_Bot/ros2_ws/src/agri_bringup) by extension 'ignore'
[0.313s] Level 1:colcon.colcon_core.package_identification:_identify(Agricultural_Bot/ros2_ws/src/agri_bringup) by extension 'ignore_ament_install'
[0.313s] Level 1:colcon.colcon_core.package_identification:_identify(Agricultural_Bot/ros2_ws/src/agri_bringup) by extensions ['colcon_pkg']
[0.313s] Level 1:colcon.colcon_core.package_identification:_identify(Agricultural_Bot/ros2_ws/src/agri_bringup) by extension 'colcon_pkg'
[0.313s] Level 1:colcon.colcon_core.package_identification:_identify(Agricultural_Bot/ros2_ws/src/agri_bringup) by extensions ['colcon_meta']
[0.313s] Level 1:colcon.colcon_core.package_identification:_identify(Agricultural_Bot/ros2_ws/src/agri_bringup) by extension 'colcon_meta'
[0.313s] Level 1:colcon.colcon_core.package_identification:_identify(Agricultural_Bot/ros2_ws/src/agri_bringup) by extensions ['ros']
[0.313s] Level 1:colcon.colcon_core.package_identification:_identify(Agricultural_Bot/ros2_ws/src/agri_bringup) by extension 'ros'
[0.313s] Level 1:colcon.colcon_core.package_identification:_identify(Agricultural_Bot/ros2_ws/src/agri_bringup) by extensions ['cmake', 'python']
[0.313s] Level 1:colcon.colcon_core.package_identification:_identify(Agricultural_Bot/ros2_ws/src/agri_bringup) by extension 'cmake'
[0.313s] Level 1:colcon.colcon_core.package_identification:_identify(Agricultural_Bot/ros2_ws/src/agri_bringup) by extension 'python'
[0.313s] Level 1:colcon.colcon_core.package_identification:_identify(Agricultural_Bot/ros2_ws/src/agri_bringup) by extensions ['python_setup_py']
[0.313s] Level 1:colcon.colcon_core.package_identification:_identify(Agricultural_Bot/ros2_ws/src/agri_bringup) by extension 'python_setup_py'
[0.313s] Level 1:colcon.colcon_core.package_identification:_identify(Agricultural_Bot/ros2_ws/src/agri_bringup/config) by extensions ['ignore', 'ignore_ament_install']
[0.313s] Level 1:colcon.colcon_core.package_identification:_identify(Agricultural_Bot/ros2_ws/src/agri_bringup/config) by extension 'ignore'
[0.313s] Level 1:colcon.colcon_core.package_identification:_identify(Agricultural_Bot/ros2_ws/src/agri_bringup/config) by extension 'ignore_ament_install'
[0.313s] Level 1:colcon.colcon_core.package_identification:_identify(Agricultural_Bot/ros2_ws/src/agri_bringup/config) by extensions ['colcon_pkg']
[0.313s] Level 1:colcon.colcon_core.package_identification:_identify(Agricultural_Bot/ros2_ws/src/agri_bringup/config) by extension 'colcon_pkg'
[0.313s] Level 1:colcon.colcon_core.package_identification:_identify(Agricultural_Bot/ros2_ws/src/agri_bringup/config) by extensions ['colcon_meta']
[0.313s] Level 1:colcon.colcon_core.package_identification:_identify(Agricultural_Bot/ros2_ws/src/agri_bringup/config) by extension 'colcon_meta'
[0.313s] Level 1:colcon.colcon_core.package_identification:_identify(Agricultural_Bot/ros2_ws/src/agri_bringup/config) by extensions ['ros']
[0.313s] Level 1:colcon.colcon_core.package_identification:_identify(Agricultural_Bot/ros2_ws/src/agri_bringup/config) by extension 'ros'
[0.313s] Level 1:colcon.colcon_core.package_identification:_identify(Agricultural_Bot/ros2_ws/src/agri_bringup/config) by extensions ['cmake', 'python']
[0.313s] Level 1:colcon.colcon_core.package_identification:_identify(Agricultural_Bot/ros2_ws/src/agri_bringup/config) by extension 'cmake'
[0.313s] Level 1:colcon.colcon_core.package_identification:_identify(Agricultural_Bot/ros2_ws/src/agri_bringup/config) by extension 'python'
[0.313s] Level 1:colcon.colcon_core.package_identification:_identify(Agricultural_Bot/ros2_ws/src/agri_bringup/config) by extensions ['python_setup_py']
[0.313s] Level 1:colcon.colcon_core.package_identification:_identify(Agricultural_Bot/ros2_ws/src/agri_bringup/config) by extension 'python_setup_py'
[0.313s] Level 1:colcon.colcon_core.package_identification:_identify(Agricultural_Bot/ros2_ws/src/agri_bringup/launch) by extensions ['ignore', 'ignore_ament_install']
[0.314s] Level 1:colcon.colcon_core.package_identification:_identify(Agricultural_Bot/ros2_ws/src/agri_bringup/launch) by extension 'ignore'
[0.314s] Level 1:colcon.colcon_core.package_identification:_identify(Agricultural_Bot/ros2_ws/src/agri_bringup/launch) by extension 'ignore_ament_install'
[0.314s] Level 1:colcon.colcon_core.package_identification:_identify(Agricultural_Bot/ros2_ws/src/agri_bringup/launch) by extensions ['colcon_pkg']
[0.314s] Level 1:colcon.colcon_core.package_identification:_identify(Agricultural_Bot/ros2_ws/src/agri_bringup/launch) by extension 'colcon_pkg'
[0.314s] Level 1:colcon.colcon_core.package_identification:_identify(Agricultural_Bot/ros2_ws/src/agri_bringup/launch) by extensions ['colcon_meta']
[0.314s] Level 1:colcon.colcon_core.package_identification:_identify(Agricultural_Bot/ros2_ws/src/agri_bringup/launch) by extension 'colcon_meta'
[0.314s] Level 1:colcon.colcon_core.package_identification:_identify(Agricultural_Bot/ros2_ws/src/agri_bringup/launch) by extensions ['ros']
[0.314s] Level 1:colcon.colcon_core.package_identification:_identify(Agricultural_Bot/ros2_ws/src/agri_bringup/launch) by extension 'ros'
[0.314s] Level 1:colcon.colcon_core.package_identification:_identify(Agricultural_Bot/ros2_ws/src/agri_bringup/launch) by extensions ['cmake', 'python']
[0.314s] Level 1:colcon.colcon_core.package_identification:_identify(Agricultural_Bot/ros2_ws/src/agri_bringup/launch) by extension 'cmake'
[0.314s] Level 1:colcon.colcon_core.package_identification:_identify(Agricultural_Bot/ros2_ws/src/agri_bringup/launch) by extension 'python'
[0.314s] Level 1:colcon.colcon_core.package_identification:_identify(Agricultural_Bot/ros2_ws/src/agri_bringup/launch) by extensions ['python_setup_py']
[0.314s] Level 1:colcon.colcon_core.package_identification:_identify(Agricultural_Bot/ros2_ws/src/agri_bringup/launch) by extension 'python_setup_py'
[0.314s] Level 1:colcon.colcon_core.package_identification:_identify(Agricultural_Bot/ros2_ws/src/agri_bringup/test) by extensions ['ignore', 'ignore_ament_install']
[0.314s] Level 1:colcon.colcon_core.package_identification:_identify(Agricultural_Bot/ros2_ws/src/agri_bringup/test) by extension 'ignore'
[0.314s] Level 1:colcon.colcon_core.package_identification:_identify(Agricultural_Bot/ros2_ws/src/agri_bringup/test) by extension 'ignore_ament_install'
[0.314s] Level 1:colcon.colcon_core.package_identification:_identify(Agricultural_Bot/ros2_ws/src/agri_bringup/test) by extensions ['colcon_pkg']
[0.314s] Level 1:colcon.colcon_core.package_identification:_identify(Agricultural_Bot/ros2_ws/src/agri_bringup/test) by extension 'colcon_pkg'
[0.314s] Level 1:colcon.colcon_core.package_identification:_identify(Agricultural_Bot/ros2_ws/src/agri_bringup/test) by extensions ['colcon_meta']
[0.314s] Level 1:colcon.colcon_core.package_identification:_identify(Agricultural_Bot/ros2_ws/src/agri_bringup/test) by extension 'colcon_meta'
[0.314s] Level 1:colcon.colcon_core.package_identification:_identify(Agricultural_Bot/ros2_ws/src/agri_bringup/test) by extensions ['ros']
[0.314s] Level 1:colcon.colcon_core.package_identification:_identify(Agricultural_Bot/ros2_ws/src/agri_bringup/test) by extension 'ros'
[0.314s] Level 1:colcon.colcon_core.package_identification:_identify(Agricultural_Bot/ros2_ws/src/agri_bringup/test) by extensions ['cmake', 'python']
[0.314s] Level 1:colcon.colcon_core.package_identification:_identify(Agricultural_Bot/ros2_ws/src/agri_bringup/test) by extension 'cmake'
[0.314s] Level 1:colcon.colcon_core.package_identification:_identify(Agricultural_Bot/ros2_ws/src/agri_bringup/test) by extension 'python'
[0.314s] Level 1:colcon.colcon_core.package_identification:_identify(Agricultural_Bot/ros2_ws/src/agri_bringup/test) by extensions ['python_setup_py']
[0.314s] Level 1:colcon.colcon_core.package_identification:_identify(Agricultural_Bot/ros2_ws/src/agri_bringup/test) by extension 'python_setup_py'
[0.314s] Level 1:colcon.colcon_core.package_identification:_identify(Agricultural_Bot/ros2_ws/src/agri_camera_adapter) by extensions ['ignore', 'ignore_ament_install']
[0.314s] Level 1:colcon.colcon_core.package_identification:_identify(Agricultural_Bot/ros2_ws/src/agri_camera_adapter) by extension 'ignore'
[0.314s] Level 1:colcon.colcon_core.package_identification:_identify(Agricultural_Bot/ros2_ws/src/agri_camera_adapter) by extension 'ignore_ament_install'
[0.314s] Level 1:colcon.colcon_core.package_identification:_identify(Agricultural_Bot/ros2_ws/src/agri_camera_adapter) by extensions ['colcon_pkg']
[0.314s] Level 1:colcon.colcon_core.package_identification:_identify(Agricultural_Bot/ros2_ws/src/agri_camera_adapter) by extension 'colcon_pkg'
[0.314s] Level 1:colcon.colcon_core.package_identification:_identify(Agricultural_Bot/ros2_ws/src/agri_camera_adapter) by extensions ['colcon_meta']
[0.314s] Level 1:colcon.colcon_core.package_identification:_identify(Agricultural_Bot/ros2_ws/src/agri_camera_adapter) by extension 'colcon_meta'
[0.314s] Level 1:colcon.colcon_core.package_identification:_identify(Agricultural_Bot/ros2_ws/src/agri_camera_adapter) by extensions ['ros']
[0.314s] Level 1:colcon.colcon_core.package_identification:_identify(Agricultural_Bot/ros2_ws/src/agri_camera_adapter) by extension 'ros'
[0.315s] Level 1:colcon.colcon_core.package_identification:_identify(Agricultural_Bot/ros2_ws/src/agri_camera_adapter) by extensions ['cmake', 'python']
[0.315s] Level 1:colcon.colcon_core.package_identification:_identify(Agricultural_Bot/ros2_ws/src/agri_camera_adapter) by extension 'cmake'
[0.315s] Level 1:colcon.colcon_core.package_identification:_identify(Agricultural_Bot/ros2_ws/src/agri_camera_adapter) by extension 'python'
[0.315s] Level 1:colcon.colcon_core.package_identification:_identify(Agricultural_Bot/ros2_ws/src/agri_camera_adapter) by extensions ['python_setup_py']
[0.315s] Level 1:colcon.colcon_core.package_identification:_identify(Agricultural_Bot/ros2_ws/src/agri_camera_adapter) by extension 'python_setup_py'
[0.315s] Level 1:colcon.colcon_core.package_identification:_identify(Agricultural_Bot/ros2_ws/src/agri_camera_adapter/agri_camera_adapter) by extensions ['ignore', 'ignore_ament_install']
[0.315s] Level 1:colcon.colcon_core.package_identification:_identify(Agricultural_Bot/ros2_ws/src/agri_camera_adapter/agri_camera_adapter) by extension 'ignore'
[0.315s] Level 1:colcon.colcon_core.package_identification:_identify(Agricultural_Bot/ros2_ws/src/agri_camera_adapter/agri_camera_adapter) by extension 'ignore_ament_install'
[0.315s] Level 1:colcon.colcon_core.package_identification:_identify(Agricultural_Bot/ros2_ws/src/agri_camera_adapter/agri_camera_adapter) by extensions ['colcon_pkg']
[0.315s] Level 1:colcon.colcon_core.package_identification:_identify(Agricultural_Bot/ros2_ws/src/agri_camera_adapter/agri_camera_adapter) by extension 'colcon_pkg'
[0.315s] Level 1:colcon.colcon_core.package_identification:_identify(Agricultural_Bot/ros2_ws/src/agri_camera_adapter/agri_camera_adapter) by extensions ['colcon_meta']
[0.315s] Level 1:colcon.colcon_core.package_identification:_identify(Agricultural_Bot/ros2_ws/src/agri_camera_adapter/agri_camera_adapter) by extension 'colcon_meta'
[0.315s] Level 1:colcon.colcon_core.package_identification:_identify(Agricultural_Bot/ros2_ws/src/agri_camera_adapter/agri_camera_adapter) by extensions ['ros']
[0.315s] Level 1:colcon.colcon_core.package_identification:_identify(Agricultural_Bot/ros2_ws/src/agri_camera_adapter/agri_camera_adapter) by extension 'ros'
[0.315s] Level 1:colcon.colcon_core.package_identification:_identify(Agricultural_Bot/ros2_ws/src/agri_camera_adapter/agri_camera_adapter) by extensions ['cmake', 'python']
[0.315s] Level 1:colcon.colcon_core.package_identification:_identify(Agricultural_Bot/ros2_ws/src/agri_camera_adapter/agri_camera_adapter) by extension 'cmake'
[0.315s] Level 1:colcon.colcon_core.package_identification:_identify(Agricultural_Bot/ros2_ws/src/agri_camera_adapter/agri_camera_adapter) by extension 'python'
[0.315s] Level 1:colcon.colcon_core.package_identification:_identify(Agricultural_Bot/ros2_ws/src/agri_camera_adapter/agri_camera_adapter) by extensions ['python_setup_py']
[0.315s] Level 1:colcon.colcon_core.package_identification:_identify(Agricultural_Bot/ros2_ws/src/agri_camera_adapter/agri_camera_adapter) by extension 'python_setup_py'
[0.315s] Level 1:colcon.colcon_core.package_identification:_identify(Agricultural_Bot/ros2_ws/src/agri_camera_adapter/config) by extensions ['ignore', 'ignore_ament_install']
[0.315s] Level 1:colcon.colcon_core.package_identification:_identify(Agricultural_Bot/ros2_ws/src/agri_camera_adapter/config) by extension 'ignore'
[0.315s] Level 1:colcon.colcon_core.package_identification:_identify(Agricultural_Bot/ros2_ws/src/agri_camera_adapter/config) by extension 'ignore_ament_install'
[0.315s] Level 1:colcon.colcon_core.package_identification:_identify(Agricultural_Bot/ros2_ws/src/agri_camera_adapter/config) by extensions ['colcon_pkg']
[0.315s] Level 1:colcon.colcon_core.package_identification:_identify(Agricultural_Bot/ros2_ws/src/agri_camera_adapter/config) by extension 'colcon_pkg'
[0.315s] Level 1:colcon.colcon_core.package_identification:_identify(Agricultural_Bot/ros2_ws/src/agri_camera_adapter/config) by extensions ['colcon_meta']
[0.315s] Level 1:colcon.colcon_core.package_identification:_identify(Agricultural_Bot/ros2_ws/src/agri_camera_adapter/config) by extension 'colcon_meta'
[0.315s] Level 1:colcon.colcon_core.package_identification:_identify(Agricultural_Bot/ros2_ws/src/agri_camera_adapter/config) by extensions ['ros']
[0.315s] Level 1:colcon.colcon_core.package_identification:_identify(Agricultural_Bot/ros2_ws/src/agri_camera_adapter/config) by extension 'ros'
[0.315s] Level 1:colcon.colcon_core.package_identification:_identify(Agricultural_Bot/ros2_ws/src/agri_camera_adapter/config) by extensions ['cmake', 'python']
[0.315s] Level 1:colcon.colcon_core.package_identification:_identify(Agricultural_Bot/ros2_ws/src/agri_camera_adapter/config) by extension 'cmake'
[0.315s] Level 1:colcon.colcon_core.package_identification:_identify(Agricultural_Bot/ros2_ws/src/agri_camera_adapter/config) by extension 'python'
[0.315s] Level 1:colcon.colcon_core.package_identification:_identify(Agricultural_Bot/ros2_ws/src/agri_camera_adapter/config) by extensions ['python_setup_py']
[0.315s] Level 1:colcon.colcon_core.package_identification:_identify(Agricultural_Bot/ros2_ws/src/agri_camera_adapter/config) by extension 'python_setup_py'
[0.315s] Level 1:colcon.colcon_core.package_identification:_identify(Agricultural_Bot/ros2_ws/src/agri_camera_adapter/launch) by extensions ['ignore', 'ignore_ament_install']
[0.315s] Level 1:colcon.colcon_core.package_identification:_identify(Agricultural_Bot/ros2_ws/src/agri_camera_adapter/launch) by extension 'ignore'
[0.315s] Level 1:colcon.colcon_core.package_identification:_identify(Agricultural_Bot/ros2_ws/src/agri_camera_adapter/launch) by extension 'ignore_ament_install'
[0.315s] Level 1:colcon.colcon_core.package_identification:_identify(Agricultural_Bot/ros2_ws/src/agri_camera_adapter/launch) by extensions ['colcon_pkg']
[0.315s] Level 1:colcon.colcon_core.package_identification:_identify(Agricultural_Bot/ros2_ws/src/agri_camera_adapter/launch) by extension 'colcon_pkg'
[0.316s] Level 1:colcon.colcon_core.package_identification:_identify(Agricultural_Bot/ros2_ws/src/agri_camera_adapter/launch) by extensions ['colcon_meta']
[0.316s] Level 1:colcon.colcon_core.package_identification:_identify(Agricultural_Bot/ros2_ws/src/agri_camera_adapter/launch) by extension 'colcon_meta'
[0.316s] Level 1:colcon.colcon_core.package_identification:_identify(Agricultural_Bot/ros2_ws/src/agri_camera_adapter/launch) by extensions ['ros']
[0.316s] Level 1:colcon.colcon_core.package_identification:_identify(Agricultural_Bot/ros2_ws/src/agri_camera_adapter/launch) by extension 'ros'
[0.316s] Level 1:colcon.colcon_core.package_identification:_identify(Agricultural_Bot/ros2_ws/src/agri_camera_adapter/launch) by extensions ['cmake', 'python']
[0.316s] Level 1:colcon.colcon_core.package_identification:_identify(Agricultural_Bot/ros2_ws/src/agri_camera_adapter/launch) by extension 'cmake'
[0.316s] Level 1:colcon.colcon_core.package_identification:_identify(Agricultural_Bot/ros2_ws/src/agri_camera_adapter/launch) by extension 'python'
[0.316s] Level 1:colcon.colcon_core.package_identification:_identify(Agricultural_Bot/ros2_ws/src/agri_camera_adapter/launch) by extensions ['python_setup_py']
[0.316s] Level 1:colcon.colcon_core.package_identification:_identify(Agricultural_Bot/ros2_ws/src/agri_camera_adapter/launch) by extension 'python_setup_py'
[0.316s] Level 1:colcon.colcon_core.package_identification:_identify(Agricultural_Bot/ros2_ws/src/agri_camera_adapter/test) by extensions ['ignore', 'ignore_ament_install']
[0.316s] Level 1:colcon.colcon_core.package_identification:_identify(Agricultural_Bot/ros2_ws/src/agri_camera_adapter/test) by extension 'ignore'
[0.316s] Level 1:colcon.colcon_core.package_identification:_identify(Agricultural_Bot/ros2_ws/src/agri_camera_adapter/test) by extension 'ignore_ament_install'
[0.316s] Level 1:colcon.colcon_core.package_identification:_identify(Agricultural_Bot/ros2_ws/src/agri_camera_adapter/test) by extensions ['colcon_pkg']
[0.316s] Level 1:colcon.colcon_core.package_identification:_identify(Agricultural_Bot/ros2_ws/src/agri_camera_adapter/test) by extension 'colcon_pkg'
[0.316s] Level 1:colcon.colcon_core.package_identification:_identify(Agricultural_Bot/ros2_ws/src/agri_camera_adapter/test) by extensions ['colcon_meta']
[0.316s] Level 1:colcon.colcon_core.package_identification:_identify(Agricultural_Bot/ros2_ws/src/agri_camera_adapter/test) by extension 'colcon_meta'
[0.316s] Level 1:colcon.colcon_core.package_identification:_identify(Agricultural_Bot/ros2_ws/src/agri_camera_adapter/test) by extensions ['ros']
[0.316s] Level 1:colcon.colcon_core.package_identification:_identify(Agricultural_Bot/ros2_ws/src/agri_camera_adapter/test) by extension 'ros'
[0.316s] Level 1:colcon.colcon_core.package_identification:_identify(Agricultural_Bot/ros2_ws/src/agri_camera_adapter/test) by extensions ['cmake', 'python']
[0.316s] Level 1:colcon.colcon_core.package_identification:_identify(Agricultural_Bot/ros2_ws/src/agri_camera_adapter/test) by extension 'cmake'
[0.316s] Level 1:colcon.colcon_core.package_identification:_identify(Agricultural_Bot/ros2_ws/src/agri_camera_adapter/test) by extension 'python'
[0.316s] Level 1:colcon.colcon_core.package_identification:_identify(Agricultural_Bot/ros2_ws/src/agri_camera_adapter/test) by extensions ['python_setup_py']
[0.316s] Level 1:colcon.colcon_core.package_identification:_identify(Agricultural_Bot/ros2_ws/src/agri_camera_adapter/test) by extension 'python_setup_py'
[0.316s] Level 1:colcon.colcon_core.package_identification:_identify(Agricultural_Bot/ros2_ws/src/agri_gripper_adapter) by extensions ['ignore', 'ignore_ament_install']
[0.316s] Level 1:colcon.colcon_core.package_identification:_identify(Agricultural_Bot/ros2_ws/src/agri_gripper_adapter) by extension 'ignore'
[0.316s] Level 1:colcon.colcon_core.package_identification:_identify(Agricultural_Bot/ros2_ws/src/agri_gripper_adapter) by extension 'ignore_ament_install'
[0.316s] Level 1:colcon.colcon_core.package_identification:_identify(Agricultural_Bot/ros2_ws/src/agri_gripper_adapter) by extensions ['colcon_pkg']
[0.316s] Level 1:colcon.colcon_core.package_identification:_identify(Agricultural_Bot/ros2_ws/src/agri_gripper_adapter) by extension 'colcon_pkg'
[0.316s] Level 1:colcon.colcon_core.package_identification:_identify(Agricultural_Bot/ros2_ws/src/agri_gripper_adapter) by extensions ['colcon_meta']
[0.316s] Level 1:colcon.colcon_core.package_identification:_identify(Agricultural_Bot/ros2_ws/src/agri_gripper_adapter) by extension 'colcon_meta'
[0.316s] Level 1:colcon.colcon_core.package_identification:_identify(Agricultural_Bot/ros2_ws/src/agri_gripper_adapter) by extensions ['ros']
[0.316s] Level 1:colcon.colcon_core.package_identification:_identify(Agricultural_Bot/ros2_ws/src/agri_gripper_adapter) by extension 'ros'
[0.316s] Level 1:colcon.colcon_core.package_identification:_identify(Agricultural_Bot/ros2_ws/src/agri_gripper_adapter) by extensions ['cmake', 'python']
[0.316s] Level 1:colcon.colcon_core.package_identification:_identify(Agricultural_Bot/ros2_ws/src/agri_gripper_adapter) by extension 'cmake'
[0.316s] Level 1:colcon.colcon_core.package_identification:_identify(Agricultural_Bot/ros2_ws/src/agri_gripper_adapter) by extension 'python'
[0.316s] Level 1:colcon.colcon_core.package_identification:_identify(Agricultural_Bot/ros2_ws/src/agri_gripper_adapter) by extensions ['python_setup_py']
[0.316s] Level 1:colcon.colcon_core.package_identification:_identify(Agricultural_Bot/ros2_ws/src/agri_gripper_adapter) by extension 'python_setup_py'
[0.316s] Level 1:colcon.colcon_core.package_identification:_identify(Agricultural_Bot/ros2_ws/src/agri_gripper_adapter/agri_gripper_adapter) by extensions ['ignore', 'ignore_ament_install']
[0.316s] Level 1:colcon.colcon_core.package_identification:_identify(Agricultural_Bot/ros2_ws/src/agri_gripper_adapter/agri_gripper_adapter) by extension 'ignore'
[0.317s] Level 1:colcon.colcon_core.package_identification:_identify(Agricultural_Bot/ros2_ws/src/agri_gripper_adapter/agri_gripper_adapter) by extension 'ignore_ament_install'
[0.317s] Level 1:colcon.colcon_core.package_identification:_identify(Agricultural_Bot/ros2_ws/src/agri_gripper_adapter/agri_gripper_adapter) by extensions ['colcon_pkg']
[0.317s] Level 1:colcon.colcon_core.package_identification:_identify(Agricultural_Bot/ros2_ws/src/agri_gripper_adapter/agri_gripper_adapter) by extension 'colcon_pkg'
[0.317s] Level 1:colcon.colcon_core.package_identification:_identify(Agricultural_Bot/ros2_ws/src/agri_gripper_adapter/agri_gripper_adapter) by extensions ['colcon_meta']
[0.317s] Level 1:colcon.colcon_core.package_identification:_identify(Agricultural_Bot/ros2_ws/src/agri_gripper_adapter/agri_gripper_adapter) by extension 'colcon_meta'
[0.317s] Level 1:colcon.colcon_core.package_identification:_identify(Agricultural_Bot/ros2_ws/src/agri_gripper_adapter/agri_gripper_adapter) by extensions ['ros']
[0.317s] Level 1:colcon.colcon_core.package_identification:_identify(Agricultural_Bot/ros2_ws/src/agri_gripper_adapter/agri_gripper_adapter) by extension 'ros'
[0.317s] Level 1:colcon.colcon_core.package_identification:_identify(Agricultural_Bot/ros2_ws/src/agri_gripper_adapter/agri_gripper_adapter) by extensions ['cmake', 'python']
[0.317s] Level 1:colcon.colcon_core.package_identification:_identify(Agricultural_Bot/ros2_ws/src/agri_gripper_adapter/agri_gripper_adapter) by extension 'cmake'
[0.317s] Level 1:colcon.colcon_core.package_identification:_identify(Agricultural_Bot/ros2_ws/src/agri_gripper_adapter/agri_gripper_adapter) by extension 'python'
[0.317s] Level 1:colcon.colcon_core.package_identification:_identify(Agricultural_Bot/ros2_ws/src/agri_gripper_adapter/agri_gripper_adapter) by extensions ['python_setup_py']
[0.317s] Level 1:colcon.colcon_core.package_identification:_identify(Agricultural_Bot/ros2_ws/src/agri_gripper_adapter/agri_gripper_adapter) by extension 'python_setup_py'
[0.317s] Level 1:colcon.colcon_core.package_identification:_identify(Agricultural_Bot/ros2_ws/src/agri_gripper_adapter/config) by extensions ['ignore', 'ignore_ament_install']
[0.317s] Level 1:colcon.colcon_core.package_identification:_identify(Agricultural_Bot/ros2_ws/src/agri_gripper_adapter/config) by extension 'ignore'
[0.317s] Level 1:colcon.colcon_core.package_identification:_identify(Agricultural_Bot/ros2_ws/src/agri_gripper_adapter/config) by extension 'ignore_ament_install'
[0.317s] Level 1:colcon.colcon_core.package_identification:_identify(Agricultural_Bot/ros2_ws/src/agri_gripper_adapter/config) by extensions ['colcon_pkg']
[0.317s] Level 1:colcon.colcon_core.package_identification:_identify(Agricultural_Bot/ros2_ws/src/agri_gripper_adapter/config) by extension 'colcon_pkg'
[0.317s] Level 1:colcon.colcon_core.package_identification:_identify(Agricultural_Bot/ros2_ws/src/agri_gripper_adapter/config) by extensions ['colcon_meta']
[0.317s] Level 1:colcon.colcon_core.package_identification:_identify(Agricultural_Bot/ros2_ws/src/agri_gripper_adapter/config) by extension 'colcon_meta'
[0.317s] Level 1:colcon.colcon_core.package_identification:_identify(Agricultural_Bot/ros2_ws/src/agri_gripper_adapter/config) by extensions ['ros']
[0.317s] Level 1:colcon.colcon_core.package_identification:_identify(Agricultural_Bot/ros2_ws/src/agri_gripper_adapter/config) by extension 'ros'
[0.317s] Level 1:colcon.colcon_core.package_identification:_identify(Agricultural_Bot/ros2_ws/src/agri_gripper_adapter/config) by extensions ['cmake', 'python']
[0.317s] Level 1:colcon.colcon_core.package_identification:_identify(Agricultural_Bot/ros2_ws/src/agri_gripper_adapter/config) by extension 'cmake'
[0.317s] Level 1:colcon.colcon_core.package_identification:_identify(Agricultural_Bot/ros2_ws/src/agri_gripper_adapter/config) by extension 'python'
[0.317s] Level 1:colcon.colcon_core.package_identification:_identify(Agricultural_Bot/ros2_ws/src/agri_gripper_adapter/config) by extensions ['python_setup_py']
[0.317s] Level 1:colcon.colcon_core.package_identification:_identify(Agricultural_Bot/ros2_ws/src/agri_gripper_adapter/config) by extension 'python_setup_py'
[0.317s] Level 1:colcon.colcon_core.package_identification:_identify(Agricultural_Bot/ros2_ws/src/agri_gripper_adapter/launch) by extensions ['ignore', 'ignore_ament_install']
[0.317s] Level 1:colcon.colcon_core.package_identification:_identify(Agricultural_Bot/ros2_ws/src/agri_gripper_adapter/launch) by extension 'ignore'
[0.317s] Level 1:colcon.colcon_core.package_identification:_identify(Agricultural_Bot/ros2_ws/src/agri_gripper_adapter/launch) by extension 'ignore_ament_install'
[0.317s] Level 1:colcon.colcon_core.package_identification:_identify(Agricultural_Bot/ros2_ws/src/agri_gripper_adapter/launch) by extensions ['colcon_pkg']
[0.317s] Level 1:colcon.colcon_core.package_identification:_identify(Agricultural_Bot/ros2_ws/src/agri_gripper_adapter/launch) by extension 'colcon_pkg'
[0.317s] Level 1:colcon.colcon_core.package_identification:_identify(Agricultural_Bot/ros2_ws/src/agri_gripper_adapter/launch) by extensions ['colcon_meta']
[0.317s] Level 1:colcon.colcon_core.package_identification:_identify(Agricultural_Bot/ros2_ws/src/agri_gripper_adapter/launch) by extension 'colcon_meta'
[0.317s] Level 1:colcon.colcon_core.package_identification:_identify(Agricultural_Bot/ros2_ws/src/agri_gripper_adapter/launch) by extensions ['ros']
[0.317s] Level 1:colcon.colcon_core.package_identification:_identify(Agricultural_Bot/ros2_ws/src/agri_gripper_adapter/launch) by extension 'ros'
[0.317s] Level 1:colcon.colcon_core.package_identification:_identify(Agricultural_Bot/ros2_ws/src/agri_gripper_adapter/launch) by extensions ['cmake', 'python']
[0.317s] Level 1:colcon.colcon_core.package_identification:_identify(Agricultural_Bot/ros2_ws/src/agri_gripper_adapter/launch) by extension 'cmake'
[0.317s] Level 1:colcon.colcon_core.package_identification:_identify(Agricultural_Bot/ros2_ws/src/agri_gripper_adapter/launch) by extension 'python'
[0.317s] Level 1:colcon.colcon_core.package_identification:_identify(Agricultural_Bot/ros2_ws/src/agri_gripper_adapter/launch) by extensions ['python_setup_py']
[0.318s] Level 1:colcon.colcon_core.package_identification:_identify(Agricultural_Bot/ros2_ws/src/agri_gripper_adapter/launch) by extension 'python_setup_py'
[0.318s] Level 1:colcon.colcon_core.package_identification:_identify(Agricultural_Bot/ros2_ws/src/agri_gripper_adapter/test) by extensions ['ignore', 'ignore_ament_install']
[0.318s] Level 1:colcon.colcon_core.package_identification:_identify(Agricultural_Bot/ros2_ws/src/agri_gripper_adapter/test) by extension 'ignore'
[0.318s] Level 1:colcon.colcon_core.package_identification:_identify(Agricultural_Bot/ros2_ws/src/agri_gripper_adapter/test) by extension 'ignore_ament_install'
[0.318s] Level 1:colcon.colcon_core.package_identification:_identify(Agricultural_Bot/ros2_ws/src/agri_gripper_adapter/test) by extensions ['colcon_pkg']
[0.318s] Level 1:colcon.colcon_core.package_identification:_identify(Agricultural_Bot/ros2_ws/src/agri_gripper_adapter/test) by extension 'colcon_pkg'
[0.318s] Level 1:colcon.colcon_core.package_identification:_identify(Agricultural_Bot/ros2_ws/src/agri_gripper_adapter/test) by extensions ['colcon_meta']
[0.318s] Level 1:colcon.colcon_core.package_identification:_identify(Agricultural_Bot/ros2_ws/src/agri_gripper_adapter/test) by extension 'colcon_meta'
[0.318s] Level 1:colcon.colcon_core.package_identification:_identify(Agricultural_Bot/ros2_ws/src/agri_gripper_adapter/test) by extensions ['ros']
[0.318s] Level 1:colcon.colcon_core.package_identification:_identify(Agricultural_Bot/ros2_ws/src/agri_gripper_adapter/test) by extension 'ros'
[0.318s] Level 1:colcon.colcon_core.package_identification:_identify(Agricultural_Bot/ros2_ws/src/agri_gripper_adapter/test) by extensions ['cmake', 'python']
[0.318s] Level 1:colcon.colcon_core.package_identification:_identify(Agricultural_Bot/ros2_ws/src/agri_gripper_adapter/test) by extension 'cmake'
[0.318s] Level 1:colcon.colcon_core.package_identification:_identify(Agricultural_Bot/ros2_ws/src/agri_gripper_adapter/test) by extension 'python'
[0.318s] Level 1:colcon.colcon_core.package_identification:_identify(Agricultural_Bot/ros2_ws/src/agri_gripper_adapter/test) by extensions ['python_setup_py']
[0.318s] Level 1:colcon.colcon_core.package_identification:_identify(Agricultural_Bot/ros2_ws/src/agri_gripper_adapter/test) by extension 'python_setup_py'
[0.318s] Level 1:colcon.colcon_core.package_identification:_identify(Agricultural_Bot/ros2_ws/src/agri_interfaces) by extensions ['ignore', 'ignore_ament_install']
[0.318s] Level 1:colcon.colcon_core.package_identification:_identify(Agricultural_Bot/ros2_ws/src/agri_interfaces) by extension 'ignore'
[0.318s] Level 1:colcon.colcon_core.package_identification:_identify(Agricultural_Bot/ros2_ws/src/agri_interfaces) by extension 'ignore_ament_install'
[0.318s] Level 1:colcon.colcon_core.package_identification:_identify(Agricultural_Bot/ros2_ws/src/agri_interfaces) by extensions ['colcon_pkg']
[0.318s] Level 1:colcon.colcon_core.package_identification:_identify(Agricultural_Bot/ros2_ws/src/agri_interfaces) by extension 'colcon_pkg'
[0.318s] Level 1:colcon.colcon_core.package_identification:_identify(Agricultural_Bot/ros2_ws/src/agri_interfaces) by extensions ['colcon_meta']
[0.318s] Level 1:colcon.colcon_core.package_identification:_identify(Agricultural_Bot/ros2_ws/src/agri_interfaces) by extension 'colcon_meta'
[0.318s] Level 1:colcon.colcon_core.package_identification:_identify(Agricultural_Bot/ros2_ws/src/agri_interfaces) by extensions ['ros']
[0.318s] Level 1:colcon.colcon_core.package_identification:_identify(Agricultural_Bot/ros2_ws/src/agri_interfaces) by extension 'ros'
[0.318s] Level 1:colcon.colcon_core.package_identification:_identify(Agricultural_Bot/ros2_ws/src/agri_interfaces) by extensions ['cmake', 'python']
[0.318s] Level 1:colcon.colcon_core.package_identification:_identify(Agricultural_Bot/ros2_ws/src/agri_interfaces) by extension 'cmake'
[0.318s] Level 1:colcon.colcon_core.package_identification:_identify(Agricultural_Bot/ros2_ws/src/agri_interfaces) by extension 'python'
[0.318s] Level 1:colcon.colcon_core.package_identification:_identify(Agricultural_Bot/ros2_ws/src/agri_interfaces) by extensions ['python_setup_py']
[0.318s] Level 1:colcon.colcon_core.package_identification:_identify(Agricultural_Bot/ros2_ws/src/agri_interfaces) by extension 'python_setup_py'
[0.318s] Level 1:colcon.colcon_core.package_identification:_identify(Agricultural_Bot/ros2_ws/src/agri_interfaces/action) by extensions ['ignore', 'ignore_ament_install']
[0.318s] Level 1:colcon.colcon_core.package_identification:_identify(Agricultural_Bot/ros2_ws/src/agri_interfaces/action) by extension 'ignore'
[0.318s] Level 1:colcon.colcon_core.package_identification:_identify(Agricultural_Bot/ros2_ws/src/agri_interfaces/action) by extension 'ignore_ament_install'
[0.318s] Level 1:colcon.colcon_core.package_identification:_identify(Agricultural_Bot/ros2_ws/src/agri_interfaces/action) by extensions ['colcon_pkg']
[0.318s] Level 1:colcon.colcon_core.package_identification:_identify(Agricultural_Bot/ros2_ws/src/agri_interfaces/action) by extension 'colcon_pkg'
[0.318s] Level 1:colcon.colcon_core.package_identification:_identify(Agricultural_Bot/ros2_ws/src/agri_interfaces/action) by extensions ['colcon_meta']
[0.318s] Level 1:colcon.colcon_core.package_identification:_identify(Agricultural_Bot/ros2_ws/src/agri_interfaces/action) by extension 'colcon_meta'
[0.318s] Level 1:colcon.colcon_core.package_identification:_identify(Agricultural_Bot/ros2_ws/src/agri_interfaces/action) by extensions ['ros']
[0.318s] Level 1:colcon.colcon_core.package_identification:_identify(Agricultural_Bot/ros2_ws/src/agri_interfaces/action) by extension 'ros'
[0.319s] Level 1:colcon.colcon_core.package_identification:_identify(Agricultural_Bot/ros2_ws/src/agri_interfaces/action) by extensions ['cmake', 'python']
[0.319s] Level 1:colcon.colcon_core.package_identification:_identify(Agricultural_Bot/ros2_ws/src/agri_interfaces/action) by extension 'cmake'
[0.319s] Level 1:colcon.colcon_core.package_identification:_identify(Agricultural_Bot/ros2_ws/src/agri_interfaces/action) by extension 'python'
[0.319s] Level 1:colcon.colcon_core.package_identification:_identify(Agricultural_Bot/ros2_ws/src/agri_interfaces/action) by extensions ['python_setup_py']
[0.319s] Level 1:colcon.colcon_core.package_identification:_identify(Agricultural_Bot/ros2_ws/src/agri_interfaces/action) by extension 'python_setup_py'
[0.319s] Level 1:colcon.colcon_core.package_identification:_identify(Agricultural_Bot/ros2_ws/src/agri_interfaces/msg) by extensions ['ignore', 'ignore_ament_install']
[0.319s] Level 1:colcon.colcon_core.package_identification:_identify(Agricultural_Bot/ros2_ws/src/agri_interfaces/msg) by extension 'ignore'
[0.319s] Level 1:colcon.colcon_core.package_identification:_identify(Agricultural_Bot/ros2_ws/src/agri_interfaces/msg) by extension 'ignore_ament_install'
[0.319s] Level 1:colcon.colcon_core.package_identification:_identify(Agricultural_Bot/ros2_ws/src/agri_interfaces/msg) by extensions ['colcon_pkg']
[0.319s] Level 1:colcon.colcon_core.package_identification:_identify(Agricultural_Bot/ros2_ws/src/agri_interfaces/msg) by extension 'colcon_pkg'
[0.319s] Level 1:colcon.colcon_core.package_identification:_identify(Agricultural_Bot/ros2_ws/src/agri_interfaces/msg) by extensions ['colcon_meta']
[0.319s] Level 1:colcon.colcon_core.package_identification:_identify(Agricultural_Bot/ros2_ws/src/agri_interfaces/msg) by extension 'colcon_meta'
[0.319s] Level 1:colcon.colcon_core.package_identification:_identify(Agricultural_Bot/ros2_ws/src/agri_interfaces/msg) by extensions ['ros']
[0.319s] Level 1:colcon.colcon_core.package_identification:_identify(Agricultural_Bot/ros2_ws/src/agri_interfaces/msg) by extension 'ros'
[0.319s] Level 1:colcon.colcon_core.package_identification:_identify(Agricultural_Bot/ros2_ws/src/agri_interfaces/msg) by extensions ['cmake', 'python']
[0.319s] Level 1:colcon.colcon_core.package_identification:_identify(Agricultural_Bot/ros2_ws/src/agri_interfaces/msg) by extension 'cmake'
[0.319s] Level 1:colcon.colcon_core.package_identification:_identify(Agricultural_Bot/ros2_ws/src/agri_interfaces/msg) by extension 'python'
[0.319s] Level 1:colcon.colcon_core.package_identification:_identify(Agricultural_Bot/ros2_ws/src/agri_interfaces/msg) by extensions ['python_setup_py']
[0.319s] Level 1:colcon.colcon_core.package_identification:_identify(Agricultural_Bot/ros2_ws/src/agri_interfaces/msg) by extension 'python_setup_py'
[0.319s] Level 1:colcon.colcon_core.package_identification:_identify(Agricultural_Bot/ros2_ws/src/agri_interfaces/srv) by extensions ['ignore', 'ignore_ament_install']
[0.319s] Level 1:colcon.colcon_core.package_identification:_identify(Agricultural_Bot/ros2_ws/src/agri_interfaces/srv) by extension 'ignore'
[0.319s] Level 1:colcon.colcon_core.package_identification:_identify(Agricultural_Bot/ros2_ws/src/agri_interfaces/srv) by extension 'ignore_ament_install'
[0.319s] Level 1:colcon.colcon_core.package_identification:_identify(Agricultural_Bot/ros2_ws/src/agri_interfaces/srv) by extensions ['colcon_pkg']
[0.319s] Level 1:colcon.colcon_core.package_identification:_identify(Agricultural_Bot/ros2_ws/src/agri_interfaces/srv) by extension 'colcon_pkg'
[0.319s] Level 1:colcon.colcon_core.package_identification:_identify(Agricultural_Bot/ros2_ws/src/agri_interfaces/srv) by extensions ['colcon_meta']
[0.319s] Level 1:colcon.colcon_core.package_identification:_identify(Agricultural_Bot/ros2_ws/src/agri_interfaces/srv) by extension 'colcon_meta'
[0.319s] Level 1:colcon.colcon_core.package_identification:_identify(Agricultural_Bot/ros2_ws/src/agri_interfaces/srv) by extensions ['ros']
[0.319s] Level 1:colcon.colcon_core.package_identification:_identify(Agricultural_Bot/ros2_ws/src/agri_interfaces/srv) by extension 'ros'
[0.319s] Level 1:colcon.colcon_core.package_identification:_identify(Agricultural_Bot/ros2_ws/src/agri_interfaces/srv) by extensions ['cmake', 'python']
[0.319s] Level 1:colcon.colcon_core.package_identification:_identify(Agricultural_Bot/ros2_ws/src/agri_interfaces/srv) by extension 'cmake'
[0.319s] Level 1:colcon.colcon_core.package_identification:_identify(Agricultural_Bot/ros2_ws/src/agri_interfaces/srv) by extension 'python'
[0.319s] Level 1:colcon.colcon_core.package_identification:_identify(Agricultural_Bot/ros2_ws/src/agri_interfaces/srv) by extensions ['python_setup_py']
[0.319s] Level 1:colcon.colcon_core.package_identification:_identify(Agricultural_Bot/ros2_ws/src/agri_interfaces/srv) by extension 'python_setup_py'
[0.319s] Level 1:colcon.colcon_core.package_identification:_identify(Agricultural_Bot/ros2_ws/src/agri_lidar_adapter) by extensions ['ignore', 'ignore_ament_install']
[0.319s] Level 1:colcon.colcon_core.package_identification:_identify(Agricultural_Bot/ros2_ws/src/agri_lidar_adapter) by extension 'ignore'
[0.319s] Level 1:colcon.colcon_core.package_identification:_identify(Agricultural_Bot/ros2_ws/src/agri_lidar_adapter) by extension 'ignore_ament_install'
[0.319s] Level 1:colcon.colcon_core.package_identification:_identify(Agricultural_Bot/ros2_ws/src/agri_lidar_adapter) by extensions ['colcon_pkg']
[0.319s] Level 1:colcon.colcon_core.package_identification:_identify(Agricultural_Bot/ros2_ws/src/agri_lidar_adapter) by extension 'colcon_pkg'
[0.320s] Level 1:colcon.colcon_core.package_identification:_identify(Agricultural_Bot/ros2_ws/src/agri_lidar_adapter) by extensions ['colcon_meta']
[0.320s] Level 1:colcon.colcon_core.package_identification:_identify(Agricultural_Bot/ros2_ws/src/agri_lidar_adapter) by extension 'colcon_meta'
[0.320s] Level 1:colcon.colcon_core.package_identification:_identify(Agricultural_Bot/ros2_ws/src/agri_lidar_adapter) by extensions ['ros']
[0.320s] Level 1:colcon.colcon_core.package_identification:_identify(Agricultural_Bot/ros2_ws/src/agri_lidar_adapter) by extension 'ros'
[0.320s] Level 1:colcon.colcon_core.package_identification:_identify(Agricultural_Bot/ros2_ws/src/agri_lidar_adapter) by extensions ['cmake', 'python']
[0.320s] Level 1:colcon.colcon_core.package_identification:_identify(Agricultural_Bot/ros2_ws/src/agri_lidar_adapter) by extension 'cmake'
[0.320s] Level 1:colcon.colcon_core.package_identification:_identify(Agricultural_Bot/ros2_ws/src/agri_lidar_adapter) by extension 'python'
[0.320s] Level 1:colcon.colcon_core.package_identification:_identify(Agricultural_Bot/ros2_ws/src/agri_lidar_adapter) by extensions ['python_setup_py']
[0.320s] Level 1:colcon.colcon_core.package_identification:_identify(Agricultural_Bot/ros2_ws/src/agri_lidar_adapter) by extension 'python_setup_py'
[0.320s] Level 1:colcon.colcon_core.package_identification:_identify(Agricultural_Bot/ros2_ws/src/agri_lidar_adapter/agri_lidar_adapter) by extensions ['ignore', 'ignore_ament_install']
[0.320s] Level 1:colcon.colcon_core.package_identification:_identify(Agricultural_Bot/ros2_ws/src/agri_lidar_adapter/agri_lidar_adapter) by extension 'ignore'
[0.320s] Level 1:colcon.colcon_core.package_identification:_identify(Agricultural_Bot/ros2_ws/src/agri_lidar_adapter/agri_lidar_adapter) by extension 'ignore_ament_install'
[0.320s] Level 1:colcon.colcon_core.package_identification:_identify(Agricultural_Bot/ros2_ws/src/agri_lidar_adapter/agri_lidar_adapter) by extensions ['colcon_pkg']
[0.320s] Level 1:colcon.colcon_core.package_identification:_identify(Agricultural_Bot/ros2_ws/src/agri_lidar_adapter/agri_lidar_adapter) by extension 'colcon_pkg'
[0.320s] Level 1:colcon.colcon_core.package_identification:_identify(Agricultural_Bot/ros2_ws/src/agri_lidar_adapter/agri_lidar_adapter) by extensions ['colcon_meta']
[0.320s] Level 1:colcon.colcon_core.package_identification:_identify(Agricultural_Bot/ros2_ws/src/agri_lidar_adapter/agri_lidar_adapter) by extension 'colcon_meta'
[0.320s] Level 1:colcon.colcon_core.package_identification:_identify(Agricultural_Bot/ros2_ws/src/agri_lidar_adapter/agri_lidar_adapter) by extensions ['ros']
[0.320s] Level 1:colcon.colcon_core.package_identification:_identify(Agricultural_Bot/ros2_ws/src/agri_lidar_adapter/agri_lidar_adapter) by extension 'ros'
[0.320s] Level 1:colcon.colcon_core.package_identification:_identify(Agricultural_Bot/ros2_ws/src/agri_lidar_adapter/agri_lidar_adapter) by extensions ['cmake', 'python']
[0.320s] Level 1:colcon.colcon_core.package_identification:_identify(Agricultural_Bot/ros2_ws/src/agri_lidar_adapter/agri_lidar_adapter) by extension 'cmake'
[0.320s] Level 1:colcon.colcon_core.package_identification:_identify(Agricultural_Bot/ros2_ws/src/agri_lidar_adapter/agri_lidar_adapter) by extension 'python'
[0.320s] Level 1:colcon.colcon_core.package_identification:_identify(Agricultural_Bot/ros2_ws/src/agri_lidar_adapter/agri_lidar_adapter) by extensions ['python_setup_py']
[0.320s] Level 1:colcon.colcon_core.package_identification:_identify(Agricultural_Bot/ros2_ws/src/agri_lidar_adapter/agri_lidar_adapter) by extension 'python_setup_py'
[0.320s] Level 1:colcon.colcon_core.package_identification:_identify(Agricultural_Bot/ros2_ws/src/agri_lidar_adapter/config) by extensions ['ignore', 'ignore_ament_install']
[0.320s] Level 1:colcon.colcon_core.package_identification:_identify(Agricultural_Bot/ros2_ws/src/agri_lidar_adapter/config) by extension 'ignore'
[0.320s] Level 1:colcon.colcon_core.package_identification:_identify(Agricultural_Bot/ros2_ws/src/agri_lidar_adapter/config) by extension 'ignore_ament_install'
[0.320s] Level 1:colcon.colcon_core.package_identification:_identify(Agricultural_Bot/ros2_ws/src/agri_lidar_adapter/config) by extensions ['colcon_pkg']
[0.320s] Level 1:colcon.colcon_core.package_identification:_identify(Agricultural_Bot/ros2_ws/src/agri_lidar_adapter/config) by extension 'colcon_pkg'
[0.320s] Level 1:colcon.colcon_core.package_identification:_identify(Agricultural_Bot/ros2_ws/src/agri_lidar_adapter/config) by extensions ['colcon_meta']
[0.320s] Level 1:colcon.colcon_core.package_identification:_identify(Agricultural_Bot/ros2_ws/src/agri_lidar_adapter/config) by extension 'colcon_meta'
[0.320s] Level 1:colcon.colcon_core.package_identification:_identify(Agricultural_Bot/ros2_ws/src/agri_lidar_adapter/config) by extensions ['ros']
[0.320s] Level 1:colcon.colcon_core.package_identification:_identify(Agricultural_Bot/ros2_ws/src/agri_lidar_adapter/config) by extension 'ros'
[0.320s] Level 1:colcon.colcon_core.package_identification:_identify(Agricultural_Bot/ros2_ws/src/agri_lidar_adapter/config) by extensions ['cmake', 'python']
[0.320s] Level 1:colcon.colcon_core.package_identification:_identify(Agricultural_Bot/ros2_ws/src/agri_lidar_adapter/config) by extension 'cmake'
[0.320s] Level 1:colcon.colcon_core.package_identification:_identify(Agricultural_Bot/ros2_ws/src/agri_lidar_adapter/config) by extension 'python'
[0.320s] Level 1:colcon.colcon_core.package_identification:_identify(Agricultural_Bot/ros2_ws/src/agri_lidar_adapter/config) by extensions ['python_setup_py']
[0.320s] Level 1:colcon.colcon_core.package_identification:_identify(Agricultural_Bot/ros2_ws/src/agri_lidar_adapter/config) by extension 'python_setup_py'
[0.320s] Level 1:colcon.colcon_core.package_identification:_identify(Agricultural_Bot/ros2_ws/src/agri_lidar_adapter/launch) by extensions ['ignore', 'ignore_ament_install']
[0.320s] Level 1:colcon.colcon_core.package_identification:_identify(Agricultural_Bot/ros2_ws/src/agri_lidar_adapter/launch) by extension 'ignore'
[0.321s] Level 1:colcon.colcon_core.package_identification:_identify(Agricultural_Bot/ros2_ws/src/agri_lidar_adapter/launch) by extension 'ignore_ament_install'
[0.321s] Level 1:colcon.colcon_core.package_identification:_identify(Agricultural_Bot/ros2_ws/src/agri_lidar_adapter/launch) by extensions ['colcon_pkg']
[0.321s] Level 1:colcon.colcon_core.package_identification:_identify(Agricultural_Bot/ros2_ws/src/agri_lidar_adapter/launch) by extension 'colcon_pkg'
[0.321s] Level 1:colcon.colcon_core.package_identification:_identify(Agricultural_Bot/ros2_ws/src/agri_lidar_adapter/launch) by extensions ['colcon_meta']
[0.321s] Level 1:colcon.colcon_core.package_identification:_identify(Agricultural_Bot/ros2_ws/src/agri_lidar_adapter/launch) by extension 'colcon_meta'
[0.321s] Level 1:colcon.colcon_core.package_identification:_identify(Agricultural_Bot/ros2_ws/src/agri_lidar_adapter/launch) by extensions ['ros']
[0.321s] Level 1:colcon.colcon_core.package_identification:_identify(Agricultural_Bot/ros2_ws/src/agri_lidar_adapter/launch) by extension 'ros'
[0.321s] Level 1:colcon.colcon_core.package_identification:_identify(Agricultural_Bot/ros2_ws/src/agri_lidar_adapter/launch) by extensions ['cmake', 'python']
[0.321s] Level 1:colcon.colcon_core.package_identification:_identify(Agricultural_Bot/ros2_ws/src/agri_lidar_adapter/launch) by extension 'cmake'
[0.321s] Level 1:colcon.colcon_core.package_identification:_identify(Agricultural_Bot/ros2_ws/src/agri_lidar_adapter/launch) by extension 'python'
[0.321s] Level 1:colcon.colcon_core.package_identification:_identify(Agricultural_Bot/ros2_ws/src/agri_lidar_adapter/launch) by extensions ['python_setup_py']
[0.321s] Level 1:colcon.colcon_core.package_identification:_identify(Agricultural_Bot/ros2_ws/src/agri_lidar_adapter/launch) by extension 'python_setup_py'
[0.321s] Level 1:colcon.colcon_core.package_identification:_identify(Agricultural_Bot/ros2_ws/src/agri_lidar_adapter/test) by extensions ['ignore', 'ignore_ament_install']
[0.321s] Level 1:colcon.colcon_core.package_identification:_identify(Agricultural_Bot/ros2_ws/src/agri_lidar_adapter/test) by extension 'ignore'
[0.321s] Level 1:colcon.colcon_core.package_identification:_identify(Agricultural_Bot/ros2_ws/src/agri_lidar_adapter/test) by extension 'ignore_ament_install'
[0.321s] Level 1:colcon.colcon_core.package_identification:_identify(Agricultural_Bot/ros2_ws/src/agri_lidar_adapter/test) by extensions ['colcon_pkg']
[0.321s] Level 1:colcon.colcon_core.package_identification:_identify(Agricultural_Bot/ros2_ws/src/agri_lidar_adapter/test) by extension 'colcon_pkg'
[0.321s] Level 1:colcon.colcon_core.package_identification:_identify(Agricultural_Bot/ros2_ws/src/agri_lidar_adapter/test) by extensions ['colcon_meta']
[0.321s] Level 1:colcon.colcon_core.package_identification:_identify(Agricultural_Bot/ros2_ws/src/agri_lidar_adapter/test) by extension 'colcon_meta'
[0.321s] Level 1:colcon.colcon_core.package_identification:_identify(Agricultural_Bot/ros2_ws/src/agri_lidar_adapter/test) by extensions ['ros']
[0.321s] Level 1:colcon.colcon_core.package_identification:_identify(Agricultural_Bot/ros2_ws/src/agri_lidar_adapter/test) by extension 'ros'
[0.321s] Level 1:colcon.colcon_core.package_identification:_identify(Agricultural_Bot/ros2_ws/src/agri_lidar_adapter/test) by extensions ['cmake', 'python']
[0.321s] Level 1:colcon.colcon_core.package_identification:_identify(Agricultural_Bot/ros2_ws/src/agri_lidar_adapter/test) by extension 'cmake'
[0.321s] Level 1:colcon.colcon_core.package_identification:_identify(Agricultural_Bot/ros2_ws/src/agri_lidar_adapter/test) by extension 'python'
[0.321s] Level 1:colcon.colcon_core.package_identification:_identify(Agricultural_Bot/ros2_ws/src/agri_lidar_adapter/test) by extensions ['python_setup_py']
[0.321s] Level 1:colcon.colcon_core.package_identification:_identify(Agricultural_Bot/ros2_ws/src/agri_lidar_adapter/test) by extension 'python_setup_py'
[0.321s] Level 1:colcon.colcon_core.package_identification:_identify(Agricultural_Bot/ros2_ws/src/agri_manipulation) by extensions ['ignore', 'ignore_ament_install']
[0.321s] Level 1:colcon.colcon_core.package_identification:_identify(Agricultural_Bot/ros2_ws/src/agri_manipulation) by extension 'ignore'
[0.321s] Level 1:colcon.colcon_core.package_identification:_identify(Agricultural_Bot/ros2_ws/src/agri_manipulation) by extension 'ignore_ament_install'
[0.321s] Level 1:colcon.colcon_core.package_identification:_identify(Agricultural_Bot/ros2_ws/src/agri_manipulation) by extensions ['colcon_pkg']
[0.321s] Level 1:colcon.colcon_core.package_identification:_identify(Agricultural_Bot/ros2_ws/src/agri_manipulation) by extension 'colcon_pkg'
[0.321s] Level 1:colcon.colcon_core.package_identification:_identify(Agricultural_Bot/ros2_ws/src/agri_manipulation) by extensions ['colcon_meta']
[0.321s] Level 1:colcon.colcon_core.package_identification:_identify(Agricultural_Bot/ros2_ws/src/agri_manipulation) by extension 'colcon_meta'
[0.321s] Level 1:colcon.colcon_core.package_identification:_identify(Agricultural_Bot/ros2_ws/src/agri_manipulation) by extensions ['ros']
[0.321s] Level 1:colcon.colcon_core.package_identification:_identify(Agricultural_Bot/ros2_ws/src/agri_manipulation) by extension 'ros'
[0.321s] Level 1:colcon.colcon_core.package_identification:_identify(Agricultural_Bot/ros2_ws/src/agri_manipulation) by extensions ['cmake', 'python']
[0.321s] Level 1:colcon.colcon_core.package_identification:_identify(Agricultural_Bot/ros2_ws/src/agri_manipulation) by extension 'cmake'
[0.321s] Level 1:colcon.colcon_core.package_identification:_identify(Agricultural_Bot/ros2_ws/src/agri_manipulation) by extension 'python'
[0.321s] Level 1:colcon.colcon_core.package_identification:_identify(Agricultural_Bot/ros2_ws/src/agri_manipulation) by extensions ['python_setup_py']
[0.321s] Level 1:colcon.colcon_core.package_identification:_identify(Agricultural_Bot/ros2_ws/src/agri_manipulation) by extension 'python_setup_py'
[0.322s] Level 1:colcon.colcon_core.package_identification:_identify(Agricultural_Bot/ros2_ws/src/agri_manipulation/agri_manipulation) by extensions ['ignore', 'ignore_ament_install']
[0.322s] Level 1:colcon.colcon_core.package_identification:_identify(Agricultural_Bot/ros2_ws/src/agri_manipulation/agri_manipulation) by extension 'ignore'
[0.322s] Level 1:colcon.colcon_core.package_identification:_identify(Agricultural_Bot/ros2_ws/src/agri_manipulation/agri_manipulation) by extension 'ignore_ament_install'
[0.322s] Level 1:colcon.colcon_core.package_identification:_identify(Agricultural_Bot/ros2_ws/src/agri_manipulation/agri_manipulation) by extensions ['colcon_pkg']
[0.322s] Level 1:colcon.colcon_core.package_identification:_identify(Agricultural_Bot/ros2_ws/src/agri_manipulation/agri_manipulation) by extension 'colcon_pkg'
[0.322s] Level 1:colcon.colcon_core.package_identification:_identify(Agricultural_Bot/ros2_ws/src/agri_manipulation/agri_manipulation) by extensions ['colcon_meta']
[0.322s] Level 1:colcon.colcon_core.package_identification:_identify(Agricultural_Bot/ros2_ws/src/agri_manipulation/agri_manipulation) by extension 'colcon_meta'
[0.322s] Level 1:colcon.colcon_core.package_identification:_identify(Agricultural_Bot/ros2_ws/src/agri_manipulation/agri_manipulation) by extensions ['ros']
[0.322s] Level 1:colcon.colcon_core.package_identification:_identify(Agricultural_Bot/ros2_ws/src/agri_manipulation/agri_manipulation) by extension 'ros'
[0.322s] Level 1:colcon.colcon_core.package_identification:_identify(Agricultural_Bot/ros2_ws/src/agri_manipulation/agri_manipulation) by extensions ['cmake', 'python']
[0.322s] Level 1:colcon.colcon_core.package_identification:_identify(Agricultural_Bot/ros2_ws/src/agri_manipulation/agri_manipulation) by extension 'cmake'
[0.322s] Level 1:colcon.colcon_core.package_identification:_identify(Agricultural_Bot/ros2_ws/src/agri_manipulation/agri_manipulation) by extension 'python'
[0.322s] Level 1:colcon.colcon_core.package_identification:_identify(Agricultural_Bot/ros2_ws/src/agri_manipulation/agri_manipulation) by extensions ['python_setup_py']
[0.322s] Level 1:colcon.colcon_core.package_identification:_identify(Agricultural_Bot/ros2_ws/src/agri_manipulation/agri_manipulation) by extension 'python_setup_py'
[0.322s] Level 1:colcon.colcon_core.package_identification:_identify(Agricultural_Bot/ros2_ws/src/agri_manipulation/config) by extensions ['ignore', 'ignore_ament_install']
[0.322s] Level 1:colcon.colcon_core.package_identification:_identify(Agricultural_Bot/ros2_ws/src/agri_manipulation/config) by extension 'ignore'
[0.322s] Level 1:colcon.colcon_core.package_identification:_identify(Agricultural_Bot/ros2_ws/src/agri_manipulation/config) by extension 'ignore_ament_install'
[0.322s] Level 1:colcon.colcon_core.package_identification:_identify(Agricultural_Bot/ros2_ws/src/agri_manipulation/config) by extensions ['colcon_pkg']
[0.322s] Level 1:colcon.colcon_core.package_identification:_identify(Agricultural_Bot/ros2_ws/src/agri_manipulation/config) by extension 'colcon_pkg'
[0.322s] Level 1:colcon.colcon_core.package_identification:_identify(Agricultural_Bot/ros2_ws/src/agri_manipulation/config) by extensions ['colcon_meta']
[0.322s] Level 1:colcon.colcon_core.package_identification:_identify(Agricultural_Bot/ros2_ws/src/agri_manipulation/config) by extension 'colcon_meta'
[0.322s] Level 1:colcon.colcon_core.package_identification:_identify(Agricultural_Bot/ros2_ws/src/agri_manipulation/config) by extensions ['ros']
[0.322s] Level 1:colcon.colcon_core.package_identification:_identify(Agricultural_Bot/ros2_ws/src/agri_manipulation/config) by extension 'ros'
[0.322s] Level 1:colcon.colcon_core.package_identification:_identify(Agricultural_Bot/ros2_ws/src/agri_manipulation/config) by extensions ['cmake', 'python']
[0.322s] Level 1:colcon.colcon_core.package_identification:_identify(Agricultural_Bot/ros2_ws/src/agri_manipulation/config) by extension 'cmake'
[0.322s] Level 1:colcon.colcon_core.package_identification:_identify(Agricultural_Bot/ros2_ws/src/agri_manipulation/config) by extension 'python'
[0.322s] Level 1:colcon.colcon_core.package_identification:_identify(Agricultural_Bot/ros2_ws/src/agri_manipulation/config) by extensions ['python_setup_py']
[0.322s] Level 1:colcon.colcon_core.package_identification:_identify(Agricultural_Bot/ros2_ws/src/agri_manipulation/config) by extension 'python_setup_py'
[0.322s] Level 1:colcon.colcon_core.package_identification:_identify(Agricultural_Bot/ros2_ws/src/agri_manipulation/launch) by extensions ['ignore', 'ignore_ament_install']
[0.322s] Level 1:colcon.colcon_core.package_identification:_identify(Agricultural_Bot/ros2_ws/src/agri_manipulation/launch) by extension 'ignore'
[0.322s] Level 1:colcon.colcon_core.package_identification:_identify(Agricultural_Bot/ros2_ws/src/agri_manipulation/launch) by extension 'ignore_ament_install'
[0.322s] Level 1:colcon.colcon_core.package_identification:_identify(Agricultural_Bot/ros2_ws/src/agri_manipulation/launch) by extensions ['colcon_pkg']
[0.322s] Level 1:colcon.colcon_core.package_identification:_identify(Agricultural_Bot/ros2_ws/src/agri_manipulation/launch) by extension 'colcon_pkg'
[0.322s] Level 1:colcon.colcon_core.package_identification:_identify(Agricultural_Bot/ros2_ws/src/agri_manipulation/launch) by extensions ['colcon_meta']
[0.322s] Level 1:colcon.colcon_core.package_identification:_identify(Agricultural_Bot/ros2_ws/src/agri_manipulation/launch) by extension 'colcon_meta'
[0.322s] Level 1:colcon.colcon_core.package_identification:_identify(Agricultural_Bot/ros2_ws/src/agri_manipulation/launch) by extensions ['ros']
[0.322s] Level 1:colcon.colcon_core.package_identification:_identify(Agricultural_Bot/ros2_ws/src/agri_manipulation/launch) by extension 'ros'
[0.322s] Level 1:colcon.colcon_core.package_identification:_identify(Agricultural_Bot/ros2_ws/src/agri_manipulation/launch) by extensions ['cmake', 'python']
[0.323s] Level 1:colcon.colcon_core.package_identification:_identify(Agricultural_Bot/ros2_ws/src/agri_manipulation/launch) by extension 'cmake'
[0.323s] Level 1:colcon.colcon_core.package_identification:_identify(Agricultural_Bot/ros2_ws/src/agri_manipulation/launch) by extension 'python'
[0.323s] Level 1:colcon.colcon_core.package_identification:_identify(Agricultural_Bot/ros2_ws/src/agri_manipulation/launch) by extensions ['python_setup_py']
[0.323s] Level 1:colcon.colcon_core.package_identification:_identify(Agricultural_Bot/ros2_ws/src/agri_manipulation/launch) by extension 'python_setup_py'
[0.323s] Level 1:colcon.colcon_core.package_identification:_identify(Agricultural_Bot/ros2_ws/src/agri_manipulation/test) by extensions ['ignore', 'ignore_ament_install']
[0.323s] Level 1:colcon.colcon_core.package_identification:_identify(Agricultural_Bot/ros2_ws/src/agri_manipulation/test) by extension 'ignore'
[0.323s] Level 1:colcon.colcon_core.package_identification:_identify(Agricultural_Bot/ros2_ws/src/agri_manipulation/test) by extension 'ignore_ament_install'
[0.323s] Level 1:colcon.colcon_core.package_identification:_identify(Agricultural_Bot/ros2_ws/src/agri_manipulation/test) by extensions ['colcon_pkg']
[0.323s] Level 1:colcon.colcon_core.package_identification:_identify(Agricultural_Bot/ros2_ws/src/agri_manipulation/test) by extension 'colcon_pkg'
[0.323s] Level 1:colcon.colcon_core.package_identification:_identify(Agricultural_Bot/ros2_ws/src/agri_manipulation/test) by extensions ['colcon_meta']
[0.323s] Level 1:colcon.colcon_core.package_identification:_identify(Agricultural_Bot/ros2_ws/src/agri_manipulation/test) by extension 'colcon_meta'
[0.323s] Level 1:colcon.colcon_core.package_identification:_identify(Agricultural_Bot/ros2_ws/src/agri_manipulation/test) by extensions ['ros']
[0.323s] Level 1:colcon.colcon_core.package_identification:_identify(Agricultural_Bot/ros2_ws/src/agri_manipulation/test) by extension 'ros'
[0.323s] Level 1:colcon.colcon_core.package_identification:_identify(Agricultural_Bot/ros2_ws/src/agri_manipulation/test) by extensions ['cmake', 'python']
[0.323s] Level 1:colcon.colcon_core.package_identification:_identify(Agricultural_Bot/ros2_ws/src/agri_manipulation/test) by extension 'cmake'
[0.323s] Level 1:colcon.colcon_core.package_identification:_identify(Agricultural_Bot/ros2_ws/src/agri_manipulation/test) by extension 'python'
[0.323s] Level 1:colcon.colcon_core.package_identification:_identify(Agricultural_Bot/ros2_ws/src/agri_manipulation/test) by extensions ['python_setup_py']
[0.323s] Level 1:colcon.colcon_core.package_identification:_identify(Agricultural_Bot/ros2_ws/src/agri_manipulation/test) by extension 'python_setup_py'
[0.323s] Level 1:colcon.colcon_core.package_identification:_identify(Agricultural_Bot/ros2_ws/src/agri_navigation) by extensions ['ignore', 'ignore_ament_install']
[0.323s] Level 1:colcon.colcon_core.package_identification:_identify(Agricultural_Bot/ros2_ws/src/agri_navigation) by extension 'ignore'
[0.323s] Level 1:colcon.colcon_core.package_identification:_identify(Agricultural_Bot/ros2_ws/src/agri_navigation) by extension 'ignore_ament_install'
[0.323s] Level 1:colcon.colcon_core.package_identification:_identify(Agricultural_Bot/ros2_ws/src/agri_navigation) by extensions ['colcon_pkg']
[0.323s] Level 1:colcon.colcon_core.package_identification:_identify(Agricultural_Bot/ros2_ws/src/agri_navigation) by extension 'colcon_pkg'
[0.323s] Level 1:colcon.colcon_core.package_identification:_identify(Agricultural_Bot/ros2_ws/src/agri_navigation) by extensions ['colcon_meta']
[0.323s] Level 1:colcon.colcon_core.package_identification:_identify(Agricultural_Bot/ros2_ws/src/agri_navigation) by extension 'colcon_meta'
[0.323s] Level 1:colcon.colcon_core.package_identification:_identify(Agricultural_Bot/ros2_ws/src/agri_navigation) by extensions ['ros']
[0.323s] Level 1:colcon.colcon_core.package_identification:_identify(Agricultural_Bot/ros2_ws/src/agri_navigation) by extension 'ros'
[0.323s] Level 1:colcon.colcon_core.package_identification:_identify(Agricultural_Bot/ros2_ws/src/agri_navigation) by extensions ['cmake', 'python']
[0.323s] Level 1:colcon.colcon_core.package_identification:_identify(Agricultural_Bot/ros2_ws/src/agri_navigation) by extension 'cmake'
[0.323s] Level 1:colcon.colcon_core.package_identification:_identify(Agricultural_Bot/ros2_ws/src/agri_navigation) by extension 'python'
[0.323s] Level 1:colcon.colcon_core.package_identification:_identify(Agricultural_Bot/ros2_ws/src/agri_navigation) by extensions ['python_setup_py']
[0.323s] Level 1:colcon.colcon_core.package_identification:_identify(Agricultural_Bot/ros2_ws/src/agri_navigation) by extension 'python_setup_py'
[0.323s] Level 1:colcon.colcon_core.package_identification:_identify(Agricultural_Bot/ros2_ws/src/agri_navigation/agri_navigation) by extensions ['ignore', 'ignore_ament_install']
[0.323s] Level 1:colcon.colcon_core.package_identification:_identify(Agricultural_Bot/ros2_ws/src/agri_navigation/agri_navigation) by extension 'ignore'
[0.324s] Level 1:colcon.colcon_core.package_identification:_identify(Agricultural_Bot/ros2_ws/src/agri_navigation/agri_navigation) by extension 'ignore_ament_install'
[0.324s] Level 1:colcon.colcon_core.package_identification:_identify(Agricultural_Bot/ros2_ws/src/agri_navigation/agri_navigation) by extensions ['colcon_pkg']
[0.324s] Level 1:colcon.colcon_core.package_identification:_identify(Agricultural_Bot/ros2_ws/src/agri_navigation/agri_navigation) by extension 'colcon_pkg'
[0.324s] Level 1:colcon.colcon_core.package_identification:_identify(Agricultural_Bot/ros2_ws/src/agri_navigation/agri_navigation) by extensions ['colcon_meta']
[0.324s] Level 1:colcon.colcon_core.package_identification:_identify(Agricultural_Bot/ros2_ws/src/agri_navigation/agri_navigation) by extension 'colcon_meta'
[0.324s] Level 1:colcon.colcon_core.package_identification:_identify(Agricultural_Bot/ros2_ws/src/agri_navigation/agri_navigation) by extensions ['ros']
[0.324s] Level 1:colcon.colcon_core.package_identification:_identify(Agricultural_Bot/ros2_ws/src/agri_navigation/agri_navigation) by extension 'ros'
[0.324s] Level 1:colcon.colcon_core.package_identification:_identify(Agricultural_Bot/ros2_ws/src/agri_navigation/agri_navigation) by extensions ['cmake', 'python']
[0.324s] Level 1:colcon.colcon_core.package_identification:_identify(Agricultural_Bot/ros2_ws/src/agri_navigation/agri_navigation) by extension 'cmake'
[0.324s] Level 1:colcon.colcon_core.package_identification:_identify(Agricultural_Bot/ros2_ws/src/agri_navigation/agri_navigation) by extension 'python'
[0.324s] Level 1:colcon.colcon_core.package_identification:_identify(Agricultural_Bot/ros2_ws/src/agri_navigation/agri_navigation) by extensions ['python_setup_py']
[0.324s] Level 1:colcon.colcon_core.package_identification:_identify(Agricultural_Bot/ros2_ws/src/agri_navigation/agri_navigation) by extension 'python_setup_py'
[0.324s] Level 1:colcon.colcon_core.package_identification:_identify(Agricultural_Bot/ros2_ws/src/agri_navigation/config) by extensions ['ignore', 'ignore_ament_install']
[0.324s] Level 1:colcon.colcon_core.package_identification:_identify(Agricultural_Bot/ros2_ws/src/agri_navigation/config) by extension 'ignore'
[0.324s] Level 1:colcon.colcon_core.package_identification:_identify(Agricultural_Bot/ros2_ws/src/agri_navigation/config) by extension 'ignore_ament_install'
[0.324s] Level 1:colcon.colcon_core.package_identification:_identify(Agricultural_Bot/ros2_ws/src/agri_navigation/config) by extensions ['colcon_pkg']
[0.324s] Level 1:colcon.colcon_core.package_identification:_identify(Agricultural_Bot/ros2_ws/src/agri_navigation/config) by extension 'colcon_pkg'
[0.324s] Level 1:colcon.colcon_core.package_identification:_identify(Agricultural_Bot/ros2_ws/src/agri_navigation/config) by extensions ['colcon_meta']
[0.324s] Level 1:colcon.colcon_core.package_identification:_identify(Agricultural_Bot/ros2_ws/src/agri_navigation/config) by extension 'colcon_meta'
[0.324s] Level 1:colcon.colcon_core.package_identification:_identify(Agricultural_Bot/ros2_ws/src/agri_navigation/config) by extensions ['ros']
[0.324s] Level 1:colcon.colcon_core.package_identification:_identify(Agricultural_Bot/ros2_ws/src/agri_navigation/config) by extension 'ros'
[0.324s] Level 1:colcon.colcon_core.package_identification:_identify(Agricultural_Bot/ros2_ws/src/agri_navigation/config) by extensions ['cmake', 'python']
[0.324s] Level 1:colcon.colcon_core.package_identification:_identify(Agricultural_Bot/ros2_ws/src/agri_navigation/config) by extension 'cmake'
[0.324s] Level 1:colcon.colcon_core.package_identification:_identify(Agricultural_Bot/ros2_ws/src/agri_navigation/config) by extension 'python'
[0.324s] Level 1:colcon.colcon_core.package_identification:_identify(Agricultural_Bot/ros2_ws/src/agri_navigation/config) by extensions ['python_setup_py']
[0.324s] Level 1:colcon.colcon_core.package_identification:_identify(Agricultural_Bot/ros2_ws/src/agri_navigation/config) by extension 'python_setup_py'
[0.324s] Level 1:colcon.colcon_core.package_identification:_identify(Agricultural_Bot/ros2_ws/src/agri_navigation/launch) by extensions ['ignore', 'ignore_ament_install']
[0.324s] Level 1:colcon.colcon_core.package_identification:_identify(Agricultural_Bot/ros2_ws/src/agri_navigation/launch) by extension 'ignore'
[0.324s] Level 1:colcon.colcon_core.package_identification:_identify(Agricultural_Bot/ros2_ws/src/agri_navigation/launch) by extension 'ignore_ament_install'
[0.324s] Level 1:colcon.colcon_core.package_identification:_identify(Agricultural_Bot/ros2_ws/src/agri_navigation/launch) by extensions ['colcon_pkg']
[0.324s] Level 1:colcon.colcon_core.package_identification:_identify(Agricultural_Bot/ros2_ws/src/agri_navigation/launch) by extension 'colcon_pkg'
[0.324s] Level 1:colcon.colcon_core.package_identification:_identify(Agricultural_Bot/ros2_ws/src/agri_navigation/launch) by extensions ['colcon_meta']
[0.324s] Level 1:colcon.colcon_core.package_identification:_identify(Agricultural_Bot/ros2_ws/src/agri_navigation/launch) by extension 'colcon_meta'
[0.324s] Level 1:colcon.colcon_core.package_identification:_identify(Agricultural_Bot/ros2_ws/src/agri_navigation/launch) by extensions ['ros']
[0.324s] Level 1:colcon.colcon_core.package_identification:_identify(Agricultural_Bot/ros2_ws/src/agri_navigation/launch) by extension 'ros'
[0.324s] Level 1:colcon.colcon_core.package_identification:_identify(Agricultural_Bot/ros2_ws/src/agri_navigation/launch) by extensions ['cmake', 'python']
[0.324s] Level 1:colcon.colcon_core.package_identification:_identify(Agricultural_Bot/ros2_ws/src/agri_navigation/launch) by extension 'cmake'
[0.324s] Level 1:colcon.colcon_core.package_identification:_identify(Agricultural_Bot/ros2_ws/src/agri_navigation/launch) by extension 'python'
[0.324s] Level 1:colcon.colcon_core.package_identification:_identify(Agricultural_Bot/ros2_ws/src/agri_navigation/launch) by extensions ['python_setup_py']
[0.324s] Level 1:colcon.colcon_core.package_identification:_identify(Agricultural_Bot/ros2_ws/src/agri_navigation/launch) by extension 'python_setup_py'
[0.325s] Level 1:colcon.colcon_core.package_identification:_identify(Agricultural_Bot/ros2_ws/src/agri_navigation/maps) by extensions ['ignore', 'ignore_ament_install']
[0.325s] Level 1:colcon.colcon_core.package_identification:_identify(Agricultural_Bot/ros2_ws/src/agri_navigation/maps) by extension 'ignore'
[0.325s] Level 1:colcon.colcon_core.package_identification:_identify(Agricultural_Bot/ros2_ws/src/agri_navigation/maps) by extension 'ignore_ament_install'
[0.325s] Level 1:colcon.colcon_core.package_identification:_identify(Agricultural_Bot/ros2_ws/src/agri_navigation/maps) by extensions ['colcon_pkg']
[0.325s] Level 1:colcon.colcon_core.package_identification:_identify(Agricultural_Bot/ros2_ws/src/agri_navigation/maps) by extension 'colcon_pkg'
[0.325s] Level 1:colcon.colcon_core.package_identification:_identify(Agricultural_Bot/ros2_ws/src/agri_navigation/maps) by extensions ['colcon_meta']
[0.325s] Level 1:colcon.colcon_core.package_identification:_identify(Agricultural_Bot/ros2_ws/src/agri_navigation/maps) by extension 'colcon_meta'
[0.325s] Level 1:colcon.colcon_core.package_identification:_identify(Agricultural_Bot/ros2_ws/src/agri_navigation/maps) by extensions ['ros']
[0.325s] Level 1:colcon.colcon_core.package_identification:_identify(Agricultural_Bot/ros2_ws/src/agri_navigation/maps) by extension 'ros'
[0.325s] Level 1:colcon.colcon_core.package_identification:_identify(Agricultural_Bot/ros2_ws/src/agri_navigation/maps) by extensions ['cmake', 'python']
[0.325s] Level 1:colcon.colcon_core.package_identification:_identify(Agricultural_Bot/ros2_ws/src/agri_navigation/maps) by extension 'cmake'
[0.325s] Level 1:colcon.colcon_core.package_identification:_identify(Agricultural_Bot/ros2_ws/src/agri_navigation/maps) by extension 'python'
[0.325s] Level 1:colcon.colcon_core.package_identification:_identify(Agricultural_Bot/ros2_ws/src/agri_navigation/maps) by extensions ['python_setup_py']
[0.325s] Level 1:colcon.colcon_core.package_identification:_identify(Agricultural_Bot/ros2_ws/src/agri_navigation/maps) by extension 'python_setup_py'
[0.325s] Level 1:colcon.colcon_core.package_identification:_identify(Agricultural_Bot/ros2_ws/src/agri_navigation/routes) by extensions ['ignore', 'ignore_ament_install']
[0.325s] Level 1:colcon.colcon_core.package_identification:_identify(Agricultural_Bot/ros2_ws/src/agri_navigation/routes) by extension 'ignore'
[0.325s] Level 1:colcon.colcon_core.package_identification:_identify(Agricultural_Bot/ros2_ws/src/agri_navigation/routes) by extension 'ignore_ament_install'
[0.325s] Level 1:colcon.colcon_core.package_identification:_identify(Agricultural_Bot/ros2_ws/src/agri_navigation/routes) by extensions ['colcon_pkg']
[0.325s] Level 1:colcon.colcon_core.package_identification:_identify(Agricultural_Bot/ros2_ws/src/agri_navigation/routes) by extension 'colcon_pkg'
[0.325s] Level 1:colcon.colcon_core.package_identification:_identify(Agricultural_Bot/ros2_ws/src/agri_navigation/routes) by extensions ['colcon_meta']
[0.325s] Level 1:colcon.colcon_core.package_identification:_identify(Agricultural_Bot/ros2_ws/src/agri_navigation/routes) by extension 'colcon_meta'
[0.325s] Level 1:colcon.colcon_core.package_identification:_identify(Agricultural_Bot/ros2_ws/src/agri_navigation/routes) by extensions ['ros']
[0.325s] Level 1:colcon.colcon_core.package_identification:_identify(Agricultural_Bot/ros2_ws/src/agri_navigation/routes) by extension 'ros'
[0.325s] Level 1:colcon.colcon_core.package_identification:_identify(Agricultural_Bot/ros2_ws/src/agri_navigation/routes) by extensions ['cmake', 'python']
[0.325s] Level 1:colcon.colcon_core.package_identification:_identify(Agricultural_Bot/ros2_ws/src/agri_navigation/routes) by extension 'cmake'
[0.325s] Level 1:colcon.colcon_core.package_identification:_identify(Agricultural_Bot/ros2_ws/src/agri_navigation/routes) by extension 'python'
[0.325s] Level 1:colcon.colcon_core.package_identification:_identify(Agricultural_Bot/ros2_ws/src/agri_navigation/routes) by extensions ['python_setup_py']
[0.325s] Level 1:colcon.colcon_core.package_identification:_identify(Agricultural_Bot/ros2_ws/src/agri_navigation/routes) by extension 'python_setup_py'
[0.325s] Level 1:colcon.colcon_core.package_identification:_identify(Agricultural_Bot/ros2_ws/src/agri_navigation/rviz) by extensions ['ignore', 'ignore_ament_install']
[0.325s] Level 1:colcon.colcon_core.package_identification:_identify(Agricultural_Bot/ros2_ws/src/agri_navigation/rviz) by extension 'ignore'
[0.325s] Level 1:colcon.colcon_core.package_identification:_identify(Agricultural_Bot/ros2_ws/src/agri_navigation/rviz) by extension 'ignore_ament_install'
[0.325s] Level 1:colcon.colcon_core.package_identification:_identify(Agricultural_Bot/ros2_ws/src/agri_navigation/rviz) by extensions ['colcon_pkg']
[0.325s] Level 1:colcon.colcon_core.package_identification:_identify(Agricultural_Bot/ros2_ws/src/agri_navigation/rviz) by extension 'colcon_pkg'
[0.325s] Level 1:colcon.colcon_core.package_identification:_identify(Agricultural_Bot/ros2_ws/src/agri_navigation/rviz) by extensions ['colcon_meta']
[0.325s] Level 1:colcon.colcon_core.package_identification:_identify(Agricultural_Bot/ros2_ws/src/agri_navigation/rviz) by extension 'colcon_meta'
[0.325s] Level 1:colcon.colcon_core.package_identification:_identify(Agricultural_Bot/ros2_ws/src/agri_navigation/rviz) by extensions ['ros']
[0.325s] Level 1:colcon.colcon_core.package_identification:_identify(Agricultural_Bot/ros2_ws/src/agri_navigation/rviz) by extension 'ros'
[0.326s] Level 1:colcon.colcon_core.package_identification:_identify(Agricultural_Bot/ros2_ws/src/agri_navigation/rviz) by extensions ['cmake', 'python']
[0.326s] Level 1:colcon.colcon_core.package_identification:_identify(Agricultural_Bot/ros2_ws/src/agri_navigation/rviz) by extension 'cmake'
[0.326s] Level 1:colcon.colcon_core.package_identification:_identify(Agricultural_Bot/ros2_ws/src/agri_navigation/rviz) by extension 'python'
[0.326s] Level 1:colcon.colcon_core.package_identification:_identify(Agricultural_Bot/ros2_ws/src/agri_navigation/rviz) by extensions ['python_setup_py']
[0.326s] Level 1:colcon.colcon_core.package_identification:_identify(Agricultural_Bot/ros2_ws/src/agri_navigation/rviz) by extension 'python_setup_py'
[0.326s] Level 1:colcon.colcon_core.package_identification:_identify(Agricultural_Bot/ros2_ws/src/agri_navigation/test) by extensions ['ignore', 'ignore_ament_install']
[0.326s] Level 1:colcon.colcon_core.package_identification:_identify(Agricultural_Bot/ros2_ws/src/agri_navigation/test) by extension 'ignore'
[0.326s] Level 1:colcon.colcon_core.package_identification:_identify(Agricultural_Bot/ros2_ws/src/agri_navigation/test) by extension 'ignore_ament_install'
[0.326s] Level 1:colcon.colcon_core.package_identification:_identify(Agricultural_Bot/ros2_ws/src/agri_navigation/test) by extensions ['colcon_pkg']
[0.326s] Level 1:colcon.colcon_core.package_identification:_identify(Agricultural_Bot/ros2_ws/src/agri_navigation/test) by extension 'colcon_pkg'
[0.326s] Level 1:colcon.colcon_core.package_identification:_identify(Agricultural_Bot/ros2_ws/src/agri_navigation/test) by extensions ['colcon_meta']
[0.326s] Level 1:colcon.colcon_core.package_identification:_identify(Agricultural_Bot/ros2_ws/src/agri_navigation/test) by extension 'colcon_meta'
[0.326s] Level 1:colcon.colcon_core.package_identification:_identify(Agricultural_Bot/ros2_ws/src/agri_navigation/test) by extensions ['ros']
[0.326s] Level 1:colcon.colcon_core.package_identification:_identify(Agricultural_Bot/ros2_ws/src/agri_navigation/test) by extension 'ros'
[0.326s] Level 1:colcon.colcon_core.package_identification:_identify(Agricultural_Bot/ros2_ws/src/agri_navigation/test) by extensions ['cmake', 'python']
[0.326s] Level 1:colcon.colcon_core.package_identification:_identify(Agricultural_Bot/ros2_ws/src/agri_navigation/test) by extension 'cmake'
[0.326s] Level 1:colcon.colcon_core.package_identification:_identify(Agricultural_Bot/ros2_ws/src/agri_navigation/test) by extension 'python'
[0.326s] Level 1:colcon.colcon_core.package_identification:_identify(Agricultural_Bot/ros2_ws/src/agri_navigation/test) by extensions ['python_setup_py']
[0.326s] Level 1:colcon.colcon_core.package_identification:_identify(Agricultural_Bot/ros2_ws/src/agri_navigation/test) by extension 'python_setup_py'
[0.326s] Level 1:colcon.colcon_core.package_identification:_identify(Agricultural_Bot/ros2_ws/src/agri_perception) by extensions ['ignore', 'ignore_ament_install']
[0.326s] Level 1:colcon.colcon_core.package_identification:_identify(Agricultural_Bot/ros2_ws/src/agri_perception) by extension 'ignore'
[0.326s] Level 1:colcon.colcon_core.package_identification:_identify(Agricultural_Bot/ros2_ws/src/agri_perception) by extension 'ignore_ament_install'
[0.326s] Level 1:colcon.colcon_core.package_identification:_identify(Agricultural_Bot/ros2_ws/src/agri_perception) by extensions ['colcon_pkg']
[0.326s] Level 1:colcon.colcon_core.package_identification:_identify(Agricultural_Bot/ros2_ws/src/agri_perception) by extension 'colcon_pkg'
[0.326s] Level 1:colcon.colcon_core.package_identification:_identify(Agricultural_Bot/ros2_ws/src/agri_perception) by extensions ['colcon_meta']
[0.326s] Level 1:colcon.colcon_core.package_identification:_identify(Agricultural_Bot/ros2_ws/src/agri_perception) by extension 'colcon_meta'
[0.326s] Level 1:colcon.colcon_core.package_identification:_identify(Agricultural_Bot/ros2_ws/src/agri_perception) by extensions ['ros']
[0.326s] Level 1:colcon.colcon_core.package_identification:_identify(Agricultural_Bot/ros2_ws/src/agri_perception) by extension 'ros'
[0.326s] Level 1:colcon.colcon_core.package_identification:_identify(Agricultural_Bot/ros2_ws/src/agri_perception) by extensions ['cmake', 'python']
[0.326s] Level 1:colcon.colcon_core.package_identification:_identify(Agricultural_Bot/ros2_ws/src/agri_perception) by extension 'cmake'
[0.326s] Level 1:colcon.colcon_core.package_identification:_identify(Agricultural_Bot/ros2_ws/src/agri_perception) by extension 'python'
[0.326s] Level 1:colcon.colcon_core.package_identification:_identify(Agricultural_Bot/ros2_ws/src/agri_perception) by extensions ['python_setup_py']
[0.326s] Level 1:colcon.colcon_core.package_identification:_identify(Agricultural_Bot/ros2_ws/src/agri_perception) by extension 'python_setup_py'
[0.326s] Level 1:colcon.colcon_core.package_identification:_identify(Agricultural_Bot/ros2_ws/src/agri_perception/agri_perception) by extensions ['ignore', 'ignore_ament_install']
[0.326s] Level 1:colcon.colcon_core.package_identification:_identify(Agricultural_Bot/ros2_ws/src/agri_perception/agri_perception) by extension 'ignore'
[0.326s] Level 1:colcon.colcon_core.package_identification:_identify(Agricultural_Bot/ros2_ws/src/agri_perception/agri_perception) by extension 'ignore_ament_install'
[0.326s] Level 1:colcon.colcon_core.package_identification:_identify(Agricultural_Bot/ros2_ws/src/agri_perception/agri_perception) by extensions ['colcon_pkg']
[0.326s] Level 1:colcon.colcon_core.package_identification:_identify(Agricultural_Bot/ros2_ws/src/agri_perception/agri_perception) by extension 'colcon_pkg'
[0.327s] Level 1:colcon.colcon_core.package_identification:_identify(Agricultural_Bot/ros2_ws/src/agri_perception/agri_perception) by extensions ['colcon_meta']
[0.327s] Level 1:colcon.colcon_core.package_identification:_identify(Agricultural_Bot/ros2_ws/src/agri_perception/agri_perception) by extension 'colcon_meta'
[0.327s] Level 1:colcon.colcon_core.package_identification:_identify(Agricultural_Bot/ros2_ws/src/agri_perception/agri_perception) by extensions ['ros']
[0.327s] Level 1:colcon.colcon_core.package_identification:_identify(Agricultural_Bot/ros2_ws/src/agri_perception/agri_perception) by extension 'ros'
[0.327s] Level 1:colcon.colcon_core.package_identification:_identify(Agricultural_Bot/ros2_ws/src/agri_perception/agri_perception) by extensions ['cmake', 'python']
[0.327s] Level 1:colcon.colcon_core.package_identification:_identify(Agricultural_Bot/ros2_ws/src/agri_perception/agri_perception) by extension 'cmake'
[0.327s] Level 1:colcon.colcon_core.package_identification:_identify(Agricultural_Bot/ros2_ws/src/agri_perception/agri_perception) by extension 'python'
[0.327s] Level 1:colcon.colcon_core.package_identification:_identify(Agricultural_Bot/ros2_ws/src/agri_perception/agri_perception) by extensions ['python_setup_py']
[0.327s] Level 1:colcon.colcon_core.package_identification:_identify(Agricultural_Bot/ros2_ws/src/agri_perception/agri_perception) by extension 'python_setup_py'
[0.327s] Level 1:colcon.colcon_core.package_identification:_identify(Agricultural_Bot/ros2_ws/src/agri_perception/config) by extensions ['ignore', 'ignore_ament_install']
[0.327s] Level 1:colcon.colcon_core.package_identification:_identify(Agricultural_Bot/ros2_ws/src/agri_perception/config) by extension 'ignore'
[0.327s] Level 1:colcon.colcon_core.package_identification:_identify(Agricultural_Bot/ros2_ws/src/agri_perception/config) by extension 'ignore_ament_install'
[0.327s] Level 1:colcon.colcon_core.package_identification:_identify(Agricultural_Bot/ros2_ws/src/agri_perception/config) by extensions ['colcon_pkg']
[0.327s] Level 1:colcon.colcon_core.package_identification:_identify(Agricultural_Bot/ros2_ws/src/agri_perception/config) by extension 'colcon_pkg'
[0.327s] Level 1:colcon.colcon_core.package_identification:_identify(Agricultural_Bot/ros2_ws/src/agri_perception/config) by extensions ['colcon_meta']
[0.327s] Level 1:colcon.colcon_core.package_identification:_identify(Agricultural_Bot/ros2_ws/src/agri_perception/config) by extension 'colcon_meta'
[0.327s] Level 1:colcon.colcon_core.package_identification:_identify(Agricultural_Bot/ros2_ws/src/agri_perception/config) by extensions ['ros']
[0.327s] Level 1:colcon.colcon_core.package_identification:_identify(Agricultural_Bot/ros2_ws/src/agri_perception/config) by extension 'ros'
[0.327s] Level 1:colcon.colcon_core.package_identification:_identify(Agricultural_Bot/ros2_ws/src/agri_perception/config) by extensions ['cmake', 'python']
[0.327s] Level 1:colcon.colcon_core.package_identification:_identify(Agricultural_Bot/ros2_ws/src/agri_perception/config) by extension 'cmake'
[0.327s] Level 1:colcon.colcon_core.package_identification:_identify(Agricultural_Bot/ros2_ws/src/agri_perception/config) by extension 'python'
[0.327s] Level 1:colcon.colcon_core.package_identification:_identify(Agricultural_Bot/ros2_ws/src/agri_perception/config) by extensions ['python_setup_py']
[0.327s] Level 1:colcon.colcon_core.package_identification:_identify(Agricultural_Bot/ros2_ws/src/agri_perception/config) by extension 'python_setup_py'
[0.327s] Level 1:colcon.colcon_core.package_identification:_identify(Agricultural_Bot/ros2_ws/src/agri_perception/launch) by extensions ['ignore', 'ignore_ament_install']
[0.327s] Level 1:colcon.colcon_core.package_identification:_identify(Agricultural_Bot/ros2_ws/src/agri_perception/launch) by extension 'ignore'
[0.327s] Level 1:colcon.colcon_core.package_identification:_identify(Agricultural_Bot/ros2_ws/src/agri_perception/launch) by extension 'ignore_ament_install'
[0.327s] Level 1:colcon.colcon_core.package_identification:_identify(Agricultural_Bot/ros2_ws/src/agri_perception/launch) by extensions ['colcon_pkg']
[0.327s] Level 1:colcon.colcon_core.package_identification:_identify(Agricultural_Bot/ros2_ws/src/agri_perception/launch) by extension 'colcon_pkg'
[0.327s] Level 1:colcon.colcon_core.package_identification:_identify(Agricultural_Bot/ros2_ws/src/agri_perception/launch) by extensions ['colcon_meta']
[0.327s] Level 1:colcon.colcon_core.package_identification:_identify(Agricultural_Bot/ros2_ws/src/agri_perception/launch) by extension 'colcon_meta'
[0.327s] Level 1:colcon.colcon_core.package_identification:_identify(Agricultural_Bot/ros2_ws/src/agri_perception/launch) by extensions ['ros']
[0.327s] Level 1:colcon.colcon_core.package_identification:_identify(Agricultural_Bot/ros2_ws/src/agri_perception/launch) by extension 'ros'
[0.327s] Level 1:colcon.colcon_core.package_identification:_identify(Agricultural_Bot/ros2_ws/src/agri_perception/launch) by extensions ['cmake', 'python']
[0.327s] Level 1:colcon.colcon_core.package_identification:_identify(Agricultural_Bot/ros2_ws/src/agri_perception/launch) by extension 'cmake'
[0.327s] Level 1:colcon.colcon_core.package_identification:_identify(Agricultural_Bot/ros2_ws/src/agri_perception/launch) by extension 'python'
[0.327s] Level 1:colcon.colcon_core.package_identification:_identify(Agricultural_Bot/ros2_ws/src/agri_perception/launch) by extensions ['python_setup_py']
[0.327s] Level 1:colcon.colcon_core.package_identification:_identify(Agricultural_Bot/ros2_ws/src/agri_perception/launch) by extension 'python_setup_py'
[0.327s] Level 1:colcon.colcon_core.package_identification:_identify(Agricultural_Bot/ros2_ws/src/agri_perception/test) by extensions ['ignore', 'ignore_ament_install']
[0.327s] Level 1:colcon.colcon_core.package_identification:_identify(Agricultural_Bot/ros2_ws/src/agri_perception/test) by extension 'ignore'
[0.328s] Level 1:colcon.colcon_core.package_identification:_identify(Agricultural_Bot/ros2_ws/src/agri_perception/test) by extension 'ignore_ament_install'
[0.328s] Level 1:colcon.colcon_core.package_identification:_identify(Agricultural_Bot/ros2_ws/src/agri_perception/test) by extensions ['colcon_pkg']
[0.328s] Level 1:colcon.colcon_core.package_identification:_identify(Agricultural_Bot/ros2_ws/src/agri_perception/test) by extension 'colcon_pkg'
[0.328s] Level 1:colcon.colcon_core.package_identification:_identify(Agricultural_Bot/ros2_ws/src/agri_perception/test) by extensions ['colcon_meta']
[0.328s] Level 1:colcon.colcon_core.package_identification:_identify(Agricultural_Bot/ros2_ws/src/agri_perception/test) by extension 'colcon_meta'
[0.328s] Level 1:colcon.colcon_core.package_identification:_identify(Agricultural_Bot/ros2_ws/src/agri_perception/test) by extensions ['ros']
[0.328s] Level 1:colcon.colcon_core.package_identification:_identify(Agricultural_Bot/ros2_ws/src/agri_perception/test) by extension 'ros'
[0.328s] Level 1:colcon.colcon_core.package_identification:_identify(Agricultural_Bot/ros2_ws/src/agri_perception/test) by extensions ['cmake', 'python']
[0.328s] Level 1:colcon.colcon_core.package_identification:_identify(Agricultural_Bot/ros2_ws/src/agri_perception/test) by extension 'cmake'
[0.328s] Level 1:colcon.colcon_core.package_identification:_identify(Agricultural_Bot/ros2_ws/src/agri_perception/test) by extension 'python'
[0.328s] Level 1:colcon.colcon_core.package_identification:_identify(Agricultural_Bot/ros2_ws/src/agri_perception/test) by extensions ['python_setup_py']
[0.328s] Level 1:colcon.colcon_core.package_identification:_identify(Agricultural_Bot/ros2_ws/src/agri_perception/test) by extension 'python_setup_py'
[0.328s] Level 1:colcon.colcon_core.package_identification:_identify(Agricultural_Bot/ros2_ws/src/agri_robot_description) by extensions ['ignore', 'ignore_ament_install']
[0.328s] Level 1:colcon.colcon_core.package_identification:_identify(Agricultural_Bot/ros2_ws/src/agri_robot_description) by extension 'ignore'
[0.328s] Level 1:colcon.colcon_core.package_identification:_identify(Agricultural_Bot/ros2_ws/src/agri_robot_description) by extension 'ignore_ament_install'
[0.328s] Level 1:colcon.colcon_core.package_identification:_identify(Agricultural_Bot/ros2_ws/src/agri_robot_description) by extensions ['colcon_pkg']
[0.328s] Level 1:colcon.colcon_core.package_identification:_identify(Agricultural_Bot/ros2_ws/src/agri_robot_description) by extension 'colcon_pkg'
[0.328s] Level 1:colcon.colcon_core.package_identification:_identify(Agricultural_Bot/ros2_ws/src/agri_robot_description) by extensions ['colcon_meta']
[0.328s] Level 1:colcon.colcon_core.package_identification:_identify(Agricultural_Bot/ros2_ws/src/agri_robot_description) by extension 'colcon_meta'
[0.328s] Level 1:colcon.colcon_core.package_identification:_identify(Agricultural_Bot/ros2_ws/src/agri_robot_description) by extensions ['ros']
[0.328s] Level 1:colcon.colcon_core.package_identification:_identify(Agricultural_Bot/ros2_ws/src/agri_robot_description) by extension 'ros'
[0.328s] Level 1:colcon.colcon_core.package_identification:_identify(Agricultural_Bot/ros2_ws/src/agri_robot_description) by extensions ['cmake', 'python']
[0.328s] Level 1:colcon.colcon_core.package_identification:_identify(Agricultural_Bot/ros2_ws/src/agri_robot_description) by extension 'cmake'
[0.328s] Level 1:colcon.colcon_core.package_identification:_identify(Agricultural_Bot/ros2_ws/src/agri_robot_description) by extension 'python'
[0.328s] Level 1:colcon.colcon_core.package_identification:_identify(Agricultural_Bot/ros2_ws/src/agri_robot_description) by extensions ['python_setup_py']
[0.328s] Level 1:colcon.colcon_core.package_identification:_identify(Agricultural_Bot/ros2_ws/src/agri_robot_description) by extension 'python_setup_py'
[0.328s] Level 1:colcon.colcon_core.package_identification:_identify(Agricultural_Bot/ros2_ws/src/agri_robot_description/config) by extensions ['ignore', 'ignore_ament_install']
[0.328s] Level 1:colcon.colcon_core.package_identification:_identify(Agricultural_Bot/ros2_ws/src/agri_robot_description/config) by extension 'ignore'
[0.328s] Level 1:colcon.colcon_core.package_identification:_identify(Agricultural_Bot/ros2_ws/src/agri_robot_description/config) by extension 'ignore_ament_install'
[0.328s] Level 1:colcon.colcon_core.package_identification:_identify(Agricultural_Bot/ros2_ws/src/agri_robot_description/config) by extensions ['colcon_pkg']
[0.328s] Level 1:colcon.colcon_core.package_identification:_identify(Agricultural_Bot/ros2_ws/src/agri_robot_description/config) by extension 'colcon_pkg'
[0.328s] Level 1:colcon.colcon_core.package_identification:_identify(Agricultural_Bot/ros2_ws/src/agri_robot_description/config) by extensions ['colcon_meta']
[0.328s] Level 1:colcon.colcon_core.package_identification:_identify(Agricultural_Bot/ros2_ws/src/agri_robot_description/config) by extension 'colcon_meta'
[0.328s] Level 1:colcon.colcon_core.package_identification:_identify(Agricultural_Bot/ros2_ws/src/agri_robot_description/config) by extensions ['ros']
[0.328s] Level 1:colcon.colcon_core.package_identification:_identify(Agricultural_Bot/ros2_ws/src/agri_robot_description/config) by extension 'ros'
[0.328s] Level 1:colcon.colcon_core.package_identification:_identify(Agricultural_Bot/ros2_ws/src/agri_robot_description/config) by extensions ['cmake', 'python']
[0.328s] Level 1:colcon.colcon_core.package_identification:_identify(Agricultural_Bot/ros2_ws/src/agri_robot_description/config) by extension 'cmake'
[0.328s] Level 1:colcon.colcon_core.package_identification:_identify(Agricultural_Bot/ros2_ws/src/agri_robot_description/config) by extension 'python'
[0.328s] Level 1:colcon.colcon_core.package_identification:_identify(Agricultural_Bot/ros2_ws/src/agri_robot_description/config) by extensions ['python_setup_py']
[0.328s] Level 1:colcon.colcon_core.package_identification:_identify(Agricultural_Bot/ros2_ws/src/agri_robot_description/config) by extension 'python_setup_py'
[0.329s] Level 1:colcon.colcon_core.package_identification:_identify(Agricultural_Bot/ros2_ws/src/agri_robot_description/launch) by extensions ['ignore', 'ignore_ament_install']
[0.329s] Level 1:colcon.colcon_core.package_identification:_identify(Agricultural_Bot/ros2_ws/src/agri_robot_description/launch) by extension 'ignore'
[0.329s] Level 1:colcon.colcon_core.package_identification:_identify(Agricultural_Bot/ros2_ws/src/agri_robot_description/launch) by extension 'ignore_ament_install'
[0.329s] Level 1:colcon.colcon_core.package_identification:_identify(Agricultural_Bot/ros2_ws/src/agri_robot_description/launch) by extensions ['colcon_pkg']
[0.329s] Level 1:colcon.colcon_core.package_identification:_identify(Agricultural_Bot/ros2_ws/src/agri_robot_description/launch) by extension 'colcon_pkg'
[0.329s] Level 1:colcon.colcon_core.package_identification:_identify(Agricultural_Bot/ros2_ws/src/agri_robot_description/launch) by extensions ['colcon_meta']
[0.329s] Level 1:colcon.colcon_core.package_identification:_identify(Agricultural_Bot/ros2_ws/src/agri_robot_description/launch) by extension 'colcon_meta'
[0.329s] Level 1:colcon.colcon_core.package_identification:_identify(Agricultural_Bot/ros2_ws/src/agri_robot_description/launch) by extensions ['ros']
[0.329s] Level 1:colcon.colcon_core.package_identification:_identify(Agricultural_Bot/ros2_ws/src/agri_robot_description/launch) by extension 'ros'
[0.329s] Level 1:colcon.colcon_core.package_identification:_identify(Agricultural_Bot/ros2_ws/src/agri_robot_description/launch) by extensions ['cmake', 'python']
[0.329s] Level 1:colcon.colcon_core.package_identification:_identify(Agricultural_Bot/ros2_ws/src/agri_robot_description/launch) by extension 'cmake'
[0.329s] Level 1:colcon.colcon_core.package_identification:_identify(Agricultural_Bot/ros2_ws/src/agri_robot_description/launch) by extension 'python'
[0.329s] Level 1:colcon.colcon_core.package_identification:_identify(Agricultural_Bot/ros2_ws/src/agri_robot_description/launch) by extensions ['python_setup_py']
[0.329s] Level 1:colcon.colcon_core.package_identification:_identify(Agricultural_Bot/ros2_ws/src/agri_robot_description/launch) by extension 'python_setup_py'
[0.329s] Level 1:colcon.colcon_core.package_identification:_identify(Agricultural_Bot/ros2_ws/src/agri_robot_description/meshes) by extensions ['ignore', 'ignore_ament_install']
[0.329s] Level 1:colcon.colcon_core.package_identification:_identify(Agricultural_Bot/ros2_ws/src/agri_robot_description/meshes) by extension 'ignore'
[0.329s] Level 1:colcon.colcon_core.package_identification:_identify(Agricultural_Bot/ros2_ws/src/agri_robot_description/meshes) by extension 'ignore_ament_install'
[0.329s] Level 1:colcon.colcon_core.package_identification:_identify(Agricultural_Bot/ros2_ws/src/agri_robot_description/meshes) by extensions ['colcon_pkg']
[0.329s] Level 1:colcon.colcon_core.package_identification:_identify(Agricultural_Bot/ros2_ws/src/agri_robot_description/meshes) by extension 'colcon_pkg'
[0.329s] Level 1:colcon.colcon_core.package_identification:_identify(Agricultural_Bot/ros2_ws/src/agri_robot_description/meshes) by extensions ['colcon_meta']
[0.329s] Level 1:colcon.colcon_core.package_identification:_identify(Agricultural_Bot/ros2_ws/src/agri_robot_description/meshes) by extension 'colcon_meta'
[0.329s] Level 1:colcon.colcon_core.package_identification:_identify(Agricultural_Bot/ros2_ws/src/agri_robot_description/meshes) by extensions ['ros']
[0.329s] Level 1:colcon.colcon_core.package_identification:_identify(Agricultural_Bot/ros2_ws/src/agri_robot_description/meshes) by extension 'ros'
[0.329s] Level 1:colcon.colcon_core.package_identification:_identify(Agricultural_Bot/ros2_ws/src/agri_robot_description/meshes) by extensions ['cmake', 'python']
[0.329s] Level 1:colcon.colcon_core.package_identification:_identify(Agricultural_Bot/ros2_ws/src/agri_robot_description/meshes) by extension 'cmake'
[0.329s] Level 1:colcon.colcon_core.package_identification:_identify(Agricultural_Bot/ros2_ws/src/agri_robot_description/meshes) by extension 'python'
[0.329s] Level 1:colcon.colcon_core.package_identification:_identify(Agricultural_Bot/ros2_ws/src/agri_robot_description/meshes) by extensions ['python_setup_py']
[0.329s] Level 1:colcon.colcon_core.package_identification:_identify(Agricultural_Bot/ros2_ws/src/agri_robot_description/meshes) by extension 'python_setup_py'
[0.329s] Level 1:colcon.colcon_core.package_identification:_identify(Agricultural_Bot/ros2_ws/src/agri_robot_description/meshes/collision) by extensions ['ignore', 'ignore_ament_install']
[0.329s] Level 1:colcon.colcon_core.package_identification:_identify(Agricultural_Bot/ros2_ws/src/agri_robot_description/meshes/collision) by extension 'ignore'
[0.329s] Level 1:colcon.colcon_core.package_identification:_identify(Agricultural_Bot/ros2_ws/src/agri_robot_description/meshes/collision) by extension 'ignore_ament_install'
[0.329s] Level 1:colcon.colcon_core.package_identification:_identify(Agricultural_Bot/ros2_ws/src/agri_robot_description/meshes/collision) by extensions ['colcon_pkg']
[0.329s] Level 1:colcon.colcon_core.package_identification:_identify(Agricultural_Bot/ros2_ws/src/agri_robot_description/meshes/collision) by extension 'colcon_pkg'
[0.329s] Level 1:colcon.colcon_core.package_identification:_identify(Agricultural_Bot/ros2_ws/src/agri_robot_description/meshes/collision) by extensions ['colcon_meta']
[0.329s] Level 1:colcon.colcon_core.package_identification:_identify(Agricultural_Bot/ros2_ws/src/agri_robot_description/meshes/collision) by extension 'colcon_meta'
[0.329s] Level 1:colcon.colcon_core.package_identification:_identify(Agricultural_Bot/ros2_ws/src/agri_robot_description/meshes/collision) by extensions ['ros']
[0.329s] Level 1:colcon.colcon_core.package_identification:_identify(Agricultural_Bot/ros2_ws/src/agri_robot_description/meshes/collision) by extension 'ros'
[0.330s] Level 1:colcon.colcon_core.package_identification:_identify(Agricultural_Bot/ros2_ws/src/agri_robot_description/meshes/collision) by extensions ['cmake', 'python']
[0.330s] Level 1:colcon.colcon_core.package_identification:_identify(Agricultural_Bot/ros2_ws/src/agri_robot_description/meshes/collision) by extension 'cmake'
[0.330s] Level 1:colcon.colcon_core.package_identification:_identify(Agricultural_Bot/ros2_ws/src/agri_robot_description/meshes/collision) by extension 'python'
[0.330s] Level 1:colcon.colcon_core.package_identification:_identify(Agricultural_Bot/ros2_ws/src/agri_robot_description/meshes/collision) by extensions ['python_setup_py']
[0.330s] Level 1:colcon.colcon_core.package_identification:_identify(Agricultural_Bot/ros2_ws/src/agri_robot_description/meshes/collision) by extension 'python_setup_py'
[0.330s] Level 1:colcon.colcon_core.package_identification:_identify(Agricultural_Bot/ros2_ws/src/agri_robot_description/meshes/visual) by extensions ['ignore', 'ignore_ament_install']
[0.330s] Level 1:colcon.colcon_core.package_identification:_identify(Agricultural_Bot/ros2_ws/src/agri_robot_description/meshes/visual) by extension 'ignore'
[0.330s] Level 1:colcon.colcon_core.package_identification:_identify(Agricultural_Bot/ros2_ws/src/agri_robot_description/meshes/visual) by extension 'ignore_ament_install'
[0.330s] Level 1:colcon.colcon_core.package_identification:_identify(Agricultural_Bot/ros2_ws/src/agri_robot_description/meshes/visual) by extensions ['colcon_pkg']
[0.330s] Level 1:colcon.colcon_core.package_identification:_identify(Agricultural_Bot/ros2_ws/src/agri_robot_description/meshes/visual) by extension 'colcon_pkg'
[0.330s] Level 1:colcon.colcon_core.package_identification:_identify(Agricultural_Bot/ros2_ws/src/agri_robot_description/meshes/visual) by extensions ['colcon_meta']
[0.330s] Level 1:colcon.colcon_core.package_identification:_identify(Agricultural_Bot/ros2_ws/src/agri_robot_description/meshes/visual) by extension 'colcon_meta'
[0.330s] Level 1:colcon.colcon_core.package_identification:_identify(Agricultural_Bot/ros2_ws/src/agri_robot_description/meshes/visual) by extensions ['ros']
[0.330s] Level 1:colcon.colcon_core.package_identification:_identify(Agricultural_Bot/ros2_ws/src/agri_robot_description/meshes/visual) by extension 'ros'
[0.330s] Level 1:colcon.colcon_core.package_identification:_identify(Agricultural_Bot/ros2_ws/src/agri_robot_description/meshes/visual) by extensions ['cmake', 'python']
[0.330s] Level 1:colcon.colcon_core.package_identification:_identify(Agricultural_Bot/ros2_ws/src/agri_robot_description/meshes/visual) by extension 'cmake'
[0.330s] Level 1:colcon.colcon_core.package_identification:_identify(Agricultural_Bot/ros2_ws/src/agri_robot_description/meshes/visual) by extension 'python'
[0.330s] Level 1:colcon.colcon_core.package_identification:_identify(Agricultural_Bot/ros2_ws/src/agri_robot_description/meshes/visual) by extensions ['python_setup_py']
[0.330s] Level 1:colcon.colcon_core.package_identification:_identify(Agricultural_Bot/ros2_ws/src/agri_robot_description/meshes/visual) by extension 'python_setup_py'
[0.330s] Level 1:colcon.colcon_core.package_identification:_identify(Agricultural_Bot/ros2_ws/src/agri_robot_description/rviz) by extensions ['ignore', 'ignore_ament_install']
[0.330s] Level 1:colcon.colcon_core.package_identification:_identify(Agricultural_Bot/ros2_ws/src/agri_robot_description/rviz) by extension 'ignore'
[0.330s] Level 1:colcon.colcon_core.package_identification:_identify(Agricultural_Bot/ros2_ws/src/agri_robot_description/rviz) by extension 'ignore_ament_install'
[0.330s] Level 1:colcon.colcon_core.package_identification:_identify(Agricultural_Bot/ros2_ws/src/agri_robot_description/rviz) by extensions ['colcon_pkg']
[0.330s] Level 1:colcon.colcon_core.package_identification:_identify(Agricultural_Bot/ros2_ws/src/agri_robot_description/rviz) by extension 'colcon_pkg'
[0.330s] Level 1:colcon.colcon_core.package_identification:_identify(Agricultural_Bot/ros2_ws/src/agri_robot_description/rviz) by extensions ['colcon_meta']
[0.330s] Level 1:colcon.colcon_core.package_identification:_identify(Agricultural_Bot/ros2_ws/src/agri_robot_description/rviz) by extension 'colcon_meta'
[0.330s] Level 1:colcon.colcon_core.package_identification:_identify(Agricultural_Bot/ros2_ws/src/agri_robot_description/rviz) by extensions ['ros']
[0.330s] Level 1:colcon.colcon_core.package_identification:_identify(Agricultural_Bot/ros2_ws/src/agri_robot_description/rviz) by extension 'ros'
[0.330s] Level 1:colcon.colcon_core.package_identification:_identify(Agricultural_Bot/ros2_ws/src/agri_robot_description/rviz) by extensions ['cmake', 'python']
[0.330s] Level 1:colcon.colcon_core.package_identification:_identify(Agricultural_Bot/ros2_ws/src/agri_robot_description/rviz) by extension 'cmake'
[0.330s] Level 1:colcon.colcon_core.package_identification:_identify(Agricultural_Bot/ros2_ws/src/agri_robot_description/rviz) by extension 'python'
[0.330s] Level 1:colcon.colcon_core.package_identification:_identify(Agricultural_Bot/ros2_ws/src/agri_robot_description/rviz) by extensions ['python_setup_py']
[0.330s] Level 1:colcon.colcon_core.package_identification:_identify(Agricultural_Bot/ros2_ws/src/agri_robot_description/rviz) by extension 'python_setup_py'
[0.330s] Level 1:colcon.colcon_core.package_identification:_identify(Agricultural_Bot/ros2_ws/src/agri_robot_description/urdf) by extensions ['ignore', 'ignore_ament_install']
[0.330s] Level 1:colcon.colcon_core.package_identification:_identify(Agricultural_Bot/ros2_ws/src/agri_robot_description/urdf) by extension 'ignore'
[0.330s] Level 1:colcon.colcon_core.package_identification:_identify(Agricultural_Bot/ros2_ws/src/agri_robot_description/urdf) by extension 'ignore_ament_install'
[0.330s] Level 1:colcon.colcon_core.package_identification:_identify(Agricultural_Bot/ros2_ws/src/agri_robot_description/urdf) by extensions ['colcon_pkg']
[0.330s] Level 1:colcon.colcon_core.package_identification:_identify(Agricultural_Bot/ros2_ws/src/agri_robot_description/urdf) by extension 'colcon_pkg'
[0.331s] Level 1:colcon.colcon_core.package_identification:_identify(Agricultural_Bot/ros2_ws/src/agri_robot_description/urdf) by extensions ['colcon_meta']
[0.331s] Level 1:colcon.colcon_core.package_identification:_identify(Agricultural_Bot/ros2_ws/src/agri_robot_description/urdf) by extension 'colcon_meta'
[0.331s] Level 1:colcon.colcon_core.package_identification:_identify(Agricultural_Bot/ros2_ws/src/agri_robot_description/urdf) by extensions ['ros']
[0.331s] Level 1:colcon.colcon_core.package_identification:_identify(Agricultural_Bot/ros2_ws/src/agri_robot_description/urdf) by extension 'ros'
[0.331s] Level 1:colcon.colcon_core.package_identification:_identify(Agricultural_Bot/ros2_ws/src/agri_robot_description/urdf) by extensions ['cmake', 'python']
[0.331s] Level 1:colcon.colcon_core.package_identification:_identify(Agricultural_Bot/ros2_ws/src/agri_robot_description/urdf) by extension 'cmake'
[0.331s] Level 1:colcon.colcon_core.package_identification:_identify(Agricultural_Bot/ros2_ws/src/agri_robot_description/urdf) by extension 'python'
[0.331s] Level 1:colcon.colcon_core.package_identification:_identify(Agricultural_Bot/ros2_ws/src/agri_robot_description/urdf) by extensions ['python_setup_py']
[0.331s] Level 1:colcon.colcon_core.package_identification:_identify(Agricultural_Bot/ros2_ws/src/agri_robot_description/urdf) by extension 'python_setup_py'
[0.331s] Level 1:colcon.colcon_core.package_identification:_identify(Agricultural_Bot/ros2_ws/src/agri_robot_moveit_config) by extensions ['ignore', 'ignore_ament_install']
[0.331s] Level 1:colcon.colcon_core.package_identification:_identify(Agricultural_Bot/ros2_ws/src/agri_robot_moveit_config) by extension 'ignore'
[0.331s] Level 1:colcon.colcon_core.package_identification:_identify(Agricultural_Bot/ros2_ws/src/agri_robot_moveit_config) by extension 'ignore_ament_install'
[0.331s] Level 1:colcon.colcon_core.package_identification:_identify(Agricultural_Bot/ros2_ws/src/agri_robot_moveit_config) by extensions ['colcon_pkg']
[0.331s] Level 1:colcon.colcon_core.package_identification:_identify(Agricultural_Bot/ros2_ws/src/agri_robot_moveit_config) by extension 'colcon_pkg'
[0.331s] Level 1:colcon.colcon_core.package_identification:_identify(Agricultural_Bot/ros2_ws/src/agri_robot_moveit_config) by extensions ['colcon_meta']
[0.331s] Level 1:colcon.colcon_core.package_identification:_identify(Agricultural_Bot/ros2_ws/src/agri_robot_moveit_config) by extension 'colcon_meta'
[0.331s] Level 1:colcon.colcon_core.package_identification:_identify(Agricultural_Bot/ros2_ws/src/agri_robot_moveit_config) by extensions ['ros']
[0.331s] Level 1:colcon.colcon_core.package_identification:_identify(Agricultural_Bot/ros2_ws/src/agri_robot_moveit_config) by extension 'ros'
[0.331s] Level 1:colcon.colcon_core.package_identification:_identify(Agricultural_Bot/ros2_ws/src/agri_robot_moveit_config) by extensions ['cmake', 'python']
[0.331s] Level 1:colcon.colcon_core.package_identification:_identify(Agricultural_Bot/ros2_ws/src/agri_robot_moveit_config) by extension 'cmake'
[0.331s] Level 1:colcon.colcon_core.package_identification:_identify(Agricultural_Bot/ros2_ws/src/agri_robot_moveit_config) by extension 'python'
[0.331s] Level 1:colcon.colcon_core.package_identification:_identify(Agricultural_Bot/ros2_ws/src/agri_robot_moveit_config) by extensions ['python_setup_py']
[0.331s] Level 1:colcon.colcon_core.package_identification:_identify(Agricultural_Bot/ros2_ws/src/agri_robot_moveit_config) by extension 'python_setup_py'
[0.331s] Level 1:colcon.colcon_core.package_identification:_identify(Agricultural_Bot/ros2_ws/src/agri_robot_moveit_config/config) by extensions ['ignore', 'ignore_ament_install']
[0.331s] Level 1:colcon.colcon_core.package_identification:_identify(Agricultural_Bot/ros2_ws/src/agri_robot_moveit_config/config) by extension 'ignore'
[0.331s] Level 1:colcon.colcon_core.package_identification:_identify(Agricultural_Bot/ros2_ws/src/agri_robot_moveit_config/config) by extension 'ignore_ament_install'
[0.331s] Level 1:colcon.colcon_core.package_identification:_identify(Agricultural_Bot/ros2_ws/src/agri_robot_moveit_config/config) by extensions ['colcon_pkg']
[0.331s] Level 1:colcon.colcon_core.package_identification:_identify(Agricultural_Bot/ros2_ws/src/agri_robot_moveit_config/config) by extension 'colcon_pkg'
[0.331s] Level 1:colcon.colcon_core.package_identification:_identify(Agricultural_Bot/ros2_ws/src/agri_robot_moveit_config/config) by extensions ['colcon_meta']
[0.331s] Level 1:colcon.colcon_core.package_identification:_identify(Agricultural_Bot/ros2_ws/src/agri_robot_moveit_config/config) by extension 'colcon_meta'
[0.331s] Level 1:colcon.colcon_core.package_identification:_identify(Agricultural_Bot/ros2_ws/src/agri_robot_moveit_config/config) by extensions ['ros']
[0.331s] Level 1:colcon.colcon_core.package_identification:_identify(Agricultural_Bot/ros2_ws/src/agri_robot_moveit_config/config) by extension 'ros'
[0.331s] Level 1:colcon.colcon_core.package_identification:_identify(Agricultural_Bot/ros2_ws/src/agri_robot_moveit_config/config) by extensions ['cmake', 'python']
[0.331s] Level 1:colcon.colcon_core.package_identification:_identify(Agricultural_Bot/ros2_ws/src/agri_robot_moveit_config/config) by extension 'cmake'
[0.331s] Level 1:colcon.colcon_core.package_identification:_identify(Agricultural_Bot/ros2_ws/src/agri_robot_moveit_config/config) by extension 'python'
[0.331s] Level 1:colcon.colcon_core.package_identification:_identify(Agricultural_Bot/ros2_ws/src/agri_robot_moveit_config/config) by extensions ['python_setup_py']
[0.331s] Level 1:colcon.colcon_core.package_identification:_identify(Agricultural_Bot/ros2_ws/src/agri_robot_moveit_config/config) by extension 'python_setup_py'
[0.331s] Level 1:colcon.colcon_core.package_identification:_identify(Agricultural_Bot/ros2_ws/src/agri_robot_moveit_config/launch) by extensions ['ignore', 'ignore_ament_install']
[0.331s] Level 1:colcon.colcon_core.package_identification:_identify(Agricultural_Bot/ros2_ws/src/agri_robot_moveit_config/launch) by extension 'ignore'
[0.332s] Level 1:colcon.colcon_core.package_identification:_identify(Agricultural_Bot/ros2_ws/src/agri_robot_moveit_config/launch) by extension 'ignore_ament_install'
[0.332s] Level 1:colcon.colcon_core.package_identification:_identify(Agricultural_Bot/ros2_ws/src/agri_robot_moveit_config/launch) by extensions ['colcon_pkg']
[0.332s] Level 1:colcon.colcon_core.package_identification:_identify(Agricultural_Bot/ros2_ws/src/agri_robot_moveit_config/launch) by extension 'colcon_pkg'
[0.332s] Level 1:colcon.colcon_core.package_identification:_identify(Agricultural_Bot/ros2_ws/src/agri_robot_moveit_config/launch) by extensions ['colcon_meta']
[0.332s] Level 1:colcon.colcon_core.package_identification:_identify(Agricultural_Bot/ros2_ws/src/agri_robot_moveit_config/launch) by extension 'colcon_meta'
[0.332s] Level 1:colcon.colcon_core.package_identification:_identify(Agricultural_Bot/ros2_ws/src/agri_robot_moveit_config/launch) by extensions ['ros']
[0.332s] Level 1:colcon.colcon_core.package_identification:_identify(Agricultural_Bot/ros2_ws/src/agri_robot_moveit_config/launch) by extension 'ros'
[0.332s] Level 1:colcon.colcon_core.package_identification:_identify(Agricultural_Bot/ros2_ws/src/agri_robot_moveit_config/launch) by extensions ['cmake', 'python']
[0.332s] Level 1:colcon.colcon_core.package_identification:_identify(Agricultural_Bot/ros2_ws/src/agri_robot_moveit_config/launch) by extension 'cmake'
[0.332s] Level 1:colcon.colcon_core.package_identification:_identify(Agricultural_Bot/ros2_ws/src/agri_robot_moveit_config/launch) by extension 'python'
[0.332s] Level 1:colcon.colcon_core.package_identification:_identify(Agricultural_Bot/ros2_ws/src/agri_robot_moveit_config/launch) by extensions ['python_setup_py']
[0.332s] Level 1:colcon.colcon_core.package_identification:_identify(Agricultural_Bot/ros2_ws/src/agri_robot_moveit_config/launch) by extension 'python_setup_py'
[0.332s] Level 1:colcon.colcon_core.package_identification:_identify(Agricultural_Bot/ros2_ws/src/agri_task_manager) by extensions ['ignore', 'ignore_ament_install']
[0.332s] Level 1:colcon.colcon_core.package_identification:_identify(Agricultural_Bot/ros2_ws/src/agri_task_manager) by extension 'ignore'
[0.332s] Level 1:colcon.colcon_core.package_identification:_identify(Agricultural_Bot/ros2_ws/src/agri_task_manager) by extension 'ignore_ament_install'
[0.332s] Level 1:colcon.colcon_core.package_identification:_identify(Agricultural_Bot/ros2_ws/src/agri_task_manager) by extensions ['colcon_pkg']
[0.332s] Level 1:colcon.colcon_core.package_identification:_identify(Agricultural_Bot/ros2_ws/src/agri_task_manager) by extension 'colcon_pkg'
[0.332s] Level 1:colcon.colcon_core.package_identification:_identify(Agricultural_Bot/ros2_ws/src/agri_task_manager) by extensions ['colcon_meta']
[0.332s] Level 1:colcon.colcon_core.package_identification:_identify(Agricultural_Bot/ros2_ws/src/agri_task_manager) by extension 'colcon_meta'
[0.332s] Level 1:colcon.colcon_core.package_identification:_identify(Agricultural_Bot/ros2_ws/src/agri_task_manager) by extensions ['ros']
[0.332s] Level 1:colcon.colcon_core.package_identification:_identify(Agricultural_Bot/ros2_ws/src/agri_task_manager) by extension 'ros'
[0.332s] Level 1:colcon.colcon_core.package_identification:_identify(Agricultural_Bot/ros2_ws/src/agri_task_manager) by extensions ['cmake', 'python']
[0.332s] Level 1:colcon.colcon_core.package_identification:_identify(Agricultural_Bot/ros2_ws/src/agri_task_manager) by extension 'cmake'
[0.332s] Level 1:colcon.colcon_core.package_identification:_identify(Agricultural_Bot/ros2_ws/src/agri_task_manager) by extension 'python'
[0.332s] Level 1:colcon.colcon_core.package_identification:_identify(Agricultural_Bot/ros2_ws/src/agri_task_manager) by extensions ['python_setup_py']
[0.332s] Level 1:colcon.colcon_core.package_identification:_identify(Agricultural_Bot/ros2_ws/src/agri_task_manager) by extension 'python_setup_py'
[0.332s] Level 1:colcon.colcon_core.package_identification:_identify(Agricultural_Bot/ros2_ws/src/agri_task_manager/agri_task_manager) by extensions ['ignore', 'ignore_ament_install']
[0.332s] Level 1:colcon.colcon_core.package_identification:_identify(Agricultural_Bot/ros2_ws/src/agri_task_manager/agri_task_manager) by extension 'ignore'
[0.332s] Level 1:colcon.colcon_core.package_identification:_identify(Agricultural_Bot/ros2_ws/src/agri_task_manager/agri_task_manager) by extension 'ignore_ament_install'
[0.332s] Level 1:colcon.colcon_core.package_identification:_identify(Agricultural_Bot/ros2_ws/src/agri_task_manager/agri_task_manager) by extensions ['colcon_pkg']
[0.332s] Level 1:colcon.colcon_core.package_identification:_identify(Agricultural_Bot/ros2_ws/src/agri_task_manager/agri_task_manager) by extension 'colcon_pkg'
[0.332s] Level 1:colcon.colcon_core.package_identification:_identify(Agricultural_Bot/ros2_ws/src/agri_task_manager/agri_task_manager) by extensions ['colcon_meta']
[0.332s] Level 1:colcon.colcon_core.package_identification:_identify(Agricultural_Bot/ros2_ws/src/agri_task_manager/agri_task_manager) by extension 'colcon_meta'
[0.332s] Level 1:colcon.colcon_core.package_identification:_identify(Agricultural_Bot/ros2_ws/src/agri_task_manager/agri_task_manager) by extensions ['ros']
[0.332s] Level 1:colcon.colcon_core.package_identification:_identify(Agricultural_Bot/ros2_ws/src/agri_task_manager/agri_task_manager) by extension 'ros'
[0.332s] Level 1:colcon.colcon_core.package_identification:_identify(Agricultural_Bot/ros2_ws/src/agri_task_manager/agri_task_manager) by extensions ['cmake', 'python']
[0.332s] Level 1:colcon.colcon_core.package_identification:_identify(Agricultural_Bot/ros2_ws/src/agri_task_manager/agri_task_manager) by extension 'cmake'
[0.332s] Level 1:colcon.colcon_core.package_identification:_identify(Agricultural_Bot/ros2_ws/src/agri_task_manager/agri_task_manager) by extension 'python'
[0.332s] Level 1:colcon.colcon_core.package_identification:_identify(Agricultural_Bot/ros2_ws/src/agri_task_manager/agri_task_manager) by extensions ['python_setup_py']
[0.332s] Level 1:colcon.colcon_core.package_identification:_identify(Agricultural_Bot/ros2_ws/src/agri_task_manager/agri_task_manager) by extension 'python_setup_py'
[0.333s] Level 1:colcon.colcon_core.package_identification:_identify(Agricultural_Bot/ros2_ws/src/agri_task_manager/config) by extensions ['ignore', 'ignore_ament_install']
[0.333s] Level 1:colcon.colcon_core.package_identification:_identify(Agricultural_Bot/ros2_ws/src/agri_task_manager/config) by extension 'ignore'
[0.333s] Level 1:colcon.colcon_core.package_identification:_identify(Agricultural_Bot/ros2_ws/src/agri_task_manager/config) by extension 'ignore_ament_install'
[0.333s] Level 1:colcon.colcon_core.package_identification:_identify(Agricultural_Bot/ros2_ws/src/agri_task_manager/config) by extensions ['colcon_pkg']
[0.333s] Level 1:colcon.colcon_core.package_identification:_identify(Agricultural_Bot/ros2_ws/src/agri_task_manager/config) by extension 'colcon_pkg'
[0.333s] Level 1:colcon.colcon_core.package_identification:_identify(Agricultural_Bot/ros2_ws/src/agri_task_manager/config) by extensions ['colcon_meta']
[0.333s] Level 1:colcon.colcon_core.package_identification:_identify(Agricultural_Bot/ros2_ws/src/agri_task_manager/config) by extension 'colcon_meta'
[0.333s] Level 1:colcon.colcon_core.package_identification:_identify(Agricultural_Bot/ros2_ws/src/agri_task_manager/config) by extensions ['ros']
[0.333s] Level 1:colcon.colcon_core.package_identification:_identify(Agricultural_Bot/ros2_ws/src/agri_task_manager/config) by extension 'ros'
[0.333s] Level 1:colcon.colcon_core.package_identification:_identify(Agricultural_Bot/ros2_ws/src/agri_task_manager/config) by extensions ['cmake', 'python']
[0.333s] Level 1:colcon.colcon_core.package_identification:_identify(Agricultural_Bot/ros2_ws/src/agri_task_manager/config) by extension 'cmake'
[0.333s] Level 1:colcon.colcon_core.package_identification:_identify(Agricultural_Bot/ros2_ws/src/agri_task_manager/config) by extension 'python'
[0.333s] Level 1:colcon.colcon_core.package_identification:_identify(Agricultural_Bot/ros2_ws/src/agri_task_manager/config) by extensions ['python_setup_py']
[0.333s] Level 1:colcon.colcon_core.package_identification:_identify(Agricultural_Bot/ros2_ws/src/agri_task_manager/config) by extension 'python_setup_py'
[0.333s] Level 1:colcon.colcon_core.package_identification:_identify(Agricultural_Bot/ros2_ws/src/agri_task_manager/config/missions) by extensions ['ignore', 'ignore_ament_install']
[0.333s] Level 1:colcon.colcon_core.package_identification:_identify(Agricultural_Bot/ros2_ws/src/agri_task_manager/config/missions) by extension 'ignore'
[0.333s] Level 1:colcon.colcon_core.package_identification:_identify(Agricultural_Bot/ros2_ws/src/agri_task_manager/config/missions) by extension 'ignore_ament_install'
[0.333s] Level 1:colcon.colcon_core.package_identification:_identify(Agricultural_Bot/ros2_ws/src/agri_task_manager/config/missions) by extensions ['colcon_pkg']
[0.333s] Level 1:colcon.colcon_core.package_identification:_identify(Agricultural_Bot/ros2_ws/src/agri_task_manager/config/missions) by extension 'colcon_pkg'
[0.333s] Level 1:colcon.colcon_core.package_identification:_identify(Agricultural_Bot/ros2_ws/src/agri_task_manager/config/missions) by extensions ['colcon_meta']
[0.333s] Level 1:colcon.colcon_core.package_identification:_identify(Agricultural_Bot/ros2_ws/src/agri_task_manager/config/missions) by extension 'colcon_meta'
[0.333s] Level 1:colcon.colcon_core.package_identification:_identify(Agricultural_Bot/ros2_ws/src/agri_task_manager/config/missions) by extensions ['ros']
[0.333s] Level 1:colcon.colcon_core.package_identification:_identify(Agricultural_Bot/ros2_ws/src/agri_task_manager/config/missions) by extension 'ros'
[0.333s] Level 1:colcon.colcon_core.package_identification:_identify(Agricultural_Bot/ros2_ws/src/agri_task_manager/config/missions) by extensions ['cmake', 'python']
[0.333s] Level 1:colcon.colcon_core.package_identification:_identify(Agricultural_Bot/ros2_ws/src/agri_task_manager/config/missions) by extension 'cmake'
[0.333s] Level 1:colcon.colcon_core.package_identification:_identify(Agricultural_Bot/ros2_ws/src/agri_task_manager/config/missions) by extension 'python'
[0.333s] Level 1:colcon.colcon_core.package_identification:_identify(Agricultural_Bot/ros2_ws/src/agri_task_manager/config/missions) by extensions ['python_setup_py']
[0.333s] Level 1:colcon.colcon_core.package_identification:_identify(Agricultural_Bot/ros2_ws/src/agri_task_manager/config/missions) by extension 'python_setup_py'
[0.333s] Level 1:colcon.colcon_core.package_identification:_identify(Agricultural_Bot/ros2_ws/src/agri_task_manager/launch) by extensions ['ignore', 'ignore_ament_install']
[0.333s] Level 1:colcon.colcon_core.package_identification:_identify(Agricultural_Bot/ros2_ws/src/agri_task_manager/launch) by extension 'ignore'
[0.333s] Level 1:colcon.colcon_core.package_identification:_identify(Agricultural_Bot/ros2_ws/src/agri_task_manager/launch) by extension 'ignore_ament_install'
[0.333s] Level 1:colcon.colcon_core.package_identification:_identify(Agricultural_Bot/ros2_ws/src/agri_task_manager/launch) by extensions ['colcon_pkg']
[0.333s] Level 1:colcon.colcon_core.package_identification:_identify(Agricultural_Bot/ros2_ws/src/agri_task_manager/launch) by extension 'colcon_pkg'
[0.333s] Level 1:colcon.colcon_core.package_identification:_identify(Agricultural_Bot/ros2_ws/src/agri_task_manager/launch) by extensions ['colcon_meta']
[0.333s] Level 1:colcon.colcon_core.package_identification:_identify(Agricultural_Bot/ros2_ws/src/agri_task_manager/launch) by extension 'colcon_meta'
[0.333s] Level 1:colcon.colcon_core.package_identification:_identify(Agricultural_Bot/ros2_ws/src/agri_task_manager/launch) by extensions ['ros']
[0.333s] Level 1:colcon.colcon_core.package_identification:_identify(Agricultural_Bot/ros2_ws/src/agri_task_manager/launch) by extension 'ros'
[0.334s] Level 1:colcon.colcon_core.package_identification:_identify(Agricultural_Bot/ros2_ws/src/agri_task_manager/launch) by extensions ['cmake', 'python']
[0.334s] Level 1:colcon.colcon_core.package_identification:_identify(Agricultural_Bot/ros2_ws/src/agri_task_manager/launch) by extension 'cmake'
[0.334s] Level 1:colcon.colcon_core.package_identification:_identify(Agricultural_Bot/ros2_ws/src/agri_task_manager/launch) by extension 'python'
[0.334s] Level 1:colcon.colcon_core.package_identification:_identify(Agricultural_Bot/ros2_ws/src/agri_task_manager/launch) by extensions ['python_setup_py']
[0.334s] Level 1:colcon.colcon_core.package_identification:_identify(Agricultural_Bot/ros2_ws/src/agri_task_manager/launch) by extension 'python_setup_py'
[0.334s] Level 1:colcon.colcon_core.package_identification:_identify(Agricultural_Bot/ros2_ws/src/agri_task_manager/test) by extensions ['ignore', 'ignore_ament_install']
[0.334s] Level 1:colcon.colcon_core.package_identification:_identify(Agricultural_Bot/ros2_ws/src/agri_task_manager/test) by extension 'ignore'
[0.334s] Level 1:colcon.colcon_core.package_identification:_identify(Agricultural_Bot/ros2_ws/src/agri_task_manager/test) by extension 'ignore_ament_install'
[0.334s] Level 1:colcon.colcon_core.package_identification:_identify(Agricultural_Bot/ros2_ws/src/agri_task_manager/test) by extensions ['colcon_pkg']
[0.334s] Level 1:colcon.colcon_core.package_identification:_identify(Agricultural_Bot/ros2_ws/src/agri_task_manager/test) by extension 'colcon_pkg'
[0.334s] Level 1:colcon.colcon_core.package_identification:_identify(Agricultural_Bot/ros2_ws/src/agri_task_manager/test) by extensions ['colcon_meta']
[0.334s] Level 1:colcon.colcon_core.package_identification:_identify(Agricultural_Bot/ros2_ws/src/agri_task_manager/test) by extension 'colcon_meta'
[0.334s] Level 1:colcon.colcon_core.package_identification:_identify(Agricultural_Bot/ros2_ws/src/agri_task_manager/test) by extensions ['ros']
[0.334s] Level 1:colcon.colcon_core.package_identification:_identify(Agricultural_Bot/ros2_ws/src/agri_task_manager/test) by extension 'ros'
[0.334s] Level 1:colcon.colcon_core.package_identification:_identify(Agricultural_Bot/ros2_ws/src/agri_task_manager/test) by extensions ['cmake', 'python']
[0.334s] Level 1:colcon.colcon_core.package_identification:_identify(Agricultural_Bot/ros2_ws/src/agri_task_manager/test) by extension 'cmake'
[0.334s] Level 1:colcon.colcon_core.package_identification:_identify(Agricultural_Bot/ros2_ws/src/agri_task_manager/test) by extension 'python'
[0.334s] Level 1:colcon.colcon_core.package_identification:_identify(Agricultural_Bot/ros2_ws/src/agri_task_manager/test) by extensions ['python_setup_py']
[0.334s] Level 1:colcon.colcon_core.package_identification:_identify(Agricultural_Bot/ros2_ws/src/agri_task_manager/test) by extension 'python_setup_py'
[0.334s] Level 1:colcon.colcon_core.package_identification:_identify(Agricultural_Bot/ros2_ws/src/agri_tests) by extensions ['ignore', 'ignore_ament_install']
[0.334s] Level 1:colcon.colcon_core.package_identification:_identify(Agricultural_Bot/ros2_ws/src/agri_tests) by extension 'ignore'
[0.334s] Level 1:colcon.colcon_core.package_identification:_identify(Agricultural_Bot/ros2_ws/src/agri_tests) by extension 'ignore_ament_install'
[0.334s] Level 1:colcon.colcon_core.package_identification:_identify(Agricultural_Bot/ros2_ws/src/agri_tests) by extensions ['colcon_pkg']
[0.334s] Level 1:colcon.colcon_core.package_identification:_identify(Agricultural_Bot/ros2_ws/src/agri_tests) by extension 'colcon_pkg'
[0.334s] Level 1:colcon.colcon_core.package_identification:_identify(Agricultural_Bot/ros2_ws/src/agri_tests) by extensions ['colcon_meta']
[0.334s] Level 1:colcon.colcon_core.package_identification:_identify(Agricultural_Bot/ros2_ws/src/agri_tests) by extension 'colcon_meta'
[0.334s] Level 1:colcon.colcon_core.package_identification:_identify(Agricultural_Bot/ros2_ws/src/agri_tests) by extensions ['ros']
[0.334s] Level 1:colcon.colcon_core.package_identification:_identify(Agricultural_Bot/ros2_ws/src/agri_tests) by extension 'ros'
[0.334s] Level 1:colcon.colcon_core.package_identification:_identify(Agricultural_Bot/ros2_ws/src/agri_tests) by extensions ['cmake', 'python']
[0.334s] Level 1:colcon.colcon_core.package_identification:_identify(Agricultural_Bot/ros2_ws/src/agri_tests) by extension 'cmake'
[0.334s] Level 1:colcon.colcon_core.package_identification:_identify(Agricultural_Bot/ros2_ws/src/agri_tests) by extension 'python'
[0.334s] Level 1:colcon.colcon_core.package_identification:_identify(Agricultural_Bot/ros2_ws/src/agri_tests) by extensions ['python_setup_py']
[0.334s] Level 1:colcon.colcon_core.package_identification:_identify(Agricultural_Bot/ros2_ws/src/agri_tests) by extension 'python_setup_py'
[0.334s] Level 1:colcon.colcon_core.package_identification:_identify(Agricultural_Bot/ros2_ws/src/agri_tests/test) by extensions ['ignore', 'ignore_ament_install']
[0.334s] Level 1:colcon.colcon_core.package_identification:_identify(Agricultural_Bot/ros2_ws/src/agri_tests/test) by extension 'ignore'
[0.334s] Level 1:colcon.colcon_core.package_identification:_identify(Agricultural_Bot/ros2_ws/src/agri_tests/test) by extension 'ignore_ament_install'
[0.334s] Level 1:colcon.colcon_core.package_identification:_identify(Agricultural_Bot/ros2_ws/src/agri_tests/test) by extensions ['colcon_pkg']
[0.334s] Level 1:colcon.colcon_core.package_identification:_identify(Agricultural_Bot/ros2_ws/src/agri_tests/test) by extension 'colcon_pkg'
[0.334s] Level 1:colcon.colcon_core.package_identification:_identify(Agricultural_Bot/ros2_ws/src/agri_tests/test) by extensions ['colcon_meta']
[0.334s] Level 1:colcon.colcon_core.package_identification:_identify(Agricultural_Bot/ros2_ws/src/agri_tests/test) by extension 'colcon_meta'
[0.335s] Level 1:colcon.colcon_core.package_identification:_identify(Agricultural_Bot/ros2_ws/src/agri_tests/test) by extensions ['ros']
[0.335s] Level 1:colcon.colcon_core.package_identification:_identify(Agricultural_Bot/ros2_ws/src/agri_tests/test) by extension 'ros'
[0.335s] Level 1:colcon.colcon_core.package_identification:_identify(Agricultural_Bot/ros2_ws/src/agri_tests/test) by extensions ['cmake', 'python']
[0.335s] Level 1:colcon.colcon_core.package_identification:_identify(Agricultural_Bot/ros2_ws/src/agri_tests/test) by extension 'cmake'
[0.335s] Level 1:colcon.colcon_core.package_identification:_identify(Agricultural_Bot/ros2_ws/src/agri_tests/test) by extension 'python'
[0.335s] Level 1:colcon.colcon_core.package_identification:_identify(Agricultural_Bot/ros2_ws/src/agri_tests/test) by extensions ['python_setup_py']
[0.335s] Level 1:colcon.colcon_core.package_identification:_identify(Agricultural_Bot/ros2_ws/src/agri_tests/test) by extension 'python_setup_py'
[0.335s] Level 1:colcon.colcon_core.package_identification:_identify(Agricultural_Bot/ros2_ws/src/agri_tests/test_data) by extensions ['ignore', 'ignore_ament_install']
[0.335s] Level 1:colcon.colcon_core.package_identification:_identify(Agricultural_Bot/ros2_ws/src/agri_tests/test_data) by extension 'ignore'
[0.335s] Level 1:colcon.colcon_core.package_identification:_identify(Agricultural_Bot/ros2_ws/src/agri_tests/test_data) by extension 'ignore_ament_install'
[0.335s] Level 1:colcon.colcon_core.package_identification:_identify(Agricultural_Bot/ros2_ws/src/agri_tests/test_data) by extensions ['colcon_pkg']
[0.335s] Level 1:colcon.colcon_core.package_identification:_identify(Agricultural_Bot/ros2_ws/src/agri_tests/test_data) by extension 'colcon_pkg'
[0.335s] Level 1:colcon.colcon_core.package_identification:_identify(Agricultural_Bot/ros2_ws/src/agri_tests/test_data) by extensions ['colcon_meta']
[0.335s] Level 1:colcon.colcon_core.package_identification:_identify(Agricultural_Bot/ros2_ws/src/agri_tests/test_data) by extension 'colcon_meta'
[0.335s] Level 1:colcon.colcon_core.package_identification:_identify(Agricultural_Bot/ros2_ws/src/agri_tests/test_data) by extensions ['ros']
[0.335s] Level 1:colcon.colcon_core.package_identification:_identify(Agricultural_Bot/ros2_ws/src/agri_tests/test_data) by extension 'ros'
[0.335s] Level 1:colcon.colcon_core.package_identification:_identify(Agricultural_Bot/ros2_ws/src/agri_tests/test_data) by extensions ['cmake', 'python']
[0.335s] Level 1:colcon.colcon_core.package_identification:_identify(Agricultural_Bot/ros2_ws/src/agri_tests/test_data) by extension 'cmake'
[0.335s] Level 1:colcon.colcon_core.package_identification:_identify(Agricultural_Bot/ros2_ws/src/agri_tests/test_data) by extension 'python'
[0.335s] Level 1:colcon.colcon_core.package_identification:_identify(Agricultural_Bot/ros2_ws/src/agri_tests/test_data) by extensions ['python_setup_py']
[0.335s] Level 1:colcon.colcon_core.package_identification:_identify(Agricultural_Bot/ros2_ws/src/agri_tests/test_data) by extension 'python_setup_py'
[0.335s] Level 1:colcon.colcon_core.package_identification:_identify(Agricultural_Bot/sim_ws/src) by extensions ['ignore', 'ignore_ament_install']
[0.335s] Level 1:colcon.colcon_core.package_identification:_identify(Agricultural_Bot/sim_ws/src) by extension 'ignore'
[0.335s] Level 1:colcon.colcon_core.package_identification:_identify(Agricultural_Bot/sim_ws/src) by extension 'ignore_ament_install'
[0.335s] Level 1:colcon.colcon_core.package_identification:_identify(Agricultural_Bot/sim_ws/src) by extensions ['colcon_pkg']
[0.335s] Level 1:colcon.colcon_core.package_identification:_identify(Agricultural_Bot/sim_ws/src) by extension 'colcon_pkg'
[0.335s] Level 1:colcon.colcon_core.package_identification:_identify(Agricultural_Bot/sim_ws/src) by extensions ['colcon_meta']
[0.335s] Level 1:colcon.colcon_core.package_identification:_identify(Agricultural_Bot/sim_ws/src) by extension 'colcon_meta'
[0.335s] Level 1:colcon.colcon_core.package_identification:_identify(Agricultural_Bot/sim_ws/src) by extensions ['ros']
[0.335s] Level 1:colcon.colcon_core.package_identification:_identify(Agricultural_Bot/sim_ws/src) by extension 'ros'
[0.335s] Level 1:colcon.colcon_core.package_identification:_identify(Agricultural_Bot/sim_ws/src) by extensions ['cmake', 'python']
[0.335s] Level 1:colcon.colcon_core.package_identification:_identify(Agricultural_Bot/sim_ws/src) by extension 'cmake'
[0.335s] Level 1:colcon.colcon_core.package_identification:_identify(Agricultural_Bot/sim_ws/src) by extension 'python'
[0.335s] Level 1:colcon.colcon_core.package_identification:_identify(Agricultural_Bot/sim_ws/src) by extensions ['python_setup_py']
[0.335s] Level 1:colcon.colcon_core.package_identification:_identify(Agricultural_Bot/sim_ws/src) by extension 'python_setup_py'
[0.335s] Level 1:colcon.colcon_core.package_identification:_identify(Agricultural_Bot/sim_ws/src/agri_greenhouse_worlds) by extensions ['ignore', 'ignore_ament_install']
[0.335s] Level 1:colcon.colcon_core.package_identification:_identify(Agricultural_Bot/sim_ws/src/agri_greenhouse_worlds) by extension 'ignore'
[0.336s] Level 1:colcon.colcon_core.package_identification:_identify(Agricultural_Bot/sim_ws/src/agri_greenhouse_worlds) by extension 'ignore_ament_install'
[0.336s] Level 1:colcon.colcon_core.package_identification:_identify(Agricultural_Bot/sim_ws/src/agri_greenhouse_worlds) by extensions ['colcon_pkg']
[0.336s] Level 1:colcon.colcon_core.package_identification:_identify(Agricultural_Bot/sim_ws/src/agri_greenhouse_worlds) by extension 'colcon_pkg'
[0.336s] Level 1:colcon.colcon_core.package_identification:_identify(Agricultural_Bot/sim_ws/src/agri_greenhouse_worlds) by extensions ['colcon_meta']
[0.336s] Level 1:colcon.colcon_core.package_identification:_identify(Agricultural_Bot/sim_ws/src/agri_greenhouse_worlds) by extension 'colcon_meta'
[0.336s] Level 1:colcon.colcon_core.package_identification:_identify(Agricultural_Bot/sim_ws/src/agri_greenhouse_worlds) by extensions ['ros']
[0.336s] Level 1:colcon.colcon_core.package_identification:_identify(Agricultural_Bot/sim_ws/src/agri_greenhouse_worlds) by extension 'ros'
[0.336s] Level 1:colcon.colcon_core.package_identification:_identify(Agricultural_Bot/sim_ws/src/agri_greenhouse_worlds) by extensions ['cmake', 'python']
[0.336s] Level 1:colcon.colcon_core.package_identification:_identify(Agricultural_Bot/sim_ws/src/agri_greenhouse_worlds) by extension 'cmake'
[0.336s] Level 1:colcon.colcon_core.package_identification:_identify(Agricultural_Bot/sim_ws/src/agri_greenhouse_worlds) by extension 'python'
[0.336s] Level 1:colcon.colcon_core.package_identification:_identify(Agricultural_Bot/sim_ws/src/agri_greenhouse_worlds) by extensions ['python_setup_py']
[0.336s] Level 1:colcon.colcon_core.package_identification:_identify(Agricultural_Bot/sim_ws/src/agri_greenhouse_worlds) by extension 'python_setup_py'
[0.336s] Level 1:colcon.colcon_core.package_identification:_identify(Agricultural_Bot/sim_ws/src/agri_greenhouse_worlds/config) by extensions ['ignore', 'ignore_ament_install']
[0.336s] Level 1:colcon.colcon_core.package_identification:_identify(Agricultural_Bot/sim_ws/src/agri_greenhouse_worlds/config) by extension 'ignore'
[0.336s] Level 1:colcon.colcon_core.package_identification:_identify(Agricultural_Bot/sim_ws/src/agri_greenhouse_worlds/config) by extension 'ignore_ament_install'
[0.336s] Level 1:colcon.colcon_core.package_identification:_identify(Agricultural_Bot/sim_ws/src/agri_greenhouse_worlds/config) by extensions ['colcon_pkg']
[0.336s] Level 1:colcon.colcon_core.package_identification:_identify(Agricultural_Bot/sim_ws/src/agri_greenhouse_worlds/config) by extension 'colcon_pkg'
[0.336s] Level 1:colcon.colcon_core.package_identification:_identify(Agricultural_Bot/sim_ws/src/agri_greenhouse_worlds/config) by extensions ['colcon_meta']
[0.336s] Level 1:colcon.colcon_core.package_identification:_identify(Agricultural_Bot/sim_ws/src/agri_greenhouse_worlds/config) by extension 'colcon_meta'
[0.336s] Level 1:colcon.colcon_core.package_identification:_identify(Agricultural_Bot/sim_ws/src/agri_greenhouse_worlds/config) by extensions ['ros']
[0.336s] Level 1:colcon.colcon_core.package_identification:_identify(Agricultural_Bot/sim_ws/src/agri_greenhouse_worlds/config) by extension 'ros'
[0.336s] Level 1:colcon.colcon_core.package_identification:_identify(Agricultural_Bot/sim_ws/src/agri_greenhouse_worlds/config) by extensions ['cmake', 'python']
[0.336s] Level 1:colcon.colcon_core.package_identification:_identify(Agricultural_Bot/sim_ws/src/agri_greenhouse_worlds/config) by extension 'cmake'
[0.336s] Level 1:colcon.colcon_core.package_identification:_identify(Agricultural_Bot/sim_ws/src/agri_greenhouse_worlds/config) by extension 'python'
[0.336s] Level 1:colcon.colcon_core.package_identification:_identify(Agricultural_Bot/sim_ws/src/agri_greenhouse_worlds/config) by extensions ['python_setup_py']
[0.336s] Level 1:colcon.colcon_core.package_identification:_identify(Agricultural_Bot/sim_ws/src/agri_greenhouse_worlds/config) by extension 'python_setup_py'
[0.336s] Level 1:colcon.colcon_core.package_identification:_identify(Agricultural_Bot/sim_ws/src/agri_greenhouse_worlds/models) by extensions ['ignore', 'ignore_ament_install']
[0.336s] Level 1:colcon.colcon_core.package_identification:_identify(Agricultural_Bot/sim_ws/src/agri_greenhouse_worlds/models) by extension 'ignore'
[0.336s] Level 1:colcon.colcon_core.package_identification:_identify(Agricultural_Bot/sim_ws/src/agri_greenhouse_worlds/models) by extension 'ignore_ament_install'
[0.336s] Level 1:colcon.colcon_core.package_identification:_identify(Agricultural_Bot/sim_ws/src/agri_greenhouse_worlds/models) by extensions ['colcon_pkg']
[0.336s] Level 1:colcon.colcon_core.package_identification:_identify(Agricultural_Bot/sim_ws/src/agri_greenhouse_worlds/models) by extension 'colcon_pkg'
[0.336s] Level 1:colcon.colcon_core.package_identification:_identify(Agricultural_Bot/sim_ws/src/agri_greenhouse_worlds/models) by extensions ['colcon_meta']
[0.336s] Level 1:colcon.colcon_core.package_identification:_identify(Agricultural_Bot/sim_ws/src/agri_greenhouse_worlds/models) by extension 'colcon_meta'
[0.336s] Level 1:colcon.colcon_core.package_identification:_identify(Agricultural_Bot/sim_ws/src/agri_greenhouse_worlds/models) by extensions ['ros']
[0.336s] Level 1:colcon.colcon_core.package_identification:_identify(Agricultural_Bot/sim_ws/src/agri_greenhouse_worlds/models) by extension 'ros'
[0.336s] Level 1:colcon.colcon_core.package_identification:_identify(Agricultural_Bot/sim_ws/src/agri_greenhouse_worlds/models) by extensions ['cmake', 'python']
[0.336s] Level 1:colcon.colcon_core.package_identification:_identify(Agricultural_Bot/sim_ws/src/agri_greenhouse_worlds/models) by extension 'cmake'
[0.336s] Level 1:colcon.colcon_core.package_identification:_identify(Agricultural_Bot/sim_ws/src/agri_greenhouse_worlds/models) by extension 'python'
[0.336s] Level 1:colcon.colcon_core.package_identification:_identify(Agricultural_Bot/sim_ws/src/agri_greenhouse_worlds/models) by extensions ['python_setup_py']
[0.337s] Level 1:colcon.colcon_core.package_identification:_identify(Agricultural_Bot/sim_ws/src/agri_greenhouse_worlds/models) by extension 'python_setup_py'
[0.337s] Level 1:colcon.colcon_core.package_identification:_identify(Agricultural_Bot/sim_ws/src/agri_greenhouse_worlds/scripts) by extensions ['ignore', 'ignore_ament_install']
[0.337s] Level 1:colcon.colcon_core.package_identification:_identify(Agricultural_Bot/sim_ws/src/agri_greenhouse_worlds/scripts) by extension 'ignore'
[0.337s] Level 1:colcon.colcon_core.package_identification:_identify(Agricultural_Bot/sim_ws/src/agri_greenhouse_worlds/scripts) by extension 'ignore_ament_install'
[0.337s] Level 1:colcon.colcon_core.package_identification:_identify(Agricultural_Bot/sim_ws/src/agri_greenhouse_worlds/scripts) by extensions ['colcon_pkg']
[0.337s] Level 1:colcon.colcon_core.package_identification:_identify(Agricultural_Bot/sim_ws/src/agri_greenhouse_worlds/scripts) by extension 'colcon_pkg'
[0.337s] Level 1:colcon.colcon_core.package_identification:_identify(Agricultural_Bot/sim_ws/src/agri_greenhouse_worlds/scripts) by extensions ['colcon_meta']
[0.337s] Level 1:colcon.colcon_core.package_identification:_identify(Agricultural_Bot/sim_ws/src/agri_greenhouse_worlds/scripts) by extension 'colcon_meta'
[0.337s] Level 1:colcon.colcon_core.package_identification:_identify(Agricultural_Bot/sim_ws/src/agri_greenhouse_worlds/scripts) by extensions ['ros']
[0.337s] Level 1:colcon.colcon_core.package_identification:_identify(Agricultural_Bot/sim_ws/src/agri_greenhouse_worlds/scripts) by extension 'ros'
[0.337s] Level 1:colcon.colcon_core.package_identification:_identify(Agricultural_Bot/sim_ws/src/agri_greenhouse_worlds/scripts) by extensions ['cmake', 'python']
[0.337s] Level 1:colcon.colcon_core.package_identification:_identify(Agricultural_Bot/sim_ws/src/agri_greenhouse_worlds/scripts) by extension 'cmake'
[0.337s] Level 1:colcon.colcon_core.package_identification:_identify(Agricultural_Bot/sim_ws/src/agri_greenhouse_worlds/scripts) by extension 'python'
[0.337s] Level 1:colcon.colcon_core.package_identification:_identify(Agricultural_Bot/sim_ws/src/agri_greenhouse_worlds/scripts) by extensions ['python_setup_py']
[0.337s] Level 1:colcon.colcon_core.package_identification:_identify(Agricultural_Bot/sim_ws/src/agri_greenhouse_worlds/scripts) by extension 'python_setup_py'
[0.337s] Level 1:colcon.colcon_core.package_identification:_identify(Agricultural_Bot/sim_ws/src/agri_greenhouse_worlds/worlds) by extensions ['ignore', 'ignore_ament_install']
[0.337s] Level 1:colcon.colcon_core.package_identification:_identify(Agricultural_Bot/sim_ws/src/agri_greenhouse_worlds/worlds) by extension 'ignore'
[0.337s] Level 1:colcon.colcon_core.package_identification:_identify(Agricultural_Bot/sim_ws/src/agri_greenhouse_worlds/worlds) by extension 'ignore_ament_install'
[0.337s] Level 1:colcon.colcon_core.package_identification:_identify(Agricultural_Bot/sim_ws/src/agri_greenhouse_worlds/worlds) by extensions ['colcon_pkg']
[0.337s] Level 1:colcon.colcon_core.package_identification:_identify(Agricultural_Bot/sim_ws/src/agri_greenhouse_worlds/worlds) by extension 'colcon_pkg'
[0.337s] Level 1:colcon.colcon_core.package_identification:_identify(Agricultural_Bot/sim_ws/src/agri_greenhouse_worlds/worlds) by extensions ['colcon_meta']
[0.337s] Level 1:colcon.colcon_core.package_identification:_identify(Agricultural_Bot/sim_ws/src/agri_greenhouse_worlds/worlds) by extension 'colcon_meta'
[0.337s] Level 1:colcon.colcon_core.package_identification:_identify(Agricultural_Bot/sim_ws/src/agri_greenhouse_worlds/worlds) by extensions ['ros']
[0.337s] Level 1:colcon.colcon_core.package_identification:_identify(Agricultural_Bot/sim_ws/src/agri_greenhouse_worlds/worlds) by extension 'ros'
[0.337s] Level 1:colcon.colcon_core.package_identification:_identify(Agricultural_Bot/sim_ws/src/agri_greenhouse_worlds/worlds) by extensions ['cmake', 'python']
[0.337s] Level 1:colcon.colcon_core.package_identification:_identify(Agricultural_Bot/sim_ws/src/agri_greenhouse_worlds/worlds) by extension 'cmake'
[0.337s] Level 1:colcon.colcon_core.package_identification:_identify(Agricultural_Bot/sim_ws/src/agri_greenhouse_worlds/worlds) by extension 'python'
[0.337s] Level 1:colcon.colcon_core.package_identification:_identify(Agricultural_Bot/sim_ws/src/agri_greenhouse_worlds/worlds) by extensions ['python_setup_py']
[0.337s] Level 1:colcon.colcon_core.package_identification:_identify(Agricultural_Bot/sim_ws/src/agri_greenhouse_worlds/worlds) by extension 'python_setup_py'
[0.337s] Level 1:colcon.colcon_core.package_identification:_identify(Agricultural_Bot/sim_ws/src/agri_sim_assets) by extensions ['ignore', 'ignore_ament_install']
[0.337s] Level 1:colcon.colcon_core.package_identification:_identify(Agricultural_Bot/sim_ws/src/agri_sim_assets) by extension 'ignore'
[0.337s] Level 1:colcon.colcon_core.package_identification:_identify(Agricultural_Bot/sim_ws/src/agri_sim_assets) by extension 'ignore_ament_install'
[0.337s] Level 1:colcon.colcon_core.package_identification:_identify(Agricultural_Bot/sim_ws/src/agri_sim_assets) by extensions ['colcon_pkg']
[0.337s] Level 1:colcon.colcon_core.package_identification:_identify(Agricultural_Bot/sim_ws/src/agri_sim_assets) by extension 'colcon_pkg'
[0.337s] Level 1:colcon.colcon_core.package_identification:_identify(Agricultural_Bot/sim_ws/src/agri_sim_assets) by extensions ['colcon_meta']
[0.337s] Level 1:colcon.colcon_core.package_identification:_identify(Agricultural_Bot/sim_ws/src/agri_sim_assets) by extension 'colcon_meta'
[0.338s] Level 1:colcon.colcon_core.package_identification:_identify(Agricultural_Bot/sim_ws/src/agri_sim_assets) by extensions ['ros']
[0.338s] Level 1:colcon.colcon_core.package_identification:_identify(Agricultural_Bot/sim_ws/src/agri_sim_assets) by extension 'ros'
[0.338s] Level 1:colcon.colcon_core.package_identification:_identify(Agricultural_Bot/sim_ws/src/agri_sim_assets) by extensions ['cmake', 'python']
[0.338s] Level 1:colcon.colcon_core.package_identification:_identify(Agricultural_Bot/sim_ws/src/agri_sim_assets) by extension 'cmake'
[0.338s] Level 1:colcon.colcon_core.package_identification:_identify(Agricultural_Bot/sim_ws/src/agri_sim_assets) by extension 'python'
[0.338s] Level 1:colcon.colcon_core.package_identification:_identify(Agricultural_Bot/sim_ws/src/agri_sim_assets) by extensions ['python_setup_py']
[0.338s] Level 1:colcon.colcon_core.package_identification:_identify(Agricultural_Bot/sim_ws/src/agri_sim_assets) by extension 'python_setup_py'
[0.338s] Level 1:colcon.colcon_core.package_identification:_identify(Agricultural_Bot/sim_ws/src/agri_sim_assets/materials) by extensions ['ignore', 'ignore_ament_install']
[0.338s] Level 1:colcon.colcon_core.package_identification:_identify(Agricultural_Bot/sim_ws/src/agri_sim_assets/materials) by extension 'ignore'
[0.338s] Level 1:colcon.colcon_core.package_identification:_identify(Agricultural_Bot/sim_ws/src/agri_sim_assets/materials) by extension 'ignore_ament_install'
[0.338s] Level 1:colcon.colcon_core.package_identification:_identify(Agricultural_Bot/sim_ws/src/agri_sim_assets/materials) by extensions ['colcon_pkg']
[0.338s] Level 1:colcon.colcon_core.package_identification:_identify(Agricultural_Bot/sim_ws/src/agri_sim_assets/materials) by extension 'colcon_pkg'
[0.338s] Level 1:colcon.colcon_core.package_identification:_identify(Agricultural_Bot/sim_ws/src/agri_sim_assets/materials) by extensions ['colcon_meta']
[0.338s] Level 1:colcon.colcon_core.package_identification:_identify(Agricultural_Bot/sim_ws/src/agri_sim_assets/materials) by extension 'colcon_meta'
[0.338s] Level 1:colcon.colcon_core.package_identification:_identify(Agricultural_Bot/sim_ws/src/agri_sim_assets/materials) by extensions ['ros']
[0.338s] Level 1:colcon.colcon_core.package_identification:_identify(Agricultural_Bot/sim_ws/src/agri_sim_assets/materials) by extension 'ros'
[0.338s] Level 1:colcon.colcon_core.package_identification:_identify(Agricultural_Bot/sim_ws/src/agri_sim_assets/materials) by extensions ['cmake', 'python']
[0.338s] Level 1:colcon.colcon_core.package_identification:_identify(Agricultural_Bot/sim_ws/src/agri_sim_assets/materials) by extension 'cmake'
[0.338s] Level 1:colcon.colcon_core.package_identification:_identify(Agricultural_Bot/sim_ws/src/agri_sim_assets/materials) by extension 'python'
[0.338s] Level 1:colcon.colcon_core.package_identification:_identify(Agricultural_Bot/sim_ws/src/agri_sim_assets/materials) by extensions ['python_setup_py']
[0.338s] Level 1:colcon.colcon_core.package_identification:_identify(Agricultural_Bot/sim_ws/src/agri_sim_assets/materials) by extension 'python_setup_py'
[0.338s] Level 1:colcon.colcon_core.package_identification:_identify(Agricultural_Bot/sim_ws/src/agri_sim_assets/materials/textures) by extensions ['ignore', 'ignore_ament_install']
[0.338s] Level 1:colcon.colcon_core.package_identification:_identify(Agricultural_Bot/sim_ws/src/agri_sim_assets/materials/textures) by extension 'ignore'
[0.338s] Level 1:colcon.colcon_core.package_identification:_identify(Agricultural_Bot/sim_ws/src/agri_sim_assets/materials/textures) by extension 'ignore_ament_install'
[0.338s] Level 1:colcon.colcon_core.package_identification:_identify(Agricultural_Bot/sim_ws/src/agri_sim_assets/materials/textures) by extensions ['colcon_pkg']
[0.338s] Level 1:colcon.colcon_core.package_identification:_identify(Agricultural_Bot/sim_ws/src/agri_sim_assets/materials/textures) by extension 'colcon_pkg'
[0.338s] Level 1:colcon.colcon_core.package_identification:_identify(Agricultural_Bot/sim_ws/src/agri_sim_assets/materials/textures) by extensions ['colcon_meta']
[0.338s] Level 1:colcon.colcon_core.package_identification:_identify(Agricultural_Bot/sim_ws/src/agri_sim_assets/materials/textures) by extension 'colcon_meta'
[0.338s] Level 1:colcon.colcon_core.package_identification:_identify(Agricultural_Bot/sim_ws/src/agri_sim_assets/materials/textures) by extensions ['ros']
[0.338s] Level 1:colcon.colcon_core.package_identification:_identify(Agricultural_Bot/sim_ws/src/agri_sim_assets/materials/textures) by extension 'ros'
[0.338s] Level 1:colcon.colcon_core.package_identification:_identify(Agricultural_Bot/sim_ws/src/agri_sim_assets/materials/textures) by extensions ['cmake', 'python']
[0.338s] Level 1:colcon.colcon_core.package_identification:_identify(Agricultural_Bot/sim_ws/src/agri_sim_assets/materials/textures) by extension 'cmake'
[0.338s] Level 1:colcon.colcon_core.package_identification:_identify(Agricultural_Bot/sim_ws/src/agri_sim_assets/materials/textures) by extension 'python'
[0.338s] Level 1:colcon.colcon_core.package_identification:_identify(Agricultural_Bot/sim_ws/src/agri_sim_assets/materials/textures) by extensions ['python_setup_py']
[0.338s] Level 1:colcon.colcon_core.package_identification:_identify(Agricultural_Bot/sim_ws/src/agri_sim_assets/materials/textures) by extension 'python_setup_py'
[0.338s] Level 1:colcon.colcon_core.package_identification:_identify(Agricultural_Bot/sim_ws/src/agri_sim_assets/meshes) by extensions ['ignore', 'ignore_ament_install']
[0.338s] Level 1:colcon.colcon_core.package_identification:_identify(Agricultural_Bot/sim_ws/src/agri_sim_assets/meshes) by extension 'ignore'
[0.338s] Level 1:colcon.colcon_core.package_identification:_identify(Agricultural_Bot/sim_ws/src/agri_sim_assets/meshes) by extension 'ignore_ament_install'
[0.339s] Level 1:colcon.colcon_core.package_identification:_identify(Agricultural_Bot/sim_ws/src/agri_sim_assets/meshes) by extensions ['colcon_pkg']
[0.339s] Level 1:colcon.colcon_core.package_identification:_identify(Agricultural_Bot/sim_ws/src/agri_sim_assets/meshes) by extension 'colcon_pkg'
[0.339s] Level 1:colcon.colcon_core.package_identification:_identify(Agricultural_Bot/sim_ws/src/agri_sim_assets/meshes) by extensions ['colcon_meta']
[0.339s] Level 1:colcon.colcon_core.package_identification:_identify(Agricultural_Bot/sim_ws/src/agri_sim_assets/meshes) by extension 'colcon_meta'
[0.339s] Level 1:colcon.colcon_core.package_identification:_identify(Agricultural_Bot/sim_ws/src/agri_sim_assets/meshes) by extensions ['ros']
[0.339s] Level 1:colcon.colcon_core.package_identification:_identify(Agricultural_Bot/sim_ws/src/agri_sim_assets/meshes) by extension 'ros'
[0.339s] Level 1:colcon.colcon_core.package_identification:_identify(Agricultural_Bot/sim_ws/src/agri_sim_assets/meshes) by extensions ['cmake', 'python']
[0.339s] Level 1:colcon.colcon_core.package_identification:_identify(Agricultural_Bot/sim_ws/src/agri_sim_assets/meshes) by extension 'cmake'
[0.339s] Level 1:colcon.colcon_core.package_identification:_identify(Agricultural_Bot/sim_ws/src/agri_sim_assets/meshes) by extension 'python'
[0.339s] Level 1:colcon.colcon_core.package_identification:_identify(Agricultural_Bot/sim_ws/src/agri_sim_assets/meshes) by extensions ['python_setup_py']
[0.339s] Level 1:colcon.colcon_core.package_identification:_identify(Agricultural_Bot/sim_ws/src/agri_sim_assets/meshes) by extension 'python_setup_py'
[0.339s] Level 1:colcon.colcon_core.package_identification:_identify(Agricultural_Bot/sim_ws/src/agri_sim_assets/models) by extensions ['ignore', 'ignore_ament_install']
[0.339s] Level 1:colcon.colcon_core.package_identification:_identify(Agricultural_Bot/sim_ws/src/agri_sim_assets/models) by extension 'ignore'
[0.339s] Level 1:colcon.colcon_core.package_identification:_identify(Agricultural_Bot/sim_ws/src/agri_sim_assets/models) by extension 'ignore_ament_install'
[0.339s] Level 1:colcon.colcon_core.package_identification:_identify(Agricultural_Bot/sim_ws/src/agri_sim_assets/models) by extensions ['colcon_pkg']
[0.339s] Level 1:colcon.colcon_core.package_identification:_identify(Agricultural_Bot/sim_ws/src/agri_sim_assets/models) by extension 'colcon_pkg'
[0.339s] Level 1:colcon.colcon_core.package_identification:_identify(Agricultural_Bot/sim_ws/src/agri_sim_assets/models) by extensions ['colcon_meta']
[0.339s] Level 1:colcon.colcon_core.package_identification:_identify(Agricultural_Bot/sim_ws/src/agri_sim_assets/models) by extension 'colcon_meta'
[0.339s] Level 1:colcon.colcon_core.package_identification:_identify(Agricultural_Bot/sim_ws/src/agri_sim_assets/models) by extensions ['ros']
[0.339s] Level 1:colcon.colcon_core.package_identification:_identify(Agricultural_Bot/sim_ws/src/agri_sim_assets/models) by extension 'ros'
[0.339s] Level 1:colcon.colcon_core.package_identification:_identify(Agricultural_Bot/sim_ws/src/agri_sim_assets/models) by extensions ['cmake', 'python']
[0.339s] Level 1:colcon.colcon_core.package_identification:_identify(Agricultural_Bot/sim_ws/src/agri_sim_assets/models) by extension 'cmake'
[0.339s] Level 1:colcon.colcon_core.package_identification:_identify(Agricultural_Bot/sim_ws/src/agri_sim_assets/models) by extension 'python'
[0.339s] Level 1:colcon.colcon_core.package_identification:_identify(Agricultural_Bot/sim_ws/src/agri_sim_assets/models) by extensions ['python_setup_py']
[0.339s] Level 1:colcon.colcon_core.package_identification:_identify(Agricultural_Bot/sim_ws/src/agri_sim_assets/models) by extension 'python_setup_py'
[0.339s] Level 1:colcon.colcon_core.package_identification:_identify(Agricultural_Bot/sim_ws/src/agri_sim_bringup) by extensions ['ignore', 'ignore_ament_install']
[0.339s] Level 1:colcon.colcon_core.package_identification:_identify(Agricultural_Bot/sim_ws/src/agri_sim_bringup) by extension 'ignore'
[0.339s] Level 1:colcon.colcon_core.package_identification:_identify(Agricultural_Bot/sim_ws/src/agri_sim_bringup) by extension 'ignore_ament_install'
[0.339s] Level 1:colcon.colcon_core.package_identification:_identify(Agricultural_Bot/sim_ws/src/agri_sim_bringup) by extensions ['colcon_pkg']
[0.339s] Level 1:colcon.colcon_core.package_identification:_identify(Agricultural_Bot/sim_ws/src/agri_sim_bringup) by extension 'colcon_pkg'
[0.339s] Level 1:colcon.colcon_core.package_identification:_identify(Agricultural_Bot/sim_ws/src/agri_sim_bringup) by extensions ['colcon_meta']
[0.339s] Level 1:colcon.colcon_core.package_identification:_identify(Agricultural_Bot/sim_ws/src/agri_sim_bringup) by extension 'colcon_meta'
[0.339s] Level 1:colcon.colcon_core.package_identification:_identify(Agricultural_Bot/sim_ws/src/agri_sim_bringup) by extensions ['ros']
[0.339s] Level 1:colcon.colcon_core.package_identification:_identify(Agricultural_Bot/sim_ws/src/agri_sim_bringup) by extension 'ros'
[0.339s] Level 1:colcon.colcon_core.package_identification:_identify(Agricultural_Bot/sim_ws/src/agri_sim_bringup) by extensions ['cmake', 'python']
[0.339s] Level 1:colcon.colcon_core.package_identification:_identify(Agricultural_Bot/sim_ws/src/agri_sim_bringup) by extension 'cmake'
[0.339s] Level 1:colcon.colcon_core.package_identification:_identify(Agricultural_Bot/sim_ws/src/agri_sim_bringup) by extension 'python'
[0.339s] Level 1:colcon.colcon_core.package_identification:_identify(Agricultural_Bot/sim_ws/src/agri_sim_bringup) by extensions ['python_setup_py']
[0.339s] Level 1:colcon.colcon_core.package_identification:_identify(Agricultural_Bot/sim_ws/src/agri_sim_bringup) by extension 'python_setup_py'
[0.340s] Level 1:colcon.colcon_core.package_identification:_identify(Agricultural_Bot/sim_ws/src/agri_sim_bringup/config) by extensions ['ignore', 'ignore_ament_install']
[0.340s] Level 1:colcon.colcon_core.package_identification:_identify(Agricultural_Bot/sim_ws/src/agri_sim_bringup/config) by extension 'ignore'
[0.340s] Level 1:colcon.colcon_core.package_identification:_identify(Agricultural_Bot/sim_ws/src/agri_sim_bringup/config) by extension 'ignore_ament_install'
[0.340s] Level 1:colcon.colcon_core.package_identification:_identify(Agricultural_Bot/sim_ws/src/agri_sim_bringup/config) by extensions ['colcon_pkg']
[0.340s] Level 1:colcon.colcon_core.package_identification:_identify(Agricultural_Bot/sim_ws/src/agri_sim_bringup/config) by extension 'colcon_pkg'
[0.340s] Level 1:colcon.colcon_core.package_identification:_identify(Agricultural_Bot/sim_ws/src/agri_sim_bringup/config) by extensions ['colcon_meta']
[0.340s] Level 1:colcon.colcon_core.package_identification:_identify(Agricultural_Bot/sim_ws/src/agri_sim_bringup/config) by extension 'colcon_meta'
[0.340s] Level 1:colcon.colcon_core.package_identification:_identify(Agricultural_Bot/sim_ws/src/agri_sim_bringup/config) by extensions ['ros']
[0.340s] Level 1:colcon.colcon_core.package_identification:_identify(Agricultural_Bot/sim_ws/src/agri_sim_bringup/config) by extension 'ros'
[0.340s] Level 1:colcon.colcon_core.package_identification:_identify(Agricultural_Bot/sim_ws/src/agri_sim_bringup/config) by extensions ['cmake', 'python']
[0.340s] Level 1:colcon.colcon_core.package_identification:_identify(Agricultural_Bot/sim_ws/src/agri_sim_bringup/config) by extension 'cmake'
[0.340s] Level 1:colcon.colcon_core.package_identification:_identify(Agricultural_Bot/sim_ws/src/agri_sim_bringup/config) by extension 'python'
[0.340s] Level 1:colcon.colcon_core.package_identification:_identify(Agricultural_Bot/sim_ws/src/agri_sim_bringup/config) by extensions ['python_setup_py']
[0.340s] Level 1:colcon.colcon_core.package_identification:_identify(Agricultural_Bot/sim_ws/src/agri_sim_bringup/config) by extension 'python_setup_py'
[0.340s] Level 1:colcon.colcon_core.package_identification:_identify(Agricultural_Bot/sim_ws/src/agri_sim_bringup/launch) by extensions ['ignore', 'ignore_ament_install']
[0.340s] Level 1:colcon.colcon_core.package_identification:_identify(Agricultural_Bot/sim_ws/src/agri_sim_bringup/launch) by extension 'ignore'
[0.340s] Level 1:colcon.colcon_core.package_identification:_identify(Agricultural_Bot/sim_ws/src/agri_sim_bringup/launch) by extension 'ignore_ament_install'
[0.340s] Level 1:colcon.colcon_core.package_identification:_identify(Agricultural_Bot/sim_ws/src/agri_sim_bringup/launch) by extensions ['colcon_pkg']
[0.340s] Level 1:colcon.colcon_core.package_identification:_identify(Agricultural_Bot/sim_ws/src/agri_sim_bringup/launch) by extension 'colcon_pkg'
[0.340s] Level 1:colcon.colcon_core.package_identification:_identify(Agricultural_Bot/sim_ws/src/agri_sim_bringup/launch) by extensions ['colcon_meta']
[0.340s] Level 1:colcon.colcon_core.package_identification:_identify(Agricultural_Bot/sim_ws/src/agri_sim_bringup/launch) by extension 'colcon_meta'
[0.340s] Level 1:colcon.colcon_core.package_identification:_identify(Agricultural_Bot/sim_ws/src/agri_sim_bringup/launch) by extensions ['ros']
[0.340s] Level 1:colcon.colcon_core.package_identification:_identify(Agricultural_Bot/sim_ws/src/agri_sim_bringup/launch) by extension 'ros'
[0.340s] Level 1:colcon.colcon_core.package_identification:_identify(Agricultural_Bot/sim_ws/src/agri_sim_bringup/launch) by extensions ['cmake', 'python']
[0.340s] Level 1:colcon.colcon_core.package_identification:_identify(Agricultural_Bot/sim_ws/src/agri_sim_bringup/launch) by extension 'cmake'
[0.340s] Level 1:colcon.colcon_core.package_identification:_identify(Agricultural_Bot/sim_ws/src/agri_sim_bringup/launch) by extension 'python'
[0.340s] Level 1:colcon.colcon_core.package_identification:_identify(Agricultural_Bot/sim_ws/src/agri_sim_bringup/launch) by extensions ['python_setup_py']
[0.340s] Level 1:colcon.colcon_core.package_identification:_identify(Agricultural_Bot/sim_ws/src/agri_sim_bringup/launch) by extension 'python_setup_py'
[0.340s] Level 1:colcon.colcon_core.package_identification:_identify(Agricultural_Bot/sim_ws/src/agri_sim_bringup/rviz) by extensions ['ignore', 'ignore_ament_install']
[0.340s] Level 1:colcon.colcon_core.package_identification:_identify(Agricultural_Bot/sim_ws/src/agri_sim_bringup/rviz) by extension 'ignore'
[0.340s] Level 1:colcon.colcon_core.package_identification:_identify(Agricultural_Bot/sim_ws/src/agri_sim_bringup/rviz) by extension 'ignore_ament_install'
[0.340s] Level 1:colcon.colcon_core.package_identification:_identify(Agricultural_Bot/sim_ws/src/agri_sim_bringup/rviz) by extensions ['colcon_pkg']
[0.340s] Level 1:colcon.colcon_core.package_identification:_identify(Agricultural_Bot/sim_ws/src/agri_sim_bringup/rviz) by extension 'colcon_pkg'
[0.340s] Level 1:colcon.colcon_core.package_identification:_identify(Agricultural_Bot/sim_ws/src/agri_sim_bringup/rviz) by extensions ['colcon_meta']
[0.340s] Level 1:colcon.colcon_core.package_identification:_identify(Agricultural_Bot/sim_ws/src/agri_sim_bringup/rviz) by extension 'colcon_meta'
[0.340s] Level 1:colcon.colcon_core.package_identification:_identify(Agricultural_Bot/sim_ws/src/agri_sim_bringup/rviz) by extensions ['ros']
[0.340s] Level 1:colcon.colcon_core.package_identification:_identify(Agricultural_Bot/sim_ws/src/agri_sim_bringup/rviz) by extension 'ros'
[0.340s] Level 1:colcon.colcon_core.package_identification:_identify(Agricultural_Bot/sim_ws/src/agri_sim_bringup/rviz) by extensions ['cmake', 'python']
[0.340s] Level 1:colcon.colcon_core.package_identification:_identify(Agricultural_Bot/sim_ws/src/agri_sim_bringup/rviz) by extension 'cmake'
[0.340s] Level 1:colcon.colcon_core.package_identification:_identify(Agricultural_Bot/sim_ws/src/agri_sim_bringup/rviz) by extension 'python'
[0.341s] Level 1:colcon.colcon_core.package_identification:_identify(Agricultural_Bot/sim_ws/src/agri_sim_bringup/rviz) by extensions ['python_setup_py']
[0.341s] Level 1:colcon.colcon_core.package_identification:_identify(Agricultural_Bot/sim_ws/src/agri_sim_bringup/rviz) by extension 'python_setup_py'
[0.341s] Level 1:colcon.colcon_core.package_identification:_identify(Agricultural_Bot/sim_ws/src/agri_sim_control) by extensions ['ignore', 'ignore_ament_install']
[0.341s] Level 1:colcon.colcon_core.package_identification:_identify(Agricultural_Bot/sim_ws/src/agri_sim_control) by extension 'ignore'
[0.341s] Level 1:colcon.colcon_core.package_identification:_identify(Agricultural_Bot/sim_ws/src/agri_sim_control) by extension 'ignore_ament_install'
[0.341s] Level 1:colcon.colcon_core.package_identification:_identify(Agricultural_Bot/sim_ws/src/agri_sim_control) by extensions ['colcon_pkg']
[0.341s] Level 1:colcon.colcon_core.package_identification:_identify(Agricultural_Bot/sim_ws/src/agri_sim_control) by extension 'colcon_pkg'
[0.341s] Level 1:colcon.colcon_core.package_identification:_identify(Agricultural_Bot/sim_ws/src/agri_sim_control) by extensions ['colcon_meta']
[0.341s] Level 1:colcon.colcon_core.package_identification:_identify(Agricultural_Bot/sim_ws/src/agri_sim_control) by extension 'colcon_meta'
[0.341s] Level 1:colcon.colcon_core.package_identification:_identify(Agricultural_Bot/sim_ws/src/agri_sim_control) by extensions ['ros']
[0.341s] Level 1:colcon.colcon_core.package_identification:_identify(Agricultural_Bot/sim_ws/src/agri_sim_control) by extension 'ros'
[0.341s] Level 1:colcon.colcon_core.package_identification:_identify(Agricultural_Bot/sim_ws/src/agri_sim_control) by extensions ['cmake', 'python']
[0.341s] Level 1:colcon.colcon_core.package_identification:_identify(Agricultural_Bot/sim_ws/src/agri_sim_control) by extension 'cmake'
[0.341s] Level 1:colcon.colcon_core.package_identification:_identify(Agricultural_Bot/sim_ws/src/agri_sim_control) by extension 'python'
[0.341s] Level 1:colcon.colcon_core.package_identification:_identify(Agricultural_Bot/sim_ws/src/agri_sim_control) by extensions ['python_setup_py']
[0.341s] Level 1:colcon.colcon_core.package_identification:_identify(Agricultural_Bot/sim_ws/src/agri_sim_control) by extension 'python_setup_py'
[0.341s] Level 1:colcon.colcon_core.package_identification:_identify(Agricultural_Bot/sim_ws/src/agri_sim_control/config) by extensions ['ignore', 'ignore_ament_install']
[0.341s] Level 1:colcon.colcon_core.package_identification:_identify(Agricultural_Bot/sim_ws/src/agri_sim_control/config) by extension 'ignore'
[0.341s] Level 1:colcon.colcon_core.package_identification:_identify(Agricultural_Bot/sim_ws/src/agri_sim_control/config) by extension 'ignore_ament_install'
[0.341s] Level 1:colcon.colcon_core.package_identification:_identify(Agricultural_Bot/sim_ws/src/agri_sim_control/config) by extensions ['colcon_pkg']
[0.341s] Level 1:colcon.colcon_core.package_identification:_identify(Agricultural_Bot/sim_ws/src/agri_sim_control/config) by extension 'colcon_pkg'
[0.341s] Level 1:colcon.colcon_core.package_identification:_identify(Agricultural_Bot/sim_ws/src/agri_sim_control/config) by extensions ['colcon_meta']
[0.341s] Level 1:colcon.colcon_core.package_identification:_identify(Agricultural_Bot/sim_ws/src/agri_sim_control/config) by extension 'colcon_meta'
[0.341s] Level 1:colcon.colcon_core.package_identification:_identify(Agricultural_Bot/sim_ws/src/agri_sim_control/config) by extensions ['ros']
[0.341s] Level 1:colcon.colcon_core.package_identification:_identify(Agricultural_Bot/sim_ws/src/agri_sim_control/config) by extension 'ros'
[0.341s] Level 1:colcon.colcon_core.package_identification:_identify(Agricultural_Bot/sim_ws/src/agri_sim_control/config) by extensions ['cmake', 'python']
[0.341s] Level 1:colcon.colcon_core.package_identification:_identify(Agricultural_Bot/sim_ws/src/agri_sim_control/config) by extension 'cmake'
[0.341s] Level 1:colcon.colcon_core.package_identification:_identify(Agricultural_Bot/sim_ws/src/agri_sim_control/config) by extension 'python'
[0.341s] Level 1:colcon.colcon_core.package_identification:_identify(Agricultural_Bot/sim_ws/src/agri_sim_control/config) by extensions ['python_setup_py']
[0.341s] Level 1:colcon.colcon_core.package_identification:_identify(Agricultural_Bot/sim_ws/src/agri_sim_control/config) by extension 'python_setup_py'
[0.341s] Level 1:colcon.colcon_core.package_identification:_identify(Agricultural_Bot/sim_ws/src/agri_sim_control/launch) by extensions ['ignore', 'ignore_ament_install']
[0.341s] Level 1:colcon.colcon_core.package_identification:_identify(Agricultural_Bot/sim_ws/src/agri_sim_control/launch) by extension 'ignore'
[0.341s] Level 1:colcon.colcon_core.package_identification:_identify(Agricultural_Bot/sim_ws/src/agri_sim_control/launch) by extension 'ignore_ament_install'
[0.341s] Level 1:colcon.colcon_core.package_identification:_identify(Agricultural_Bot/sim_ws/src/agri_sim_control/launch) by extensions ['colcon_pkg']
[0.341s] Level 1:colcon.colcon_core.package_identification:_identify(Agricultural_Bot/sim_ws/src/agri_sim_control/launch) by extension 'colcon_pkg'
[0.341s] Level 1:colcon.colcon_core.package_identification:_identify(Agricultural_Bot/sim_ws/src/agri_sim_control/launch) by extensions ['colcon_meta']
[0.341s] Level 1:colcon.colcon_core.package_identification:_identify(Agricultural_Bot/sim_ws/src/agri_sim_control/launch) by extension 'colcon_meta'
[0.341s] Level 1:colcon.colcon_core.package_identification:_identify(Agricultural_Bot/sim_ws/src/agri_sim_control/launch) by extensions ['ros']
[0.341s] Level 1:colcon.colcon_core.package_identification:_identify(Agricultural_Bot/sim_ws/src/agri_sim_control/launch) by extension 'ros'
[0.342s] Level 1:colcon.colcon_core.package_identification:_identify(Agricultural_Bot/sim_ws/src/agri_sim_control/launch) by extensions ['cmake', 'python']
[0.342s] Level 1:colcon.colcon_core.package_identification:_identify(Agricultural_Bot/sim_ws/src/agri_sim_control/launch) by extension 'cmake'
[0.342s] Level 1:colcon.colcon_core.package_identification:_identify(Agricultural_Bot/sim_ws/src/agri_sim_control/launch) by extension 'python'
[0.342s] Level 1:colcon.colcon_core.package_identification:_identify(Agricultural_Bot/sim_ws/src/agri_sim_control/launch) by extensions ['python_setup_py']
[0.342s] Level 1:colcon.colcon_core.package_identification:_identify(Agricultural_Bot/sim_ws/src/agri_sim_control/launch) by extension 'python_setup_py'
[0.342s] Level 1:colcon.colcon_core.package_identification:_identify(Agricultural_Bot/sim_ws/src/agri_sim_description) by extensions ['ignore', 'ignore_ament_install']
[0.342s] Level 1:colcon.colcon_core.package_identification:_identify(Agricultural_Bot/sim_ws/src/agri_sim_description) by extension 'ignore'
[0.342s] Level 1:colcon.colcon_core.package_identification:_identify(Agricultural_Bot/sim_ws/src/agri_sim_description) by extension 'ignore_ament_install'
[0.342s] Level 1:colcon.colcon_core.package_identification:_identify(Agricultural_Bot/sim_ws/src/agri_sim_description) by extensions ['colcon_pkg']
[0.342s] Level 1:colcon.colcon_core.package_identification:_identify(Agricultural_Bot/sim_ws/src/agri_sim_description) by extension 'colcon_pkg'
[0.342s] Level 1:colcon.colcon_core.package_identification:_identify(Agricultural_Bot/sim_ws/src/agri_sim_description) by extensions ['colcon_meta']
[0.342s] Level 1:colcon.colcon_core.package_identification:_identify(Agricultural_Bot/sim_ws/src/agri_sim_description) by extension 'colcon_meta'
[0.342s] Level 1:colcon.colcon_core.package_identification:_identify(Agricultural_Bot/sim_ws/src/agri_sim_description) by extensions ['ros']
[0.342s] Level 1:colcon.colcon_core.package_identification:_identify(Agricultural_Bot/sim_ws/src/agri_sim_description) by extension 'ros'
[0.342s] Level 1:colcon.colcon_core.package_identification:_identify(Agricultural_Bot/sim_ws/src/agri_sim_description) by extensions ['cmake', 'python']
[0.342s] Level 1:colcon.colcon_core.package_identification:_identify(Agricultural_Bot/sim_ws/src/agri_sim_description) by extension 'cmake'
[0.342s] Level 1:colcon.colcon_core.package_identification:_identify(Agricultural_Bot/sim_ws/src/agri_sim_description) by extension 'python'
[0.342s] Level 1:colcon.colcon_core.package_identification:_identify(Agricultural_Bot/sim_ws/src/agri_sim_description) by extensions ['python_setup_py']
[0.342s] Level 1:colcon.colcon_core.package_identification:_identify(Agricultural_Bot/sim_ws/src/agri_sim_description) by extension 'python_setup_py'
[0.342s] Level 1:colcon.colcon_core.package_identification:_identify(Agricultural_Bot/sim_ws/src/agri_sim_description/config) by extensions ['ignore', 'ignore_ament_install']
[0.342s] Level 1:colcon.colcon_core.package_identification:_identify(Agricultural_Bot/sim_ws/src/agri_sim_description/config) by extension 'ignore'
[0.342s] Level 1:colcon.colcon_core.package_identification:_identify(Agricultural_Bot/sim_ws/src/agri_sim_description/config) by extension 'ignore_ament_install'
[0.342s] Level 1:colcon.colcon_core.package_identification:_identify(Agricultural_Bot/sim_ws/src/agri_sim_description/config) by extensions ['colcon_pkg']
[0.342s] Level 1:colcon.colcon_core.package_identification:_identify(Agricultural_Bot/sim_ws/src/agri_sim_description/config) by extension 'colcon_pkg'
[0.342s] Level 1:colcon.colcon_core.package_identification:_identify(Agricultural_Bot/sim_ws/src/agri_sim_description/config) by extensions ['colcon_meta']
[0.342s] Level 1:colcon.colcon_core.package_identification:_identify(Agricultural_Bot/sim_ws/src/agri_sim_description/config) by extension 'colcon_meta'
[0.342s] Level 1:colcon.colcon_core.package_identification:_identify(Agricultural_Bot/sim_ws/src/agri_sim_description/config) by extensions ['ros']
[0.342s] Level 1:colcon.colcon_core.package_identification:_identify(Agricultural_Bot/sim_ws/src/agri_sim_description/config) by extension 'ros'
[0.342s] Level 1:colcon.colcon_core.package_identification:_identify(Agricultural_Bot/sim_ws/src/agri_sim_description/config) by extensions ['cmake', 'python']
[0.342s] Level 1:colcon.colcon_core.package_identification:_identify(Agricultural_Bot/sim_ws/src/agri_sim_description/config) by extension 'cmake'
[0.342s] Level 1:colcon.colcon_core.package_identification:_identify(Agricultural_Bot/sim_ws/src/agri_sim_description/config) by extension 'python'
[0.342s] Level 1:colcon.colcon_core.package_identification:_identify(Agricultural_Bot/sim_ws/src/agri_sim_description/config) by extensions ['python_setup_py']
[0.342s] Level 1:colcon.colcon_core.package_identification:_identify(Agricultural_Bot/sim_ws/src/agri_sim_description/config) by extension 'python_setup_py'
[0.342s] Level 1:colcon.colcon_core.package_identification:_identify(Agricultural_Bot/sim_ws/src/agri_sim_description/launch) by extensions ['ignore', 'ignore_ament_install']
[0.342s] Level 1:colcon.colcon_core.package_identification:_identify(Agricultural_Bot/sim_ws/src/agri_sim_description/launch) by extension 'ignore'
[0.342s] Level 1:colcon.colcon_core.package_identification:_identify(Agricultural_Bot/sim_ws/src/agri_sim_description/launch) by extension 'ignore_ament_install'
[0.342s] Level 1:colcon.colcon_core.package_identification:_identify(Agricultural_Bot/sim_ws/src/agri_sim_description/launch) by extensions ['colcon_pkg']
[0.342s] Level 1:colcon.colcon_core.package_identification:_identify(Agricultural_Bot/sim_ws/src/agri_sim_description/launch) by extension 'colcon_pkg'
[0.343s] Level 1:colcon.colcon_core.package_identification:_identify(Agricultural_Bot/sim_ws/src/agri_sim_description/launch) by extensions ['colcon_meta']
[0.343s] Level 1:colcon.colcon_core.package_identification:_identify(Agricultural_Bot/sim_ws/src/agri_sim_description/launch) by extension 'colcon_meta'
[0.343s] Level 1:colcon.colcon_core.package_identification:_identify(Agricultural_Bot/sim_ws/src/agri_sim_description/launch) by extensions ['ros']
[0.343s] Level 1:colcon.colcon_core.package_identification:_identify(Agricultural_Bot/sim_ws/src/agri_sim_description/launch) by extension 'ros'
[0.343s] Level 1:colcon.colcon_core.package_identification:_identify(Agricultural_Bot/sim_ws/src/agri_sim_description/launch) by extensions ['cmake', 'python']
[0.343s] Level 1:colcon.colcon_core.package_identification:_identify(Agricultural_Bot/sim_ws/src/agri_sim_description/launch) by extension 'cmake'
[0.343s] Level 1:colcon.colcon_core.package_identification:_identify(Agricultural_Bot/sim_ws/src/agri_sim_description/launch) by extension 'python'
[0.343s] Level 1:colcon.colcon_core.package_identification:_identify(Agricultural_Bot/sim_ws/src/agri_sim_description/launch) by extensions ['python_setup_py']
[0.343s] Level 1:colcon.colcon_core.package_identification:_identify(Agricultural_Bot/sim_ws/src/agri_sim_description/launch) by extension 'python_setup_py'
[0.343s] Level 1:colcon.colcon_core.package_identification:_identify(Agricultural_Bot/sim_ws/src/agri_sim_description/urdf) by extensions ['ignore', 'ignore_ament_install']
[0.343s] Level 1:colcon.colcon_core.package_identification:_identify(Agricultural_Bot/sim_ws/src/agri_sim_description/urdf) by extension 'ignore'
[0.343s] Level 1:colcon.colcon_core.package_identification:_identify(Agricultural_Bot/sim_ws/src/agri_sim_description/urdf) by extension 'ignore_ament_install'
[0.343s] Level 1:colcon.colcon_core.package_identification:_identify(Agricultural_Bot/sim_ws/src/agri_sim_description/urdf) by extensions ['colcon_pkg']
[0.343s] Level 1:colcon.colcon_core.package_identification:_identify(Agricultural_Bot/sim_ws/src/agri_sim_description/urdf) by extension 'colcon_pkg'
[0.343s] Level 1:colcon.colcon_core.package_identification:_identify(Agricultural_Bot/sim_ws/src/agri_sim_description/urdf) by extensions ['colcon_meta']
[0.343s] Level 1:colcon.colcon_core.package_identification:_identify(Agricultural_Bot/sim_ws/src/agri_sim_description/urdf) by extension 'colcon_meta'
[0.343s] Level 1:colcon.colcon_core.package_identification:_identify(Agricultural_Bot/sim_ws/src/agri_sim_description/urdf) by extensions ['ros']
[0.343s] Level 1:colcon.colcon_core.package_identification:_identify(Agricultural_Bot/sim_ws/src/agri_sim_description/urdf) by extension 'ros'
[0.343s] Level 1:colcon.colcon_core.package_identification:_identify(Agricultural_Bot/sim_ws/src/agri_sim_description/urdf) by extensions ['cmake', 'python']
[0.343s] Level 1:colcon.colcon_core.package_identification:_identify(Agricultural_Bot/sim_ws/src/agri_sim_description/urdf) by extension 'cmake'
[0.343s] Level 1:colcon.colcon_core.package_identification:_identify(Agricultural_Bot/sim_ws/src/agri_sim_description/urdf) by extension 'python'
[0.343s] Level 1:colcon.colcon_core.package_identification:_identify(Agricultural_Bot/sim_ws/src/agri_sim_description/urdf) by extensions ['python_setup_py']
[0.343s] Level 1:colcon.colcon_core.package_identification:_identify(Agricultural_Bot/sim_ws/src/agri_sim_description/urdf) by extension 'python_setup_py'
[0.343s] Level 1:colcon.colcon_core.package_identification:_identify(Agricultural_Bot/sim_ws/src/agri_sim_sensors) by extensions ['ignore', 'ignore_ament_install']
[0.343s] Level 1:colcon.colcon_core.package_identification:_identify(Agricultural_Bot/sim_ws/src/agri_sim_sensors) by extension 'ignore'
[0.343s] Level 1:colcon.colcon_core.package_identification:_identify(Agricultural_Bot/sim_ws/src/agri_sim_sensors) by extension 'ignore_ament_install'
[0.343s] Level 1:colcon.colcon_core.package_identification:_identify(Agricultural_Bot/sim_ws/src/agri_sim_sensors) by extensions ['colcon_pkg']
[0.343s] Level 1:colcon.colcon_core.package_identification:_identify(Agricultural_Bot/sim_ws/src/agri_sim_sensors) by extension 'colcon_pkg'
[0.343s] Level 1:colcon.colcon_core.package_identification:_identify(Agricultural_Bot/sim_ws/src/agri_sim_sensors) by extensions ['colcon_meta']
[0.343s] Level 1:colcon.colcon_core.package_identification:_identify(Agricultural_Bot/sim_ws/src/agri_sim_sensors) by extension 'colcon_meta'
[0.343s] Level 1:colcon.colcon_core.package_identification:_identify(Agricultural_Bot/sim_ws/src/agri_sim_sensors) by extensions ['ros']
[0.343s] Level 1:colcon.colcon_core.package_identification:_identify(Agricultural_Bot/sim_ws/src/agri_sim_sensors) by extension 'ros'
[0.343s] Level 1:colcon.colcon_core.package_identification:_identify(Agricultural_Bot/sim_ws/src/agri_sim_sensors) by extensions ['cmake', 'python']
[0.343s] Level 1:colcon.colcon_core.package_identification:_identify(Agricultural_Bot/sim_ws/src/agri_sim_sensors) by extension 'cmake'
[0.343s] Level 1:colcon.colcon_core.package_identification:_identify(Agricultural_Bot/sim_ws/src/agri_sim_sensors) by extension 'python'
[0.343s] Level 1:colcon.colcon_core.package_identification:_identify(Agricultural_Bot/sim_ws/src/agri_sim_sensors) by extensions ['python_setup_py']
[0.343s] Level 1:colcon.colcon_core.package_identification:_identify(Agricultural_Bot/sim_ws/src/agri_sim_sensors) by extension 'python_setup_py'
[0.343s] Level 1:colcon.colcon_core.package_identification:_identify(Agricultural_Bot/sim_ws/src/agri_sim_sensors/config) by extensions ['ignore', 'ignore_ament_install']
[0.343s] Level 1:colcon.colcon_core.package_identification:_identify(Agricultural_Bot/sim_ws/src/agri_sim_sensors/config) by extension 'ignore'
[0.344s] Level 1:colcon.colcon_core.package_identification:_identify(Agricultural_Bot/sim_ws/src/agri_sim_sensors/config) by extension 'ignore_ament_install'
[0.344s] Level 1:colcon.colcon_core.package_identification:_identify(Agricultural_Bot/sim_ws/src/agri_sim_sensors/config) by extensions ['colcon_pkg']
[0.344s] Level 1:colcon.colcon_core.package_identification:_identify(Agricultural_Bot/sim_ws/src/agri_sim_sensors/config) by extension 'colcon_pkg'
[0.344s] Level 1:colcon.colcon_core.package_identification:_identify(Agricultural_Bot/sim_ws/src/agri_sim_sensors/config) by extensions ['colcon_meta']
[0.344s] Level 1:colcon.colcon_core.package_identification:_identify(Agricultural_Bot/sim_ws/src/agri_sim_sensors/config) by extension 'colcon_meta'
[0.344s] Level 1:colcon.colcon_core.package_identification:_identify(Agricultural_Bot/sim_ws/src/agri_sim_sensors/config) by extensions ['ros']
[0.344s] Level 1:colcon.colcon_core.package_identification:_identify(Agricultural_Bot/sim_ws/src/agri_sim_sensors/config) by extension 'ros'
[0.344s] Level 1:colcon.colcon_core.package_identification:_identify(Agricultural_Bot/sim_ws/src/agri_sim_sensors/config) by extensions ['cmake', 'python']
[0.344s] Level 1:colcon.colcon_core.package_identification:_identify(Agricultural_Bot/sim_ws/src/agri_sim_sensors/config) by extension 'cmake'
[0.344s] Level 1:colcon.colcon_core.package_identification:_identify(Agricultural_Bot/sim_ws/src/agri_sim_sensors/config) by extension 'python'
[0.344s] Level 1:colcon.colcon_core.package_identification:_identify(Agricultural_Bot/sim_ws/src/agri_sim_sensors/config) by extensions ['python_setup_py']
[0.344s] Level 1:colcon.colcon_core.package_identification:_identify(Agricultural_Bot/sim_ws/src/agri_sim_sensors/config) by extension 'python_setup_py'
[0.344s] Level 1:colcon.colcon_core.package_identification:_identify(Agricultural_Bot/sim_ws/src/agri_sim_sensors/launch) by extensions ['ignore', 'ignore_ament_install']
[0.344s] Level 1:colcon.colcon_core.package_identification:_identify(Agricultural_Bot/sim_ws/src/agri_sim_sensors/launch) by extension 'ignore'
[0.344s] Level 1:colcon.colcon_core.package_identification:_identify(Agricultural_Bot/sim_ws/src/agri_sim_sensors/launch) by extension 'ignore_ament_install'
[0.344s] Level 1:colcon.colcon_core.package_identification:_identify(Agricultural_Bot/sim_ws/src/agri_sim_sensors/launch) by extensions ['colcon_pkg']
[0.344s] Level 1:colcon.colcon_core.package_identification:_identify(Agricultural_Bot/sim_ws/src/agri_sim_sensors/launch) by extension 'colcon_pkg'
[0.344s] Level 1:colcon.colcon_core.package_identification:_identify(Agricultural_Bot/sim_ws/src/agri_sim_sensors/launch) by extensions ['colcon_meta']
[0.344s] Level 1:colcon.colcon_core.package_identification:_identify(Agricultural_Bot/sim_ws/src/agri_sim_sensors/launch) by extension 'colcon_meta'
[0.344s] Level 1:colcon.colcon_core.package_identification:_identify(Agricultural_Bot/sim_ws/src/agri_sim_sensors/launch) by extensions ['ros']
[0.344s] Level 1:colcon.colcon_core.package_identification:_identify(Agricultural_Bot/sim_ws/src/agri_sim_sensors/launch) by extension 'ros'
[0.344s] Level 1:colcon.colcon_core.package_identification:_identify(Agricultural_Bot/sim_ws/src/agri_sim_sensors/launch) by extensions ['cmake', 'python']
[0.344s] Level 1:colcon.colcon_core.package_identification:_identify(Agricultural_Bot/sim_ws/src/agri_sim_sensors/launch) by extension 'cmake'
[0.344s] Level 1:colcon.colcon_core.package_identification:_identify(Agricultural_Bot/sim_ws/src/agri_sim_sensors/launch) by extension 'python'
[0.344s] Level 1:colcon.colcon_core.package_identification:_identify(Agricultural_Bot/sim_ws/src/agri_sim_sensors/launch) by extensions ['python_setup_py']
[0.344s] Level 1:colcon.colcon_core.package_identification:_identify(Agricultural_Bot/sim_ws/src/agri_sim_sensors/launch) by extension 'python_setup_py'
[0.344s] Level 1:colcon.colcon_core.package_identification:_identify(Agricultural_Bot/sim_ws/src/agri_sim_sensors/urdf) by extensions ['ignore', 'ignore_ament_install']
[0.344s] Level 1:colcon.colcon_core.package_identification:_identify(Agricultural_Bot/sim_ws/src/agri_sim_sensors/urdf) by extension 'ignore'
[0.344s] Level 1:colcon.colcon_core.package_identification:_identify(Agricultural_Bot/sim_ws/src/agri_sim_sensors/urdf) by extension 'ignore_ament_install'
[0.344s] Level 1:colcon.colcon_core.package_identification:_identify(Agricultural_Bot/sim_ws/src/agri_sim_sensors/urdf) by extensions ['colcon_pkg']
[0.344s] Level 1:colcon.colcon_core.package_identification:_identify(Agricultural_Bot/sim_ws/src/agri_sim_sensors/urdf) by extension 'colcon_pkg'
[0.344s] Level 1:colcon.colcon_core.package_identification:_identify(Agricultural_Bot/sim_ws/src/agri_sim_sensors/urdf) by extensions ['colcon_meta']
[0.344s] Level 1:colcon.colcon_core.package_identification:_identify(Agricultural_Bot/sim_ws/src/agri_sim_sensors/urdf) by extension 'colcon_meta'
[0.344s] Level 1:colcon.colcon_core.package_identification:_identify(Agricultural_Bot/sim_ws/src/agri_sim_sensors/urdf) by extensions ['ros']
[0.344s] Level 1:colcon.colcon_core.package_identification:_identify(Agricultural_Bot/sim_ws/src/agri_sim_sensors/urdf) by extension 'ros'
[0.344s] Level 1:colcon.colcon_core.package_identification:_identify(Agricultural_Bot/sim_ws/src/agri_sim_sensors/urdf) by extensions ['cmake', 'python']
[0.344s] Level 1:colcon.colcon_core.package_identification:_identify(Agricultural_Bot/sim_ws/src/agri_sim_sensors/urdf) by extension 'cmake'
[0.344s] Level 1:colcon.colcon_core.package_identification:_identify(Agricultural_Bot/sim_ws/src/agri_sim_sensors/urdf) by extension 'python'
[0.344s] Level 1:colcon.colcon_core.package_identification:_identify(Agricultural_Bot/sim_ws/src/agri_sim_sensors/urdf) by extensions ['python_setup_py']
[0.344s] Level 1:colcon.colcon_core.package_identification:_identify(Agricultural_Bot/sim_ws/src/agri_sim_sensors/urdf) by extension 'python_setup_py'
[0.345s] Level 1:colcon.colcon_core.package_identification:_identify(Agricultural_Bot/sim_ws/src/agri_sim_tests) by extensions ['ignore', 'ignore_ament_install']
[0.345s] Level 1:colcon.colcon_core.package_identification:_identify(Agricultural_Bot/sim_ws/src/agri_sim_tests) by extension 'ignore'
[0.345s] Level 1:colcon.colcon_core.package_identification:_identify(Agricultural_Bot/sim_ws/src/agri_sim_tests) by extension 'ignore_ament_install'
[0.345s] Level 1:colcon.colcon_core.package_identification:_identify(Agricultural_Bot/sim_ws/src/agri_sim_tests) by extensions ['colcon_pkg']
[0.345s] Level 1:colcon.colcon_core.package_identification:_identify(Agricultural_Bot/sim_ws/src/agri_sim_tests) by extension 'colcon_pkg'
[0.345s] Level 1:colcon.colcon_core.package_identification:_identify(Agricultural_Bot/sim_ws/src/agri_sim_tests) by extensions ['colcon_meta']
[0.345s] Level 1:colcon.colcon_core.package_identification:_identify(Agricultural_Bot/sim_ws/src/agri_sim_tests) by extension 'colcon_meta'
[0.345s] Level 1:colcon.colcon_core.package_identification:_identify(Agricultural_Bot/sim_ws/src/agri_sim_tests) by extensions ['ros']
[0.345s] Level 1:colcon.colcon_core.package_identification:_identify(Agricultural_Bot/sim_ws/src/agri_sim_tests) by extension 'ros'
[0.345s] Level 1:colcon.colcon_core.package_identification:_identify(Agricultural_Bot/sim_ws/src/agri_sim_tests) by extensions ['cmake', 'python']
[0.345s] Level 1:colcon.colcon_core.package_identification:_identify(Agricultural_Bot/sim_ws/src/agri_sim_tests) by extension 'cmake'
[0.345s] Level 1:colcon.colcon_core.package_identification:_identify(Agricultural_Bot/sim_ws/src/agri_sim_tests) by extension 'python'
[0.345s] Level 1:colcon.colcon_core.package_identification:_identify(Agricultural_Bot/sim_ws/src/agri_sim_tests) by extensions ['python_setup_py']
[0.345s] Level 1:colcon.colcon_core.package_identification:_identify(Agricultural_Bot/sim_ws/src/agri_sim_tests) by extension 'python_setup_py'
[0.345s] Level 1:colcon.colcon_core.package_identification:_identify(Agricultural_Bot/sim_ws/src/agri_sim_tests/test) by extensions ['ignore', 'ignore_ament_install']
[0.345s] Level 1:colcon.colcon_core.package_identification:_identify(Agricultural_Bot/sim_ws/src/agri_sim_tests/test) by extension 'ignore'
[0.345s] Level 1:colcon.colcon_core.package_identification:_identify(Agricultural_Bot/sim_ws/src/agri_sim_tests/test) by extension 'ignore_ament_install'
[0.345s] Level 1:colcon.colcon_core.package_identification:_identify(Agricultural_Bot/sim_ws/src/agri_sim_tests/test) by extensions ['colcon_pkg']
[0.345s] Level 1:colcon.colcon_core.package_identification:_identify(Agricultural_Bot/sim_ws/src/agri_sim_tests/test) by extension 'colcon_pkg'
[0.345s] Level 1:colcon.colcon_core.package_identification:_identify(Agricultural_Bot/sim_ws/src/agri_sim_tests/test) by extensions ['colcon_meta']
[0.345s] Level 1:colcon.colcon_core.package_identification:_identify(Agricultural_Bot/sim_ws/src/agri_sim_tests/test) by extension 'colcon_meta'
[0.345s] Level 1:colcon.colcon_core.package_identification:_identify(Agricultural_Bot/sim_ws/src/agri_sim_tests/test) by extensions ['ros']
[0.345s] Level 1:colcon.colcon_core.package_identification:_identify(Agricultural_Bot/sim_ws/src/agri_sim_tests/test) by extension 'ros'
[0.345s] Level 1:colcon.colcon_core.package_identification:_identify(Agricultural_Bot/sim_ws/src/agri_sim_tests/test) by extensions ['cmake', 'python']
[0.345s] Level 1:colcon.colcon_core.package_identification:_identify(Agricultural_Bot/sim_ws/src/agri_sim_tests/test) by extension 'cmake'
[0.345s] Level 1:colcon.colcon_core.package_identification:_identify(Agricultural_Bot/sim_ws/src/agri_sim_tests/test) by extension 'python'
[0.345s] Level 1:colcon.colcon_core.package_identification:_identify(Agricultural_Bot/sim_ws/src/agri_sim_tests/test) by extensions ['python_setup_py']
[0.345s] Level 1:colcon.colcon_core.package_identification:_identify(Agricultural_Bot/sim_ws/src/agri_sim_tests/test) by extension 'python_setup_py'
[0.345s] Level 1:colcon.colcon_core.package_identification:_identify(Agricultural_Bot/sim_ws/src/agri_sim_tests/worlds) by extensions ['ignore', 'ignore_ament_install']
[0.345s] Level 1:colcon.colcon_core.package_identification:_identify(Agricultural_Bot/sim_ws/src/agri_sim_tests/worlds) by extension 'ignore'
[0.345s] Level 1:colcon.colcon_core.package_identification:_identify(Agricultural_Bot/sim_ws/src/agri_sim_tests/worlds) by extension 'ignore_ament_install'
[0.345s] Level 1:colcon.colcon_core.package_identification:_identify(Agricultural_Bot/sim_ws/src/agri_sim_tests/worlds) by extensions ['colcon_pkg']
[0.345s] Level 1:colcon.colcon_core.package_identification:_identify(Agricultural_Bot/sim_ws/src/agri_sim_tests/worlds) by extension 'colcon_pkg'
[0.345s] Level 1:colcon.colcon_core.package_identification:_identify(Agricultural_Bot/sim_ws/src/agri_sim_tests/worlds) by extensions ['colcon_meta']
[0.345s] Level 1:colcon.colcon_core.package_identification:_identify(Agricultural_Bot/sim_ws/src/agri_sim_tests/worlds) by extension 'colcon_meta'
[0.345s] Level 1:colcon.colcon_core.package_identification:_identify(Agricultural_Bot/sim_ws/src/agri_sim_tests/worlds) by extensions ['ros']
[0.345s] Level 1:colcon.colcon_core.package_identification:_identify(Agricultural_Bot/sim_ws/src/agri_sim_tests/worlds) by extension 'ros'
[0.345s] Level 1:colcon.colcon_core.package_identification:_identify(Agricultural_Bot/sim_ws/src/agri_sim_tests/worlds) by extensions ['cmake', 'python']
[0.345s] Level 1:colcon.colcon_core.package_identification:_identify(Agricultural_Bot/sim_ws/src/agri_sim_tests/worlds) by extension 'cmake'
[0.346s] Level 1:colcon.colcon_core.package_identification:_identify(Agricultural_Bot/sim_ws/src/agri_sim_tests/worlds) by extension 'python'
[0.346s] Level 1:colcon.colcon_core.package_identification:_identify(Agricultural_Bot/sim_ws/src/agri_sim_tests/worlds) by extensions ['python_setup_py']
[0.346s] Level 1:colcon.colcon_core.package_identification:_identify(Agricultural_Bot/sim_ws/src/agri_sim_tests/worlds) by extension 'python_setup_py'
[0.346s] Level 1:colcon.colcon_core.package_discovery:discover_packages(recursive) using defaults
