<?xml version='1.0' encoding='utf-8'?>
<COLLADA xmlns="http://www.collada.org/2005/11/COLLADASchema" version="1.4.1">
  <asset>
    <contributor>
      <author>Blender User</author>
      <authoring_tool>Blender 3.0.1</authoring_tool>
    </contributor>
    <created>2023-10-09T22:51:32</created>
    <modified>2023-10-09T22:51:32</modified>
    <unit name="meter" meter="1" />
    <up_axis>Z_UP</up_axis>
    <contributor>
      <author>Agricultural-Bot contributors</author>
      <authoring_tool>extract_tomato_fruit.py (Python standard library)</authoring_tool>
    </contributor>
  </asset>
  <library_effects />
  <library_geometries>
    <geometry id="fruit-mesh" name="Fruit">
      <mesh>
        <source id="fruit-positions">
          <float_array id="fruit-positions-array" count="1728">0.22205578766185713 0.037521900552054496 0.43726989236554165 0.15479886659738964 -0.025681713825726454 0.45071628579422729 0.21719767214018004 0.04961880747334943 0.43850861218741144 0.17556735084559644 -0.043002607427679099 0.43983709431521029 0.14654450446845174 0.0021887640678572465 0.45138052685812474 0.21239215732977945 0.062069916453853929 0.43965756970334419 0.13605057280649879 0.02816435968320663 0.4538759189630493 0.20458499100899719 0.072617346450142492 0.44312239471233938 0.12367755703215567 0.051377969145013913 0.45813065226424904 0.20248455305017746 0.084991439372156988 0.44249405857081203 0.11533433022034459 0.076241589314471836 0.4594232294696739 0.20189607137248414 0.097431776875949519 0.44087833706402496 0.11421822570838028 0.10220856774845162 0.4557429749264425 0.20351071573159743 0.10933605388871337 0.4379341334294431 0.11568530083654054 0.12771524507760984 0.45050085625998715 0.20985511551490418 0.11881028575527344 0.43226115569451146 0.13164396168366219 0.14655132640370253 0.43691084314181344 0.2150512758807229 0.13018388801536457 0.42709084687280013 0.14362543427952792 0.16926208742767621 0.42542126798245405 0.21746426618879952 0.1435724745190276 0.42348240217431282 0.14977810177736295 0.19538632942164963 0.41734266044853485 0.22675538295125733 0.15046460389313437 0.41637322754446421 0.16593262397602915 0.21420751020495762 0.40405783917053029 0.23553952220980856 0.1583369376480237 0.40949743491003682 0.18669482486282077 0.22575866230618316 0.38903162915743567 0.24602375954272082 0.16169584313601654 0.40217283074594812 0.20708900029528926 0.23749813572525491 0.37434651590688023 0.25819570775177525 0.15866439054006526 0.3946507495088043 0.23302384382374533 0.22871956172967153 0.35890739928649829 0.26883505434933874 0.15773229875526257 0.38781086179675089 0.25557500746777101 0.23154330434969506 0.34406071388526577 0.2777743028725414 0.15851143557075636 0.38185064468283503 0.27532612574053933 0.23550469443510666 0.33086565491319431 0.28797830228633248 0.15433174355731691 0.37571090295705711 0.29769219950973225 0.22704693092092587 0.31740130902332364 0.29822736237770159 0.1482399349029041 0.36976863830432627 0.31913605534777501 0.21253703369155433 0.3050679681882047 0.30673629040626388 0.13885456771921711 0.36542414269719348 0.33668171376378259 0.19174395457152199 0.29589426052190382 0.31196889426829122 0.12493638361055248 0.36386227857396947 0.34662773631032379 0.16129783707151207 0.2929500568873219 0.31934574009443328 0.11406580931290695 0.3604692634097223 0.35772307542202425 0.13625002465028066 0.28869532358612221 0.32402612625036392 0.10425335307759324 0.35872787467463219 0.37001584369486373 0.11703514639315292 0.2829146310840685 0.32543754874884606 0.091592559350430619 0.35960754527276978 0.37744636737995341 0.090893849561052217 0.28153229157271059 0.32547722368806825 0.078835360906696461 0.36149255369735195 0.37384456509210723 0.063864444474055745 0.2880669874445948 0.32395126448721628 0.066462524656965102 0.3643828999483788 0.37247371515590666 0.037215811088824824 0.29318343888274306 0.31920768566790914 0.054541013281462207 0.36944549400296806 0.35936680276825955 0.013642613829452001 0.30603740109227534 0.31454130243170381 0.042903150792705957 0.37441832575162826 0.35159607994368586 -0.012186310178003699 0.31569582521060752 0.31031565211762707 0.031978001013053439 0.37903210827655626 0.3401519245111318 -0.032198277711811746 0.32693406591335278 0.30185268238970209 0.023642314234940821 0.38608742552284975 0.32251309282156626 -0.048985265118078068 0.34185256115932933 0.29220718404342283 0.017725901126319901 0.39355564937643056 0.30487228636127028 -0.066520152057373813 0.356878771172424 0.28187051594146362 0.015416855568513176 0.40089820600170428 0.28256922573084192 -0.070217281914120203 0.37262307963297914 0.27182378008766628 0.012152020977137483 0.40818690524342299 0.26104512239129557 -0.073892868817442919 0.38781086179675089 0.26232926193996542 0.016509262831711329 0.41384193051716961 0.2413947174257835 -0.067934805998869446 0.40000058294238172 0.25347780095196476 0.024421271525822727 0.41845571304209755 0.22263044594443676 -0.052155849288224698 0.40985648413376502 0.24230544578177432 0.025604697767236326 0.42572645982262725 0.19819158100665119 -0.051833782134538986 0.42621117627466254 0.23089647717314582 0.028018765222984191 0.4329613016807829 0.090534800337322474 -0.083360637797975881 0.45762798335102473 0.12248659075704361 -0.10695088989547587 0.44037566815080464 0.080191669349336053 -0.040531810194582005 0.45694578982593831 0.059720657382989324 -0.0051667183294727952 0.4643960612183341 0.041490112572717126 0.029723351412641687 0.47041013571580892 0.033347055703135467 0.066958910208771608 0.46926117819987223 0.026834800407735032 0.10536299470353044 0.46685554840088467 0.03224710840623897 0.14247342484519046 0.4568021701364462 0.059653156128928256 0.16853878276647227 0.43423592642502273 0.071690101829860228 0.20590180403702635 0.42010733947125461 0.079790431841818096 0.24639770930923532 0.40825871508816702 0.10400578863783162 0.27541104088195134 0.38813400609810911 0.13515815596091818 0.29413599647329969 0.36551390500312653 0.16789518703293668 0.30613973012103668 0.34319899574831719 0.20634953841901765 0.29728396054235129 0.32018394050723242 0.24017484768816119 0.29487097023427467 0.29917956091903292 0.2695542299444697 0.30091358914503646 0.27995247498829756 0.30274922830135564 0.28924574604609876 0.26006114799366481 0.33606109718056554 0.27112884031513701 0.24027753576615007 0.36260363152018432 0.24102507624995348 0.22566423236034269 0.38145048432298895 0.19882225096813261 0.21738814775336837 0.39752260472480916 0.15991100944485542 0.21097911910979125 0.41290768443702219 0.12953113652662357 0.20421104124248191 0.41833938109360763 0.089694266104570805 0.20613195458943814 0.42325943260637805 0.048515628733439446 0.20911206314639405 0.41715792962292453 0.008715022282983249 0.22002715954778507 0.3964043459175024 -0.026483111693091501 0.24058272760631927 0.38514958895046592 -0.065752863866263098 0.25532169824042977 0.37044813896023454 -0.099094713355654354 0.27144300838590213 0.34180606428485527 -0.12256935160311339 0.29524797191919139 0.31450593608316646 -0.14841640759636737 0.31846050423332734 0.28026000064842327 -0.15266557563459848 0.34239113499492368 0.24852238309065702 -0.16576189607014552 0.36616019360583896 0.21826889549917805 -0.15152487625080865 0.38396903510284242 0.19073323100672249 -0.12327452427851877 0.39743338099271308 0.15467355841830785 -0.1223521268227568 0.42150763144380154 0.01996816352851314 -0.14156700507988454 0.45380410911830127 0.062842949432544412 -0.17168046347410867 0.43035819480874021 0.0066194314886839425 -0.084795578020612286 0.4526371991411795 -0.011374499883150238 -0.033885809063342084 0.45561730769813946 -0.043647280308886087 0.0074588885737642526 0.46987156188021462 -0.053862051199388881 0.055521217662244784 0.46805836330037642 -0.054999519140165078 0.10414851070426412 0.46005156561120131 -0.046158650104264481 0.15048273587893277 0.44586912127387018 -0.016834022854574967 0.18656269474848808 0.42001757716532157 -0.0024846206282106466 0.23609425326047123 0.401975353672897 0.0088965216655788361 0.28799176663222226 0.38572837629911755 0.044061443588458489 0.3194714073227386 0.35781229915412061 0.081293950466186815 0.34851795094864957 0.32950126786302142 0.12298405345652134 0.36709192634141952 0.30057985289157985 0.17340587451874262 0.35458193328822335 0.27090443455030777 0.21780123388526992 0.3525949548841022 0.24352693124090516 0.25725607593327426 0.36302677103034986 0.21781900682184466 0.30079959101650244 0.34731531557376633 0.19205722501922509 0.3427017125734495 0.32129053021476606 0.16742644827135728 0.37891757157418654 0.28518597647338512 0.14652978345027984 0.39728922272938466 0.22580462060682055 0.1399232777336476 0.41654700736874822 0.17597882125599079 0.13241914895769677 0.44238436903296147 0.13949116199289019 0.11900866045138517 0.45593021909661841 0.088078544597786385 0.11712365202680296 0.44898548901123514 0.034795460271661756 0.13098295206277585 0.44770368328251947 -0.018090695137629523 0.14130561724500948 0.42600831346325396 -0.067299109348255726 0.16546963000203102 0.40363039106967791 -0.11324717708280285 0.18943616568599742 0.38378412475262119 -0.15512147232491078 0.21081754695911414 0.35468318516931524 -0.19811169255437125 0.23857205195342998 0.31379753196474747 -0.22337888405130163 0.27088648208911875 0.27024647684782094 -0.23478228739696222 0.30232124162666996 0.22669973032157922 -0.2402107526105341 0.33258909118709939 0.18795975527802111 -0.22617264606114365 0.3560709104190305 0.15217080580429879 -0.19242650714583248 0.37405927652790005 0.10396288225559594 -0.19454741091040487 0.40680456573206109 -0.046579276269864106 -0.18448254307080914 0.42055615100091592 -0.0034743398134220423 -0.2312501406585197 0.39983901079170459 -0.062607592666389295 -0.11910560374179127 0.41965852794159331 -0.095573697143147326 -0.065709059860967936 0.43226115569451146 -0.11939086835004449 -0.012049332899150727 0.4385624695709705 -0.13686687121664864 0.042105881991413747 0.44044747799555267 -0.13863465006968248 0.098366022956094576 0.43134558017399982 -0.1280313879191039 0.15249664297483354 0.41436255189157495 -0.099158265068254467 0.19825190127623771 0.38682347643149523 -0.076831686713671826 0.25412247383317177 0.36201317507176128 -0.062688917315564155 0.31460916273498868 0.34203208577119548 -0.024740645810330388 0.3569135989471251 0.30991513270855781 0.019437488775840429 0.3920946780850727 0.27551821707523572 0.072785920060683754 0.39936883583322808 0.2404750128392012 0.12981640113487716 0.4018428645093387 0.20430080354841496 0.18323107700149877 0.39571568950638847 0.17178889633967509 0.22783181252399945 0.39724164870724038 0.14372919950518606 0.2804901512008342 0.38450922465994364 0.11195334320509163 0.32693999022554382 0.35035412867880411 0.085396267371912471 0.37554053410039528 0.31683383172521895 0.05616786531418199 0.3978543662075355 0.2473373411277365 0.048365725682532772 0.42511069040392935 0.19058817512033549 0.036479401130955436 0.4479860754969831 0.14431067972301634 0.026943053748690906 0.46584949247599156 0.084054141373610086 0.024045526513189249 0.45806171481329072 0.020456649997397498 0.040874163629409856 0.45016370903890474 -0.040608826253072133 0.057776405836492226 0.42997401213935044 -0.1014102217994883 0.083229405306703169 0.40152995311085821 -0.15468379132118412 0.11274325149730013 0.38696655754715092 -0.21440534632723279 0.13390920323617275 0.34011655816259434 -0.24855595419307566 0.17191456356798215 0.29348270641072322 -0.27932539551905433 0.209022300840465 0.24347181718506075 -0.29564256701607011 0.24560941673853851 0.19340401865743714 -0.31463375760681428 0.28262739170508827 0.14643750779978026 -0.29777083128972909 0.31106409022449055 0.10366217853072213 -0.25648824916832796 0.33235570919167423 0.048529990702388684 -0.25132099226501947 0.36844015617652742 -0.11389184996400983 -0.22330276561587084 0.37598018987485227 -0.069897728105000639 -0.2830769213331959 0.35686081871123898 -0.13231592230587247 -0.15046352674546323 0.3753877586556989 -0.16002375090110657 -0.08645636020497488 0.38249693328555145 -0.19508400997526901 -0.030838199252322979 0.39597923163660714 -0.21876743534632692 0.028217858017542376 0.4010418256911964 -0.22315573495875338 0.090642335579829536 0.39244259678286786 -0.20706853448953658 0.15046891248381911 0.3705944515189048 -0.16731622015967218 0.19852047009558768 0.33515629313676804 -0.14649513520018873 0.26279620545542598 0.30955608348482561 -0.12994368408468915 0.32912444570271621 0.2865589807049298 -0.088310131347091966 0.37621087900109879 0.25063610587075374 -0.039308170440110646 0.41436039759623322 0.21185878970792882 0.015872129984202687 0.43903031070948884 0.1719504684903522 0.082464450935546219 0.42638028845903808 0.13157538328192925 0.14226212437702554 0.42348042740358377 0.094065510878871342 0.19263260140025357 0.42598641146060634 0.061767237958249885 0.25122961423758022 0.41080886219970913 0.026364984498485136 0.30453513914018798 0.37535598279939802 -0.0041021373811131381 0.35852249851865869 0.33744092334735926 -0.035946213033716194 0.38197038759894986 0.25900715899740467 -0.042134426404700075 0.41417997536130896 0.19733596670650283 -0.055819587567163965 0.44324483049763014 0.1470478914801209 -0.06836835793652303 0.45852614498418526 0.078606467026568691 -0.067285824526977234 0.45783910429457814 0.0063203434853169307 -0.053419343506529528 0.44916214122931031 -0.064338389449379224 -0.033917584919641891 0.41215655346097924 -0.12674150358285435 0.003204514321788561 0.38933035811157651 -0.19307602719155989 0.031251644433447683 0.37138866840179491 -0.25897089502580811 0.055769320675842331 0.32274539766931953 -0.30354164993812743 0.096765561041319864 0.27102238222030123 -0.34224105241940389 0.13864865298940779 0.21086727527659874 -0.35346690592393021 0.181016461389535 0.15313377582234231 -0.36823047142986692 0.22234302704083955 0.10075711126152374 -0.34582992893519598 0.25336487997110346 0.051211549829815142 -0.31409877426345684 0.28092190789236821 -0.0092986567961561451 -0.30162630185414036 0.31934017483146487 -0.17312761137035182 -0.25133930377542951 0.321045658644181 -0.12099258693710346 -0.30593112252204968 0.29540954406986852 -0.19929888881263402 -0.17821946793667712 0.32564148870792392 -0.22532582846697677 -0.10649292261060843 0.33016550892692281 -0.26745253531336671 -0.047811353681093287 0.34777687335087115 -0.28987874982753453 0.015488485888647327 0.35108012620918527 -0.28122081637112417 0.080287535492071918 0.33314561748387878 -0.28398154585238328 0.14693012333473759 0.32257161784503496 -0.23421247627890276 0.19706739788715286 0.27991657006592757 -0.2065719694131182 0.26227199358878039 0.24941533851007294 -0.19976224183585742 0.34479856004003184 0.22966763120493225 -0.15044252236587502 0.39077858315549091 0.18841287539836776 -0.094089387652248016 0.42351992281819401 0.14516539640010698 -0.035940827295359842 0.45115073535493805 0.10199870347718273 0.034736037625134601 0.43816248873573371 0.058361656071172795 0.098345198101118372 0.4347651649808017 0.017760369851797513 0.15414719225631987 0.44473255095615477 -0.019896712732989888 0.21609018480958531 0.42553382991409483 -0.057128321987660102 0.27638747524588475 0.39249591559259084 -0.092135621301320608 0.33301887310790229 0.34921773788569904 -0.12428129830185745 0.36385779045867273 0.26933538944260632 -0.1338248266685968 0.39476833812957735 0.19995648746589531 -0.14432522121657684 0.43077217856370187 0.14731107456111489 -0.16053270317574284 0.43862314888977927 0.071674662713239745 -0.15241819071944765 0.43418889097671531 -0.0054544962822922899 -0.1349253125393296 0.41965116743250475 -0.079235521266543416 -0.1109605721014789 0.39311940456959782 -0.15264959794414257 -0.079055458080841995 0.36212214651116253 -0.22029285597334333 -0.045439474509133895 0.34217642355913264 -0.28992201525899414 -0.019000884919785008 0.28771081061465376 -0.33271009077549446 0.025478132915872767 0.23200827309442529 -0.36971460139615425 0.069671706618664064 0.17487079535156053 -0.40157537283765993 0.11378449424611481 0.11137186298726173 -0.4176399532057819 0.15916831612557197 0.053688809948939466 -0.39479867778898237 0.19363704160363812 0.0027874786484268312 -0.34332825346885792 0.21860891511404917 -0.064131218047287011 -0.34031385571103395 0.26307716147299476 -0.22997192542204112 -0.2774922697073014 0.2669369406280922 -0.17239461238010745 -0.33133942036390585 0.23731537967037519 -0.25048907521363728 -0.19448421824702841 0.26589569787927353 -0.28419984778041096 -0.12317291334820327 0.27562593184235379 -0.32531978060346262 -0.06084142953486215 0.29178314691020019 -0.34350095614547205 0.0045547189276252216 0.2917113370654521 -0.33809295673765261 0.070629290898350239 0.27560797938116877 -0.33515790885827296 0.13754691044639297 0.26106648582010944 -0.29495498775262735 0.19355122883916626 0.2236535567074534 -0.2669796674857145 0.26334950030919374 0.19194951025210702 -0.2511310552256662 0.34078151732494205 0.16695968428050698 -0.20450258921215109 0.39446817297853898 0.12579469077987954 -0.1427179373665505 0.42112632116819887 0.079638913069404862 -0.083700298363624193 0.45224009069973448 0.034662612058881874 -0.010975416670974522 0.44373852318025864 -0.011728342893135638 0.054219484701612176 0.43233709460532843 -0.052550444385104166 0.11239281945493762 0.44609909230167066 -0.093191226019086887 0.17355685471732105 0.42069510305049929 -0.12915539151399008 0.23372363076079486 0.38511368402809287 -0.16338534925827797 0.28847379021507963 0.33816099656554954 -0.19279148068175286 0.3303308510944486 0.26649764390285724 -0.20968833715048213 0.36533761183427543 0.19655377797260731 -0.22189062501894088 0.39970005874211889 0.14093041080621146 -0.23575710603938857 0.40000830250069108 0.062446559089546501 -0.22165544777739801 0.39981890403517345 -0.016034061184104831 -0.20685543877525173 0.38296674919480023 -0.091367794536375696 -0.18122291469317664 0.34834309397669322 -0.16266958463077202 -0.14447961238278112 0.3258892326722983 -0.23851998981599015 -0.11521530540267863 0.30383642935080962 -0.30875917373275807 -0.08734231416452852 0.25260674753519619 -0.35939929672300691 -0.043601142483635918 0.19497916760194012 -0.39812113978076685 0.0021848145263963035 0.13345446739432004 -0.4238238579860813 0.048103619749210402 0.068074476146900348 -0.43684944572455353 0.094214516306718538 0.0092207431146069142 -0.41884169095760582 0.13037256838243347 -0.043879585156639367 -0.37020793502955923 0.15739102246810782 -0.11021626306068699 -0.35874762238193741 0.20006402270840423 -0.27212538143559906 -0.28845924872151851 0.2035647526397695 -0.21525772918436742 -0.34429660922525746 0.17469719505188694 -0.28986797835082256 -0.20285957996436324 0.20009992763077428 -0.3296481189955261 -0.13429931021775632 0.21442599165759746 -0.3726320558635714 -0.071350441264211667 0.23164240193544353 -0.38874600549995592 -0.0053164418557681958 0.22993691812272743 -0.3914178702983418 0.061529547372140378 0.21900386926015541 -0.37654946241907605 0.12680254195088844 0.19668896000534208 -0.34095852859224068 0.18428560457159332 0.16205866237659483 -0.30349712783438471 0.24709552147555439 0.12520225956072614 -0.29047890060499904 0.32503469551982106 0.10190714592512998 -0.24952592567098184 0.38610358273791606 0.063004162533999972 -0.18968767966722086 0.41926967763229173 0.016670655457778908 -0.12722999005173885 0.44195153519375502 -0.029368431254985169 -0.054405651724116037 0.43386197665850917 -0.076335660211088743 0.01041368416044933 0.41891762986842457 -0.11666227377430975 0.070666093443782732 0.44104852639607439 -0.16084507600038886 0.13302217212894923 0.41607773003333309 -0.19782714604456461 0.19255127675107872 0.37731405774100885 -0.23085249364323904 0.24648818971361547 0.32811964645010816 -0.25870573717408241 0.28422785361986214 0.25275395771692527 -0.27119167392928994 0.31529566485076033 0.18189631151228283 -0.27977115513031375 0.35169984516934372 0.12858414419903608 -0.29497868500139224 0.3708612250921357 0.053510542009357495 -0.29420672917037471 0.36116438270686307 -0.026233931531822956 -0.27274635706803912 0.34831095907116938 -0.10376217373953082 -0.24956254869180244 0.30578283519264932 -0.17303946478592633 -0.20800619153730615 0.28107540143551379 -0.24767969456256297 -0.17756779359560709 0.25610478459738439 -0.31460269984896155 -0.14842017761321516 0.20969982672564105 -0.37113553869906518 -0.10682612029022914 0.15549973068211029 -0.41704177719904789 -0.062004210445910445 0.091956994312516582 -0.4392999566765099 -0.015340378083858358 0.026183126066665265 -0.45224009069973453 0.031061348344871356 -0.033160888680631356 -0.43654569008127825 0.068027261173979808 -0.086294069955848818 -0.38385413935124851 0.094428150594836974 -0.155272811572713 -0.37871686305812141 0.14004894496195469 -0.30298243077216802 -0.2837232099359096 0.12186310178003799 -0.25177518953303762 -0.34108114390214467 0.097180262894726838 -0.33163204548124542 -0.21123045356640141 0.12820032057887107 -0.35806866029986406 -0.13827775514129509 0.13263457849193291 -0.40395784396171935 -0.079178791489194059 0.15249000056419568 -0.42480765285910105 -0.01529908742312973 0.15432115160521884 -0.42517998690410902 0.049849855648819573 0.14213143045958801 -0.42114804364623448 0.11550290383088573 0.12690774337344224 -0.37522905889880936 0.1671381317447021 0.086450076843559043 -0.34669074944908823 0.23259190760759818 0.054990183860348034 -0.33870711043484264 0.31456320443435126 0.034176100360728857 -0.28925490180130387 0.36204028328815202 -0.0079583260439712172 -0.23162624472037646 0.39474194801163304 -0.052834093271850943 -0.17291038658999525 0.42472273771768909 -0.097966580694693953 -0.10069912481189112 0.4064654437402489 -0.14279028578513234 -0.037476301300640641 0.39817786955811602 -0.18359623006203157 0.018385654074923572 0.41063328712930525 -0.22350455127960622 0.077910450106368448 0.38574722638336423 -0.25880806620284541 0.14321988818132497 0.36099150050563705 -0.2981903803076576 0.20155784700373061 0.31738174084063081 -0.3296107778762572 0.23011536558692144 0.23426238412100134 -0.33380088231718569 0.25623529899021025 0.16306328210459176 -0.33844518402613055 0.29506306156897033 0.11305777861728526 -0.35562748462772431 0.29989550507115054 0.039272445042349516 -0.34521864763179499 0.30510764312742528 -0.036526616103875351 -0.33470389111486537 0.28417758672853988 -0.1091628126382637 -0.30711275351734435 0.25872638250444813 -0.1840951289584046 -0.27614475797064342 0.22998808263710918 -0.25552527915028433 -0.24367234617651296 0.20386276349546451 -0.32019902057462712 -0.21422133360007153 0.15862633132234999 -0.37645593009629458 -0.17346924670673136 0.10451725425703481 -0.41933699936174107 -0.12923797283544833 0.040397705309518979 -0.43132798676203565 -0.083951094246399044 -0.021079959449792466 -0.4474173415265949 -0.039755725297490045 -0.077753007021762563 -0.43660547177702919 -0.0035922874834160129 -0.12945250474662662 -0.38600394657833115 0.022340042700473153 -0.19376360645500254 -0.37315375438565085 0.063470926524848287 -0.33603955422714149 -0.27837194030543971 0.034323310542458352 -0.29158333601719205 -0.33887568404538382 0.014882590323604557 -0.36120926385982921 -0.20935801186465011 0.038944274051861121 -0.38957199823914646 -0.14289387148617821 0.045915214730576699 -0.42594188935686389 -0.085551017587339934 0.059638076061532319 -0.44306494683654124 -0.025329666061859261 0.059708090660158662 -0.45338222628041924 0.036558751009399079 0.054758597111042584 -0.44924113205853078 0.098534057992800156 0.04009682206003326 -0.40934232564538442 0.14758933770950558 0.0041883091948087918 -0.38076757269945444 0.20751967983915315 -0.02633267006834852 -0.37047273383205992 0.28057309157151561 -0.047254468335087764 -0.32739885513347033 0.32909446509253476 -0.085342409988351436 -0.27456081232015894 0.363757615725252 -0.12738886933323815 -0.21428596246034254 0.37223027978221762 -0.16936890457173592 -0.14938853336961591 0.36691437650028502 -0.21184083724674183 -0.090102505071951541 0.36223399034435427 -0.25085333065111159 -0.039300809931024069 0.36894318413897065 -0.28653384725926601 0.016721640447547623 0.34669469899054928 -0.3201390593542639 0.078127674886725035 0.32391751386018558 -0.35739400680847422 0.1218605884354706 0.27043856818251633 -0.37689217490312649 0.1554173288852643 0.2013230288114112 -0.38659368492830748 0.18887676699542724 0.14024875585496019 -0.39783731136940781 0.21743320843094679 0.090457245704996789 -0.407946342263523 0.23008538497674008 0.023367282529563629 -0.40402013900203659 0.22335375060564056 -0.046755210389491819 -0.38645545097717049 0.21254726659443071 -0.11539572763760235 -0.36656771447477315 0.17872411162062954 -0.17992836271701945 -0.33186381175516211 0.15957134887920701 -0.25064580019979532 -0.30616486356669814 0.13100952170533145 -0.30624672678970827 -0.27680181805006804 0.089326779224083372 -0.358076738907398 -0.23924526924792391 0.042176076114652988 -0.40284443231893313 -0.19931181458468747 -0.012509993053195969 -0.42879417639017398 -0.15771596201558175 -0.071345594099691365 -0.43984355720123702 -0.11606445681679928 -0.12424126431341147 -0.41807763420950844 -0.084191657226298997 -0.17203197266414005 -0.37019931784818955 -0.060237688265160502 -0.23237737569641939 -0.36017933116156009 -0.021379586026995037 -0.35722651034560571 -0.25937751827168221 -0.062223230472385982 -0.31267711886209831 -0.30313610383992451 -0.084419653483367038 -0.38165047474060637 -0.2006541201076025 -0.056157093837469786 -0.40386143924514806 -0.14032038617509435 -0.052074704163661362 -0.43622290482914483 -0.089610787160053579 -0.039892164002507328 -0.45432078095124895 -0.035486630027341703 -0.037994588855095213 -0.46584949247599144 0.020993787636097435 -0.041129088578255431 -0.45049098240633428 0.073294692810708884 -0.061295088229044482 -0.41672455720988233 0.11453544569754558 -0.091455223022353857 -0.39900242610041164 0.17032361645763353 -0.11412738625477573 -0.38871817918511703 0.23229874391642269 -0.13326470987957803 -0.34703974529455356 0.26770351072075399 -0.16783037864805203 -0.3022431484205082 0.2977975804568968 -0.20354859542470019 -0.25511273159221859 0.32314609660300198 -0.24005313000131545 -0.19533660110416304 0.30339084926416082 -0.27599754778891394 -0.14412074268366318 0.30093818401686195 -0.31007850010535265 -0.10009987165748598 0.30832041558136003 -0.34154557407303843 -0.046710867810361101 0.29933323398678952 -0.37621177662415772 -0.00272320883737913 0.25943855663971616 -0.39833279929815535 0.040367724699337616 0.22001674712029504 -0.42008400127171053 0.066092703956523544 0.15632518484746516 -0.42515557155689426 0.096166487411525503 0.10419554615257276 -0.43571161873455305 0.13101059885300259 0.064285968262714599 -0.45210939678229539 0.13397670449023505 0.0035328648368900999 -0.44263229252194702 0.1338526529834364 -0.057564925843715149 -0.4312504321297097 0.13027867701042933 -0.11941169320502094 -0.41764785228870405 0.10140232271656628 -0.17769417892236039 -0.38739256945110651 0.075010589050914026 -0.2331933150573457 -0.35951598772071902 0.058037434622143717 -0.2907822971990508 -0.3379084054366559 0.018015474325258095 -0.33328044046738936 -0.30307165450426504 -0.028360580083974993 -0.36149865753415567 -0.26642709073039311 -0.07567824108243959 -0.37928398130700269 -0.23107151366971257 -0.12486726663498436 -0.38522175784443552 -0.19663510262178105 -0.16901218916796021 -0.37419068854378279 -0.16862926317085106 -0.2115981199715006 -0.34001638342917362 -0.14565370334437769 -0.26388179078337315 -0.32773869522373067 -0.11278454215802726 -0.36674364859440134 -0.23177327537749406 -0.15351149560570562 -0.3283020434557628 -0.26611346123346646 -0.17304556862272988 -0.38089718946922096 -0.17831694980091978 -0.15306088882992464 -0.4072535567863359 -0.13357385126121016 -0.14356762735450695 -0.43677512253524148 -0.091240511586563433 -0.13192545627506497 -0.44439809660425034 -0.044304878962147388 -0.13548183883611095 -0.45420085851052322 0.0031187015573176935 -0.1380634027547272 -0.44217252999096074 0.046527393657035294 -0.15418650814631726 -0.42202340565368784 0.084080890540777956 -0.17458948028476687 -0.40070485799472688 0.12618838825369852 -0.19688823232451091 -0.39466008478862258 0.17935172966370921 -0.21184801823121663 -0.36049242208465243 0.20939858442693154 -0.24036191233372403 -0.32024569697371208 0.22793091010974881 -0.27062796664803379 -0.28050828318663235 0.24262158862326835 -0.30001794085644135 -0.23329331026615427 0.23500166647266119 -0.32989263151688625 -0.19144791848655657 0.22967391456634548 -0.35704213856922079 -0.1550983136499802 0.24027717671692417 -0.38420421234438523 -0.11560487381042503 0.22039877549434359 -0.40717259118638383 -0.073323057699383437 0.20079863742015369 -0.43240298013788181 -0.036101322298367079 0.16875923898984249 -0.45166956148322662 -0.020434747994749921 0.10971915941043305 -0.45036262230885016 0.0080179282151118907 0.068737281013905735 -0.46208737470975042 0.029822269473779271 0.033071485423922714 -0.47041013571580698 0.038480202930189625 -0.015485254445633714 -0.46717151171776405 0.04023182456815589 -0.066050336148123293 -0.45902827532357166 0.031075351264596675 -0.11511333542313883 -0.44379381676071167 0.010620316988705983 -0.16275306357528926 -0.42111626778993466 -0.012521662152967275 -0.20560307508288314 -0.39760751986622006 -0.024657166865813283 -0.25343220170055103 -0.38126359920203678 -0.05639909301426415 -0.28869783693068696 -0.35333136484197253 -0.092768984131981563 -0.31453214667649865 -0.3238839427577665 -0.13325860604277509 -0.32120705127024879 -0.29486019875756198 -0.17118443697152586 -0.33855900263005406 -0.26623320414957935 -0.20793635646329156 -0.32023438692316458 -0.24422528198105692 -0.24247114699852537 -0.2889707143407218 -0.22596224321603708 -0.28492638388462838 -0.27905467240436199 -0.19942491509016264 -0.34724727574586955 -0.18384792356786653 -0.23200145115917375 -0.31690384632384616 -0.20318811000407605 -0.24857695857266252 -0.35465410218219301 -0.14352095095542247 -0.23369616349517966 -0.37198576726085747 -0.11170308589615247 -0.22790290427029802 -0.38997323574666465 -0.081530922953848492 -0.22164647154680353 -0.40408728120687409 -0.049146837268756551 -0.21847068116291418 -0.40526209026691823 -0.015343968576096009 -0.22399644871611632 -0.40052712862898043 0.016463304531073929 -0.233123479983329 -0.38412755533511866 0.04214878837364943 -0.24865953989412076 -0.36787142220613694 0.070680634937343612 -0.26488497431447378 -0.36462813056818505 0.10863411265632147 -0.27494553356338508 -0.33956541760416881 0.12767359536765718 -0.29523360995024178 -0.31302808947829414 0.14314430831972977 -0.3159202309754382 -0.28530518081566336 0.15350467367045526 -0.33649195624904171 -0.25222256486580502 0.14887455440584671 -0.35756994092810296 -0.22248377433654284 0.1506956520686045 -0.37811294226380726 -0.19800846590254892 0.14891512696812811 -0.39448020112753268 -0.1677774188875531 0.14289405101079009 -0.41407531251259078 -0.1410806729063423 0.12125541096887378 -0.4279902651782424 -0.11784354572038062 0.095304589749961796 -0.43875097041342709 -0.099241744012771582 0.060862792963674049 -0.44464476342095199 -0.08670823323542122 0.026905892154033374 -0.44657824349073816 -0.065562926826909937 0.0040249417980118612 -0.45712531443780241 -0.060423496238440573 -0.03082437585720943 -0.45403928635984414 -0.058652665467004657 -0.066569341801024834 -0.44863739078882936 -0.067005407083244567 -0.10018819776652375 -0.43661462753223473 -0.080284663098281972 -0.1330932638752477 -0.42143761684517317 -0.09582180015674463 -0.16268556232122808 -0.4054401786818882 -0.10322665182233758 -0.1967955976247894 -0.39469922115400818 -0.1284080305547966 -0.21595482325223903 -0.37392283782288077 -0.15265013651797812 -0.23468929364801619 -0.35408895870404239 -0.17934778012224803 -0.24405976028891838 -0.33419404121717022 -0.20628850005098343 -0.25461257602356302 -0.31418602322482286 -0.23220503206902907 -0.23618311794334432 -0.29943448586788052 -0.25631662363938496 -0.21644169399961671 -0.28630764624831767 -0.28718103348504004 -0.21402116365784185 -0.26629962825597031 -0.30484122860341756 -0.11770602986769221 -0.30585249074205212 -0.29187326826535404 -0.13098313158738725 -0.31215380461851117 -0.3119057016049146 -0.10044725178144477 -0.30415957365216595 -0.32105140343176186 -0.083864563383480722 -0.30108252180480016 -0.33100819745501475 -0.068136950711829347 -0.29742021972275579 -0.33271278364467249 -0.050714446179561196 -0.2994703907902545 -0.33650613869337853 -0.033251189560399602 -0.30026388957469641 -0.33467103811089516 -0.016517880013080792 -0.30462813288913393 -0.3242069075345117 -0.0042421665783684507 -0.31378927383260091 -0.318270387669362 0.012089905461432147 -0.32088588173962157 -0.31442030284330663 0.029556393523607356 -0.32693406591335078 -0.30398507572943362 0.042479472708704731 -0.33644348460383777 -0.28985612972643948 0.049850932796490818 -0.34731190460614053 -0.27486474748804623 0.052805369333951982 -0.35790744719840878 -0.25823843460939905 0.051176722055113366 -0.36872380506327224 -0.24315711054046149 0.050312131524371743 -0.37874666414368974 -0.23046633620311727 0.051890511911888343 -0.38773546145976745 -0.21524264911697072 0.047596462720690957 -0.39728078507262649 -0.20145713369647433 0.03654492761428553 -0.4044940839773597 -0.18856529179384135 0.024208355336150868 -0.41090849835929394 -0.18077428268812687 0.0045033748886318435 -0.41233751426973803 -0.17335129903673563 -0.012333879408956611 -0.41418841301806592 -0.16457469981188275 -0.024874930220005434 -0.41791354871426384 -0.16129819612073562 -0.042314489590400871 -0.41688128219603965 -0.16157861356446879 -0.060096581920234565 -0.4133536235728949 -0.16083592024518356 -0.078237184899962564 -0.41056919684286841 -0.17027388814014682 -0.093630881793545145 -0.40118005964233339 -0.17717571184329442 -0.10909746567954488 -0.39365259266683644 -0.18195124604351351 -0.12497587902516279 -0.38762056570817455 -0.19296956909672383 -0.13721945755435139 -0.3779190556829935 -0.206956152082509 -0.14347499265478506 -0.36722836504643713 -0.22027292874142612 -0.148941876135296 -0.3572108917043727 -0.23439235993999141 -0.15119850050643821 -0.34723829951527679 -0.24741363908777891 -0.14795736316382868 -0.33896221490830247 -0.25997282188462617 -0.13641159680095913 -0.3324095665752313 -0.27623559742424686 -0.13617408573946188 -0.32162372789438676 -0.26078606837637425 -0.05127833298542888 -0.37673060275244735 -0.26078606837637425 -0.05127833298542888 -0.37673060275244735 -0.26078606837637425 -0.05127833298542888 -0.37673060275244735 -0.26078606837637425 -0.05127833298542888 -0.37673060275244735 -0.26078606837637425 -0.05127833298542888 -0.37673060275244735 -0.26078606837637425 -0.05127833298542888 -0.37673060275244735 -0.26078606837637425 -0.05127833298542888 -0.37673060275244735 -0.26078606837637425 -0.05127833298542888 -0.37673060275244735 -0.26078606837637425 -0.05127833298542888 -0.37673060275244735 -0.26078606837637425 -0.05127833298542888 -0.37673060275244735 -0.26078606837637425 -0.05127833298542888 -0.37673060275244735 -0.26078606837637425 -0.05127833298542888 -0.37673060275244735 -0.26078606837637425 -0.05127833298542888 -0.37673060275244735 -0.26078606837637425 -0.05127833298542888 -0.37673060275244735 -0.26078606837637425 -0.05127833298542888 -0.37673060275244735 -0.26078606837637425 -0.05127833298542888 -0.37673060275244735 -0.26078606837637425 -0.05127833298542888 -0.37673060275244735 -0.26078606837637425 -0.05127833298542888 -0.37673060275244735 -0.26078606837637425 -0.05127833298542888 -0.37673060275244735 -0.26078606837637425 -0.05127833298542888 -0.37673060275244735 -0.26078606837637425 -0.05127833298542888 -0.37673060275244735 -0.26078606837637425 -0.05127833298542888 -0.37673060275244735 -0.26078606837637425 -0.05127833298542888 -0.37673060275244735 -0.26078606837637425 -0.05127833298542888 -0.37673060275244735 -0.26078606837637425 -0.05127833298542888 -0.37673060275244735 -0.26078606837637425 -0.05127833298542888 -0.37673060275244735 -0.26078606837637425 -0.05127833298542888 -0.37673060275244735 -0.26078606837637425 -0.05127833298542888 -0.37673060275244735 -0.26078606837637425 -0.05127833298542888 -0.37673060275244735 -0.26078606837637425 -0.05127833298542888 -0.37673060275244735 -0.26078606837637425 -0.05127833298542888 -0.37673060275244735 -0.26078606837637425 -0.05127833298542888 -0.37673060275244735 -0.26078606837637425 -0.05127833298542888 -0.37673060275244735 -0.26078606837637425 -0.05127833298542888 -0.37673060275244735 -0.26078606837637425 -0.05127833298542888 -0.37673060275244735 -0.26078606837637425 -0.05127833298542888 -0.37673060275244735</float_array>
          <technique_common>
            <accessor source="#fruit-positions-array" count="576" stride="3">
              <param name="X" type="float" />
              <param name="Y" type="float" />
              <param name="Z" type="float" />
            </accessor>
          </technique_common>
        </source>
        <source id="fruit-normals">
          <float_array id="fruit-normals-array" count="1728">-0.25709579999999999 0.076970040000000003 -0.9633159 -0.22465389999999999 0.098761020000000005 -0.96942090000000003 -0.1946502 0.01278746 -0.98078940000000003 -0.36216860000000001 0.24140500000000001 -0.90030969999999999 -0.14072119999999999 0.007171869 -0.99002330000000005 -0.21378430000000001 0.072848430000000006 -0.97416100000000005 -0.17652209999999999 0.061923079999999998 -0.98234699999999997 -0.2022786 0.033997890000000003 -0.97873779999999999 -0.1763681 0.035554339999999997 -0.98368199999999995 -0.1717602 -0.099979810000000002 -0.98005240000000005 -0.1486576 -0.078586219999999998 -0.98576129999999995 -0.17508770000000001 -0.17627789999999999 -0.96864360000000005 -0.1467339 -0.16391600000000001 -0.97550020000000004 -0.19559589999999999 -0.31300220000000001 -0.92939320000000003 -0.16300049999999999 -0.3401921 -0.92612110000000003 -0.191082 -0.36916280000000001 -0.90950900000000001 -0.1589459 -0.43307259999999997 -0.88723419999999997 -0.14746680000000001 -0.30064069999999998 -0.94226799999999999 -0.117133 -0.32374849999999999 -0.9388647 -0.19443779999999999 -0.35493819999999998 -0.91444669999999995 -0.1601043 -0.35240670000000002 -0.92204989999999998 -0.280136 -0.44689309999999999 -0.84959430000000002 -0.2671326 -0.4609587 -0.84626089999999998 -0.33284219999999998 -0.47582449999999998 -0.81412969999999996 -0.31092760000000003 -0.49098979999999998 -0.8137894 -0.46394960000000002 -0.51433640000000003 -0.72125510000000004 -0.43898959999999998 -0.53570530000000005 -0.72132370000000001 -0.5151019 -0.5263023 -0.67651749999999999 -0.4864792 -0.54629729999999999 -0.68183389999999999 -0.4633755 -0.521698 -0.71631999999999996 -0.40423049999999999 -0.54813000000000001 -0.73222350000000003 -0.5086965 -0.49133100000000002 -0.70698079999999996 -0.47961419999999999 -0.53592269999999997 -0.69480739999999996 -0.60794570000000003 -0.4468645 -0.65628830000000005 -0.61554869999999995 -0.47827180000000002 -0.62638320000000003 -0.67359420000000003 -0.40105580000000002 -0.62082619999999999 -0.69452930000000002 -0.4159485 -0.58704009999999995 -0.76889180000000001 -0.30137360000000002 -0.56389670000000003 -0.79161360000000003 -0.30202050000000003 -0.53116059999999998 -0.78805170000000002 -0.29386370000000001 -0.54094240000000005 -0.82181939999999998 -0.25343090000000001 -0.51027999999999996 -0.78562350000000003 -0.31388929999999998 -0.53316920000000001 -0.7992901 -0.30625720000000001 -0.51705129999999999 -0.82131869999999996 -0.2171709 -0.52751539999999997 -0.81084999999999996 -0.27292830000000001 -0.51771840000000002 -0.83224100000000001 -0.1129227 -0.54279239999999995 -0.85282970000000002 -0.1049556 -0.51153300000000002 -0.83449390000000001 -0.048342820000000002 -0.54889270000000001 -0.84921530000000001 -0.04370284 -0.52623520000000001 -0.82410249999999996 0.02374368 -0.56594299999999997 -0.8319491 0.042940249999999999 -0.55318820000000002 -0.81223730000000005 0.084263379999999999 -0.57720910000000003 -0.8242931 0.095006220000000002 -0.55813520000000005 -0.81605269999999996 0.07287979 -0.57336410000000004 -0.8225481 0.088718710000000006 -0.56173280000000003 -0.77592110000000003 0.13046969999999999 -0.61719049999999998 -0.77055770000000001 0.1596783 -0.61704429999999999 -0.70713300000000001 0.2101866 -0.6751182 -0.73514550000000001 0.1956888 -0.64905089999999999 -0.64401810000000004 0.2321907 -0.72892270000000003 -0.66648779999999996 0.23381089999999999 -0.70790299999999995 -0.60751049999999995 0.24280879999999999 -0.75629040000000003 -0.58486819999999995 0.27198630000000001 -0.76416799999999996 -0.50826700000000002 0.25330950000000002 -0.82310320000000003 -0.52395259999999999 0.26579120000000001 -0.80921500000000002 -0.33702300000000002 0.23734739999999999 -0.91108829999999996 -0.3653807 0.25215300000000002 -0.89605570000000001 -0.40538740000000001 0.2628625 -0.87553669999999995 -0.40483609999999998 0.2840414 -0.86915390000000003 -0.4928785 0.28220729999999999 -0.8230613 -0.4694836 0.30873660000000003 -0.8272043 -0.39458330000000003 0.21009449999999999 -0.89451899999999995 -0.13355220000000001 0.15229100000000001 -0.97927090000000006 -0.30342400000000003 0.3257642 -0.8954394 -0.060977389999999999 0.057467690000000002 -0.99648349999999997 -0.076327859999999997 0.13117039999999999 -0.98841710000000005 -0.060764249999999999 0.064060329999999999 -0.99609449999999999 -0.049196660000000003 -0.059817309999999999 -0.9969964 -0.02151614 -0.17304510000000001 -0.98467890000000002 -0.018677530000000001 -0.45909539999999999 -0.8881907 -0.04275727 -0.48165259999999999 -0.87531859999999995 0.003601253 -0.31700390000000001 -0.94841739999999997 -0.04291027 -0.39702710000000002 -0.91680329999999999 -0.16495499999999999 -0.5566354 -0.81421560000000004 -0.23823269999999999 -0.59964099999999998 -0.76398690000000002 -0.38792539999999998 -0.64251389999999997 -0.66082510000000005 -0.4634953 -0.64508460000000001 -0.60748500000000005 -0.37438260000000001 -0.65442940000000005 -0.65693210000000002 -0.43236799999999997 -0.63852640000000005 -0.63666480000000003 -0.5940299 -0.57150650000000003 -0.5661351 -0.69962219999999997 -0.50048440000000005 -0.50994530000000005 -0.81038520000000003 -0.37142269999999999 -0.45312350000000001 -0.86494570000000004 -0.28874250000000001 -0.41048370000000001 -0.85970009999999997 -0.31807289999999999 -0.39968160000000003 -0.88090769999999996 -0.25758249999999999 -0.39705550000000001 -0.89315650000000002 -0.140848 -0.427122 -0.90522469999999999 -0.042421399999999998 -0.42281049999999998 -0.88299850000000002 0.113316 -0.45549210000000001 -0.86339710000000003 0.13294300000000001 -0.48669469999999998 -0.87165409999999999 0.126776 -0.47344180000000002 -0.81291409999999997 0.23835629999999999 -0.53137290000000004 -0.75730520000000001 0.2655787 -0.59662119999999996 -0.65897329999999998 0.33464440000000001 -0.67362259999999996 -0.60809709999999995 0.34550910000000001 -0.71473160000000002 -0.48748760000000002 0.37844149999999999 -0.78685320000000003 -0.23896829999999999 0.34856419999999999 -0.9063097 -0.33205269999999998 0.3719112 -0.86684669999999997 -0.42306050000000001 0.40264299999999997 -0.81172560000000005 0.084233580000000002 0.26353520000000002 -0.96096499999999996 -0.18866740000000001 0.48387590000000003 -0.85455769999999998 0.21235219999999999 0.090306159999999996 -0.97301150000000003 0.10001019999999999 0.2404578 -0.96549370000000001 0.1456075 0.16517039999999999 -0.97545740000000003 0.20096600000000001 -0.058473879999999999 -0.97785149999999998 0.21839459999999999 -0.23688909999999999 -0.9466717 0.19114200000000001 -0.50295719999999999 -0.84291110000000002 0.1482308 -0.508996 -0.84790960000000004 0.21735389999999999 -0.36884869999999997 -0.90371900000000005 0.16165879999999999 -0.52669589999999999 -0.83454050000000002 0.0076298709999999999 -0.68269089999999999 -0.73066750000000003 -0.073184840000000001 -0.71765730000000005 -0.69254020000000005 -0.27855210000000002 -0.82604279999999997 -0.48996129999999999 -0.37644729999999998 -0.80218219999999996 -0.46345589999999998 -0.26551829999999998 -0.79698230000000003 -0.54251199999999999 -0.34733799999999998 -0.81318159999999995 -0.46700340000000001 -0.56223199999999995 -0.73955090000000001 -0.37008069999999998 -0.70047300000000001 -0.65029970000000004 -0.29402040000000002 -0.8555876 -0.46313559999999998 -0.23124729999999999 -0.9351391 -0.3031778 -0.1832984 -0.88200730000000005 -0.41347519999999999 -0.22605629999999999 -0.90625129999999998 -0.36071209999999998 -0.22044359999999999 -0.97154620000000003 -0.098149529999999999 -0.21555659999999999 -0.97453520000000005 0.030519060000000001 -0.22214829999999999 -0.9599046 0.14740529999999999 -0.2384425 -0.91947699999999999 0.25736690000000001 -0.29719420000000002 -0.91149670000000005 0.289661 -0.29201100000000002 -0.88890950000000002 0.2940854 -0.35121780000000002 -0.77547270000000001 0.45144600000000001 -0.44140509999999999 -0.63779830000000004 0.55890510000000004 -0.52994200000000002 -0.55224459999999997 0.57769760000000003 -0.60107529999999998 -0.41100819999999999 0.57077869999999997 -0.71083339999999995 -0.1534181 0.50108850000000005 -0.85168860000000002 -0.2625575 0.52749550000000001 -0.80796789999999996 -0.31883230000000001 0.58077719999999999 -0.74902860000000004 0.31984089999999998 0.30799939999999998 -0.89601240000000004 -0.035341259999999999 0.61398589999999997 -0.78852549999999999 0.36677690000000002 0.2211709 -0.90363599999999999 0.33766010000000002 0.33143430000000002 -0.88098639999999995 0.38820660000000001 0.22614860000000001 -0.89339389999999996 0.38414540000000003 0.01532059 -0.92314549999999995 0.38402150000000002 -0.23658380000000001 -0.89249970000000001 0.35552040000000001 -0.50378369999999995 -0.78727840000000004 0.36354760000000003 -0.57123250000000003 -0.73588500000000001 0.43538100000000002 -0.4303149 -0.79074180000000005 0.35859740000000001 -0.56646189999999996 -0.74197630000000003 0.19682189999999999 -0.74999249999999995 -0.6314843 0.042208309999999999 -0.87151190000000001 -0.4885545 -0.15775510000000001 -0.91292879999999998 -0.37639650000000002 -0.25287939999999998 -0.91254489999999999 -0.32142480000000001 -0.20701420000000001 -0.92742860000000005 -0.3114827 -0.26881050000000001 -0.92432599999999998 -0.27085530000000002 -0.49627939999999998 -0.85140570000000004 -0.16975009999999999 -0.62897389999999997 -0.76863060000000005 -0.1166145 -0.82208720000000002 -0.56615590000000005 -0.060335809999999997 -0.93248900000000001 -0.36119679999999998 0.0010986920000000001 -0.89413419999999999 -0.44734170000000001 -0.0202338 -0.93003270000000005 -0.3672338 -0.013367230000000001 -0.99708560000000002 -0.075687050000000006 -0.0095829360000000002 -0.99464920000000001 0.094059939999999995 -0.042726750000000001 -0.97647879999999998 0.20417060000000001 -0.069308099999999997 -0.92092799999999997 0.38198290000000001 -0.077336539999999995 -0.94376859999999996 0.32020500000000002 -0.082279140000000001 -0.88290519999999995 0.43531839999999999 -0.17600109999999999 -0.70313559999999997 0.64035730000000002 -0.30910009999999999 -0.62802329999999995 0.66931560000000001 -0.39699319999999999 -0.55145690000000003 0.69880509999999996 -0.45559509999999998 -0.37411040000000001 0.72392710000000005 -0.57962999999999998 0.0028992890000000002 0.65640560000000003 -0.75440260000000003 -0.1188437 0.68144369999999999 -0.72215700000000005 -0.2154026 0.72680840000000002 -0.65218969999999998 0.47667949999999998 0.35478569999999998 -0.8043032 0.17792640000000001 0.70404560000000005 -0.68750420000000001 0.50304850000000001 0.24070510000000001 -0.83006210000000002 0.47930450000000002 0.36314829999999998 -0.79899339999999996 0.42695899999999998 0.35307280000000002 -0.8324937 0.48923030000000001 0.078435539999999998 -0.86862050000000002 0.56583720000000004 -0.26530870000000001 -0.78066610000000003 0.47780529999999999 -0.54860940000000002 -0.68609750000000003 0.47778680000000001 -0.61811669999999996 -0.62422069999999996 0.56927720000000004 -0.4320928 -0.69944220000000001 0.46755799999999997 -0.56079480000000004 -0.68330000000000002 0.29173729999999998 -0.79314470000000004 -0.5346128 0.17835490000000001 -0.8923238 -0.41466589999999998 -0.052339730000000001 -0.96106729999999996 -0.2713121 -0.19569010000000001 -0.97323179999999998 -0.1205209 -0.1172236 -0.97596879999999997 -0.1836941 -0.19443750000000001 -0.96516789999999997 -0.17505780000000001 -0.44576690000000002 -0.89351760000000002 -0.05401939 -0.56474899999999995 -0.82492109999999996 -0.02374356 -0.80454680000000001 -0.58712810000000004 0.089360170000000003 -0.91040980000000005 -0.39341930000000003 0.12796579999999999 -0.86749039999999999 -0.48611690000000002 0.10559789999999999 -0.91820559999999996 -0.38372000000000001 0.098272319999999996 -0.98872389999999999 -0.065280130000000006 0.1347718 -0.9873902 0.10037790000000001 0.1224128 -0.92983490000000002 0.34926420000000002 0.1158517 -0.89481849999999996 0.44112230000000002 0.068637310000000007 -0.93873890000000004 0.33320820000000001 0.087986700000000001 -0.8572128 0.51494419999999996 -0.0043336149999999999 -0.69381780000000004 0.70285140000000002 -0.15689790000000001 -0.54254349999999996 0.80290459999999997 -0.24696299999999999 -0.47332920000000001 0.80843489999999996 -0.34984670000000001 -0.25965860000000002 0.82332059999999996 -0.50469850000000005 0.03152626 0.74619369999999996 -0.66498210000000002 -0.019135530000000001 0.7913327 -0.61108629999999997 -0.1368771 0.83255460000000003 -0.53676579999999996 0.47866609999999998 0.4629182 -0.7460466 0.30797029999999997 0.7591677 -0.57342720000000003 0.60147050000000002 0.25541439999999999 -0.75696540000000001 0.52676460000000003 0.41085189999999999 -0.7441236 0.5218836 0.3935186 -0.75682280000000002 0.67611940000000004 0.001098632 -0.73679130000000004 0.69275960000000003 -0.21058379999999999 -0.68973810000000002 0.60729710000000003 -0.48003299999999999 -0.63305509999999998 0.53026830000000003 -0.65582370000000001 -0.53731819999999997 0.62469529999999995 -0.40266879999999999 -0.66903950000000001 0.55648450000000005 -0.5678375 -0.60653570000000001 0.34254689999999999 -0.84803550000000005 -0.40434809999999999 0.26518459999999999 -0.92578070000000001 -0.26945730000000001 0.048921579999999999 -0.99146409999999996 -0.1208544 -0.1263484 -0.99159109999999995 -0.027985869999999999 -0.014679670000000001 -0.99690659999999998 -0.077213340000000005 -0.09674555 -0.99351929999999999 -0.059664839999999997 -0.35695120000000002 -0.92817700000000003 0.1052298 -0.46963270000000001 -0.86656820000000001 0.16883339999999999 -0.71778660000000005 -0.6187511 0.31926379999999999 -0.85787389999999997 -0.42748730000000001 0.28514410000000001 -0.82369320000000001 -0.51199660000000002 0.24369879999999999 -0.89631700000000003 -0.3506956 0.27134580000000003 -0.93605609999999995 0.044558100000000003 0.3490182 -0.92014669999999998 0.19217790000000001 0.34117150000000002 -0.87541400000000003 0.38066660000000002 0.29789840000000001 -0.84404120000000005 0.46947810000000001 0.25920019999999999 -0.86842529999999996 0.4143599 0.2722927 -0.77782260000000003 0.60535629999999996 0.16892599999999999 -0.60128839999999995 0.79902200000000001 0.0040284989999999996 -0.53646260000000001 0.83991269999999996 -0.082187590000000005 -0.4663368 0.86458480000000004 -0.18714510000000001 -0.1655083 0.91495000000000004 -0.36806749999999999 0.1893127 0.80382370000000003 -0.56394010000000006 0.1261968 0.85633800000000004 -0.50075890000000001 0.018708220000000001 0.90797729999999999 -0.41860160000000002 0.59686709999999998 0.49246030000000002 -0.63342920000000003 0.28883490000000001 0.81327899999999997 -0.50512539999999995 0.74112100000000003 0.27665380000000001 -0.61172090000000001 0.60376540000000001 0.48541119999999999 -0.63233159999999999 0.65488979999999997 0.38488280000000002 -0.65037290000000003 0.76950929999999995 -0.01361149 -0.63849069999999997 0.74204460000000005 -0.16822200000000001 -0.64889989999999997 0.71628029999999998 -0.48396990000000001 -0.5027085 0.62591799999999997 -0.60672150000000002 -0.49001610000000001 0.74164859999999999 -0.42214249999999998 -0.52129959999999997 0.70975639999999995 -0.56427099999999997 -0.42171540000000002 0.44430409999999998 -0.85116080000000005 -0.27949829999999998 0.30961430000000001 -0.931315 -0.19181129999999999 0.12647240000000001 -0.99111800000000005 -0.041109619999999999 -0.068820770000000003 -0.99294179999999999 0.096593200000000004 0.060274300000000003 -0.99597650000000004 0.066317020000000004 -0.022339879999999999 -0.99739160000000004 0.068637190000000001 -0.30836669999999999 -0.91777540000000002 0.2501969 -0.41231200000000001 -0.84348489999999998 0.34428510000000001 -0.60818320000000003 -0.64767479999999999 0.45894509999999999 -0.7401799 -0.47817340000000003 0.47274100000000002 -0.71392909999999998 -0.49962519999999999 0.49059160000000002 -0.80189250000000001 -0.25828410000000002 0.53875580000000001 -0.89164469999999996 0.053652459999999999 0.44954569999999999 -0.88096730000000001 0.22095899999999999 0.41841820000000002 -0.82640420000000003 0.42034359999999998 0.37465619999999999 -0.76283869999999998 0.50964770000000004 0.39791520000000002 -0.81208650000000004 0.41106359999999997 0.41417660000000001 -0.7015827 0.63450079999999998 0.32433089999999998 -0.57754139999999998 0.80679999999999996 0.12457849999999999 -0.49550929999999999 0.86857580000000001 0.006836295 -0.3310418 0.94154789999999999 -0.062442240000000003 -0.080143510000000001 0.97228199999999998 -0.21964690000000001 0.24397170000000001 0.85680040000000002 -0.45428059999999998 0.19797709999999999 0.88596850000000005 -0.41936250000000003 0.070560689999999995 0.93422720000000004 -0.34962949999999998 0.76201140000000001 0.49005189999999998 -0.42330580000000001 0.45467249999999998 0.83161300000000005 -0.31889329999999999 0.79362929999999998 0.35335490000000003 -0.49527060000000001 0.71143060000000002 0.52880439999999995 -0.4628526 0.77464270000000002 0.40450370000000002 -0.4861125 0.84897610000000001 0.062838489999999997 -0.52468179999999998 0.84276519999999999 -0.18033959999999999 -0.50717299999999998 0.77674920000000003 -0.48464800000000002 -0.40221509999999999 0.71973370000000003 -0.62152300000000005 -0.30934230000000001 0.82043330000000003 -0.43988189999999999 -0.36523050000000001 0.76926369999999999 -0.4861993 -0.41454049999999998 0.54315089999999999 -0.81699999999999995 -0.1936445 0.38909199999999999 -0.91881749999999995 -0.066196619999999998 0.1890038 -0.97797979999999995 0.088504910000000006 -0.0087895390000000007 -0.96471819999999997 0.26313819999999999 0.15344959999999999 -0.97767689999999996 0.14353089999999999 0.071078359999999993 -0.97928859999999995 0.189583 -0.22855539999999999 -0.88690740000000001 0.40144449999999998 -0.3701682 -0.82408130000000002 0.4287957 -0.5888736 -0.63605670000000003 0.49865799999999999 -0.67387079999999999 -0.39150430000000003 0.62659609999999999 -0.59851849999999995 -0.44613449999999999 0.6653869 -0.68647650000000004 -0.35222629999999999 0.63614979999999999 -0.7976145 0.032472189999999998 0.60229279999999996 -0.78770899999999999 0.25364779999999998 0.56140670000000004 -0.73280789999999996 0.47461150000000002 0.48758230000000002 -0.72665659999999999 0.51934130000000001 0.4497275 -0.73841230000000002 0.46639459999999999 0.48705599999999999 -0.64493089999999997 0.63101419999999997 0.43114419999999998 -0.54778550000000004 0.78986219999999996 0.27576970000000001 -0.41491299999999998 0.89944100000000005 0.1373074 -0.20451059999999999 0.9770181 0.060092680000000002 -0.01556456 0.99704950000000003 -0.075167830000000005 0.32255709999999999 0.89115979999999995 -0.31904739999999998 0.27900340000000001 0.91269679999999997 -0.2985659 0.17307349999999999 0.96077049999999997 -0.21671579999999999 0.79837789999999997 0.51381849999999996 -0.31397979999999998 0.52867569999999997 0.82583640000000003 -0.19620480000000001 0.84870480000000004 0.37385859999999999 -0.37407220000000002 0.80734729999999999 0.50029650000000003 -0.31287989999999999 0.82520550000000004 0.46373750000000002 -0.32246469999999999 0.93666539999999998 0.12641060000000001 -0.32661669999999998 0.93412490000000004 -0.1015061 -0.34220929999999999 0.84658829999999996 -0.43783680000000003 -0.30263420000000002 0.76054279999999996 -0.61823099999999998 -0.19840640000000001 0.85912619999999995 -0.36101610000000001 -0.36272520000000003 0.8203551 -0.4975234 -0.28193610000000002 0.60257380000000005 -0.79805009999999998 -0.0045778750000000003 0.48961830000000001 -0.87110730000000003 0.038026799999999999 0.26612829999999998 -0.92980090000000004 0.25425629999999999 0.083590739999999997 -0.91342520000000005 0.39833030000000003 0.22971810000000001 -0.9415789 0.24629000000000001 0.15131629999999999 -0.9131473 0.37850440000000002 -0.062229029999999998 -0.85744260000000005 0.51080320000000001 -0.19660469999999999 -0.84187259999999997 0.50259039999999999 -0.47119159999999999 -0.54617819999999995 0.69258059999999999 -0.5657044 -0.27113280000000001 0.77875899999999998 -0.52148589999999995 -0.44015149999999997 0.73097140000000005 -0.56799109999999997 -0.28544520000000001 0.77195029999999998 -0.63171449999999996 0.078189839999999997 0.77124780000000004 -0.65253850000000002 0.24659800000000001 0.71650749999999996 -0.61120680000000005 0.46398250000000002 0.64120710000000003 -0.63615129999999998 0.49997269999999999 0.58765559999999994 -0.6268667 0.50433170000000005 0.59387529999999999 -0.54473340000000003 0.64083760000000001 0.54091849999999997 -0.41625990000000002 0.79363760000000005 0.44369720000000001 -0.22785279999999999 0.92566340000000003 0.30204379999999997 -0.11282929999999999 0.97762059999999995 0.17756050000000001 0.02133262 0.9983919 0.05252283 0.4066998 0.89778550000000001 -0.16904620000000001 0.4074332 0.903281 -0.13446820000000001 0.32133210000000001 0.94580710000000001 -0.046846270000000002 0.84768109999999997 0.50274890000000005 -0.16935310000000001 0.58521199999999995 0.80904220000000004 -0.05456888 0.90019970000000005 0.37224489999999999 -0.225996 0.84714719999999999 0.4880602 -0.210093 0.89059690000000002 0.4212497 -0.17142360000000001 0.96340219999999999 0.19456039999999999 -0.18439749999999999 0.97531069999999997 0.017579190000000001 -0.2201369 0.90900550000000002 -0.40529100000000001 -0.097202650000000002 0.8369875 -0.54614010000000002 -0.03439503 0.93675390000000003 -0.31492680000000001 -0.15268709999999999 0.89332959999999995 -0.44359759999999998 -0.071994959999999997 0.69597050000000005 -0.70671340000000005 0.12720590000000001 0.54525520000000005 -0.7932844 0.27091850000000001 0.32143110000000003 -0.84306990000000004 0.43117909999999998 0.210033 -0.85765020000000003 0.4693851 0.31120150000000002 -0.85837529999999995 0.40785490000000002 0.21397260000000001 -0.83950159999999996 0.49945260000000002 0.049959829999999997 -0.8174555 0.57382109999999997 -0.076724459999999994 -0.66476250000000003 0.74310449999999995 -0.2729008 -0.37953409999999999 0.8840131 -0.37831720000000002 -0.30797020000000003 0.87294349999999998 -0.36321209999999998 -0.38707829999999999 0.84749490000000005 -0.44948660000000001 -0.21711340000000001 0.86650070000000001 -0.52651550000000003 0.092350779999999993 0.84513479999999996 -0.50250099999999998 0.29048309999999999 0.81431710000000002 -0.52332120000000004 0.43261660000000002 0.7341512 -0.4901394 0.51592819999999995 0.70255350000000005 -0.47894360000000002 0.50622820000000002 0.71717940000000002 -0.40111449999999998 0.64267430000000003 0.65274569999999998 -0.31028440000000002 0.76287799999999995 0.567222 -0.17408190000000001 0.86894470000000001 0.46328249999999999 -0.05572825 0.93764499999999995 0.34309820000000002 0.2204084 0.95283499999999999 0.20862810000000001 0.55557559999999995 0.83141010000000004 0.0096440910000000005 0.47750090000000001 0.8783685 0.021485379999999998 0.32408599999999999 0.94219609999999998 0.085057670000000002 0.83322510000000005 0.5529096 -0.0051881669999999996 0.64063789999999998 0.75130209999999997 0.15851899999999999 0.93056760000000005 0.36318109999999998 -0.046297900000000003 0.88626749999999999 0.46153660000000002 -0.038911519999999998 0.89830509999999997 0.43447269999999999 -0.065433379999999999 0.96846929999999998 0.2443071 -0.048800339999999998 0.99989779999999995 -0.0096440310000000008 0.010559610000000001 0.90616890000000005 -0.39909640000000002 0.13992940000000001 0.89942960000000005 -0.42732900000000001 0.091740539999999995 0.97025030000000001 -0.24207429999999999 -0.003814816 0.91012749999999998 -0.39564389999999999 0.1230207 0.72352510000000003 -0.61182380000000003 0.31966090000000003 0.64649420000000002 -0.66517210000000004 0.37361949999999999 0.43093579999999998 -0.74608039999999998 0.50760079999999996 0.27509850000000002 -0.72204950000000001 0.63479560000000002 0.40504770000000001 -0.741977 0.53423449999999995 0.3577168 -0.75687890000000002 0.54696710000000004 0.13718420000000001 -0.6591863 0.73936060000000003 -0.01086497 -0.49951420000000002 0.86623760000000005 -0.17481440000000001 -0.3788359 0.90880320000000003 -0.2371984 -0.22984309999999999 0.94387980000000005 -0.17566960000000001 -0.38646710000000001 0.90541899999999997 -0.26938869999999998 -0.2012099 0.94177719999999998 -0.33619510000000002 0.15271609999999999 0.92932820000000005 -0.38674039999999998 0.2026481 0.89964759999999999 -0.38295990000000002 0.40511710000000001 0.83019399999999999 -0.33311879999999999 0.53192189999999995 0.77851840000000005 -0.31996350000000001 0.49523539999999999 0.8076913 -0.31166179999999999 0.58044410000000002 0.75229760000000001 -0.1193612 0.75974900000000001 0.63916700000000004 0.026094249999999999 0.82051989999999997 0.57102200000000003 0.16514039999999999 0.84532629999999997 0.50808690000000001 0.31245539999999999 0.86824040000000002 0.38539630000000002 0.54806100000000002 0.8178493 0.1753624 0.52817210000000003 0.82747789999999999 0.19056429999999999 0.45660650000000003 0.85070860000000004 0.26039479999999998 0.84688240000000004 0.46737390000000001 0.25367709999999999 0.61149030000000004 0.69609049999999995 0.37621480000000002 0.91178610000000004 0.33186379999999999 0.24189369999999999 0.84587869999999998 0.48171989999999998 0.22898779999999999 0.90389180000000002 0.36693419999999999 0.21986140000000001 0.94314089999999995 0.19984099999999999 0.26561030000000002 0.9605361 0.024720659999999998 0.27705489999999999 0.91572770000000003 -0.2378054 0.32386949999999998 0.90276999999999996 -0.2813908 0.3253085 0.93758109999999995 -0.1552818 0.31117400000000001 0.90733299999999995 -0.2606636 0.32985039999999999 0.72270109999999999 -0.45205440000000002 0.52282910000000005 0.65282150000000005 -0.46561219999999998 0.59751940000000003 0.50382070000000001 -0.51239679999999999 0.69542400000000004 0.40694079999999999 -0.52993239999999997 0.74402349999999995 0.50946060000000004 -0.54196370000000005 0.6683751 0.45221169999999999 -0.53556130000000002 0.71321710000000005 0.2828542 -0.4290118 0.85787089999999999 0.20099810000000001 -0.43398009999999998 0.87821470000000001 0.0075382590000000003 -0.2196475 0.97555020000000003 -0.0086978669999999998 -0.12628719999999999 0.99195560000000005 0.036165410000000002 -0.23341190000000001 0.97170520000000005 -0.022095790000000001 -0.072116669999999994 0.99715149999999997 -0.090763150000000001 0.1082504 0.98997170000000001 -0.098149769999999997 0.22257669999999999 0.96996199999999999 -0.065403039999999996 0.386986 0.9197632 -0.046420089999999997 0.46795540000000002 0.88253219999999999 -0.055789350000000001 0.41985460000000002 0.90587519999999999 -0.048952460000000003 0.48073519999999997 0.87549840000000001 0.099127649999999998 0.62931420000000005 0.77080300000000002 0.21162030000000001 0.6975169 0.68460730000000003 0.27613460000000001 0.70721330000000004 0.65084489999999995 0.36605070000000001 0.75840929999999995 0.53927939999999996 0.65959990000000002 0.65929470000000001 0.3609137 0.61018099999999997 0.66658150000000005 0.42819190000000001 0.49178719999999998 0.73505620000000005 0.4667309 0.77276080000000003 0.35195409999999999 0.52817530000000001 0.60775380000000001 0.49519999999999997 0.62081589999999998 0.81110519999999997 0.25730619999999998 0.5252637 0.7727136 0.33967779999999997 0.5362209 0.78714300000000004 0.31324580000000002 0.53130319999999998 0.82221860000000002 0.21891440000000001 0.52538850000000004 0.82240389999999997 0.075932020000000003 0.56381380000000003 0.81233599999999995 -0.049441449999999998 0.5810902 0.78074299999999996 -0.10867889999999999 0.61532869999999995 0.81699690000000003 -0.012512799999999999 0.57650630000000003 0.80231929999999996 -0.064639619999999995 0.59338480000000005 0.68164480000000005 -0.18271799999999999 0.70850159999999995 0.65260099999999999 -0.21085999999999999 0.72777080000000005 0.56305729999999998 -0.24528649999999999 0.78917740000000003 0.52364619999999995 -0.2483947 0.81492019999999998 0.55145540000000004 -0.2594456 0.79283360000000003 0.5064341 -0.23154839999999999 0.83060809999999996 0.43129430000000002 -0.2163185 0.87589479999999997 0.35350500000000001 -0.1179265 0.92796970000000001 0.28019359999999999 -0.053072269999999998 0.95847530000000003 0.23908689999999999 -0.01342839 0.97090540000000003 0.28263650000000001 -0.045564830000000001 0.95814429999999995 0.2423226 -0.034974989999999997 0.96956520000000002 0.21643960000000001 0.13794519999999999 0.96650139999999995 0.20783589999999999 0.21888379999999999 0.95335950000000003 0.21750839999999999 0.30698999999999999 0.92652440000000003 0.2252025 0.35255979999999998 0.90828710000000001 0.21250479999999999 0.31218040000000002 0.92595099999999997 0.23359089999999999 0.36305169999999998 0.90201379999999998 0.3427886 0.44127319999999998 0.82932150000000004 0.37281959999999997 0.47255560000000002 0.79855909999999997 0.39751760000000003 0.4844985 0.77925670000000002 0.52881299999999998 0.50186410000000004 0.68446289999999999 0.67509350000000001 0.46496609999999999 0.57276119999999997 0.59521369999999996 0.49575200000000003 0.63241650000000005 0.5227079 0.54040929999999998 0.65934380000000004 0.70183249999999997 0.27528829999999999 0.65699890000000005 0.61169430000000002 0.36531360000000002 0.70169510000000002 0.72426210000000002 0.25615149999999998 0.64018039999999998 0.7098487 0.28474519999999998 0.64423220000000003 0.72399239999999998 0.23175809999999999 0.64971009999999996 0.73389230000000005 0.1665121 0.65854069999999998 0.73832209999999998 0.14139579999999999 0.6594603 0.72169539999999999 0.015809110000000001 0.69203040000000005 0.71509769999999995 -0.017701140000000001 0.69880039999999999 0.74375369999999996 0.04678595 0.66681460000000004 0.72004259999999998 0.01644986 0.69373499999999999 0.66357999999999995 -0.052126819999999997 0.74628709999999998 0.6112187 -0.082067539999999994 0.78719550000000005 0.56017950000000005 -0.097752859999999997 0.82258330000000002 0.54244289999999995 -0.1010786 0.83398989999999995 0.5635308 -0.1027875 0.8196755 0.54989259999999995 -0.10095700000000001 0.8291115 0.47576239999999997 -0.062319989999999999 0.87736340000000002 0.42964550000000001 -0.033296100000000002 0.90238370000000001 0.38334699999999999 0.015808699999999998 0.92346919999999999 0.34831079999999998 0.061800470000000003 0.93533960000000005 0.36827280000000001 0.020722379999999999 0.92948679999999995 0.36354019999999998 0.056764960000000003 0.92984750000000005 0.34322049999999998 0.14804929999999999 0.92751349999999999 0.33629229999999999 0.17179320000000001 0.92595609999999995 0.33857949999999998 0.23606559999999999 0.91084410000000005 0.3539001 0.29850779999999999 0.88636780000000004 0.33766459999999998 0.2628315 0.90382649999999998 0.3612571 0.29066589999999998 0.88600610000000002 0.41893530000000001 0.35038950000000002 0.83768759999999998 0.4559897 0.36998609999999998 0.80943430000000005 0.4728118 0.37356159999999999 0.79806069999999996 0.53259590000000001 0.38433210000000001 0.75407599999999997 0.61956610000000001 0.3850886 0.68399169999999998 0.59206720000000002 0.39579989999999998 0.70199630000000002 0.53586180000000005 0.41585909999999998 0.73478810000000006 0.038057559999999997 0.012116129999999999 0.99920209999999998 0.03653091 0.017243080000000001 0.99918379999999996 0.040224309999999999 0.01501542 0.99907789999999996 0.036835899999999998 0.014984600000000001 0.99920909999999996 0.036714789999999997 0.0075992940000000004 0.99929690000000004 0.036164519999999999 0.0093691940000000008 0.99930200000000002 0.58378059999999998 0.50046179999999996 0.63932639999999996 0.68393400000000004 0.59350590000000003 0.42424659999999997 0.040560239999999997 0.0022584189999999998 0.99917460000000002 0.037599500000000001 0.0036622880000000001 0.99928629999999996 0.035890690000000003 -0.00024415500000000002 0.99935580000000002 0.033296399999999997 -0.00250256 0.99944250000000001 0.030427510000000001 -0.0034791230000000002 0.99953099999999995 0.030427389999999999 -0.0044557449999999997 0.9995271 0.029389789999999999 -0.0042116039999999999 0.99955919999999998 0.025147550000000001 -0.003662228 0.99967709999999999 0.026337860000000001 -0.0031129119999999998 0.99964830000000005 0.02359139 -0.0011292089999999999 0.99972110000000003 0.022889130000000001 -0.00054934000000000005 0.99973789999999996 0.020722440000000002 0.0043031570000000002 0.999776 0.019989779999999999 0.003296017 0.99979490000000004 0.016968420000000001 6.10375e-05 0.99985610000000003 -0.8430803 0.025330539999999999 0.53719090000000003 -0.93415139999999997 0.036897239999999998 0.35496470000000002 0.018128269999999998 0.007995963 0.99980380000000002 0.020996799999999999 0.01678526 0.99963869999999999 0.01999014 0.014710300000000001 0.99969200000000003 0.016876749999999999 0.01156651 0.99979070000000003 0.02179068 0.016571869999999999 0.99962519999999999 0.024140769999999999 0.01846414 0.99953809999999998 0.023194070000000001 0.017700730000000001 0.99957430000000003 0.024689969999999999 0.018036779999999999 0.99953250000000005 0.025299840000000001 0.016510480000000001 0.99954359999999998 0.61340899999999998 0.0049440860000000003 0.7897499 0.78919660000000003 -0.0017090429999999999 0.61413830000000003 0.030488129999999999 0.020020240000000002 0.99933470000000002</float_array>
          <technique_common>
            <accessor source="#fruit-normals-array" count="576" stride="3">
              <param name="X" type="float" />
              <param name="Y" type="float" />
              <param name="Z" type="float" />
            </accessor>
          </technique_common>
        </source>
        <source id="fruit-uv">
          <float_array id="fruit-uv-array" count="6480">2 1 2 1.0625 1.9444440000000001 1 0 1 0.055555519999999997 1.0625 0 1.0625 1.9444440000000001 1 2 1.0625 1.9444440000000001 1.0625 1.9444440000000001 1 1.9444440000000001 1.0625 1.888889 1 1.888889 1 1.9444440000000001 1.0625 1.888889 1.0625 1.888889 1 1.888889 1.0625 1.8333330000000001 1 1.8333330000000001 1 1.888889 1.0625 1.8333330000000001 1.0625 1.8333330000000001 1 1.8333330000000001 1.0625 1.7777780000000001 1 1.7777780000000001 1 1.8333330000000001 1.0625 1.7777780000000001 1.0625 1.7777780000000001 1 1.7777780000000001 1.0625 1.7222219999999999 1 1.7222219999999999 1 1.7777780000000001 1.0625 1.7222219999999999 1.0625 1.7222219999999999 1 1.7222219999999999 1.0625 1.6666669999999999 1 1.6666669999999999 1 1.7222219999999999 1.0625 1.6666669999999999 1.0625 1.6666669999999999 1 1.6666669999999999 1.0625 1.611111 1 1.611111 1 1.6666669999999999 1.0625 1.611111 1.0625 1.611111 1 1.611111 1.0625 1.5555559999999999 1 1.5555559999999999 1 1.611111 1.0625 1.5555559999999999 1.0625 1.5555559999999999 1 1.5555559999999999 1.0625 1.5 1 1.5 1 1.5555559999999999 1.0625 1.5 1.0625 1.5 1 1.5 1.0625 1.4444440000000001 1 1.4444440000000001 1 1.5 1.0625 1.4444440000000001 1.0625 1.4444440000000001 1 1.4444440000000001 1.0625 1.388889 1 1.388889 1 1.4444440000000001 1.0625 1.388889 1.0625 1.388889 1 1.388889 1.0625 1.3333330000000001 1 1.3333330000000001 1 1.388889 1.0625 1.3333330000000001 1.0625 1.3333330000000001 1 1.3333330000000001 1.0625 1.2777780000000001 1 1.2777780000000001 1 1.3333330000000001 1.0625 1.2777780000000001 1.0625 1.2777780000000001 1 1.2777780000000001 1.0625 1.2222219999999999 1 1.2222219999999999 1 1.2777780000000001 1.0625 1.2222219999999999 1.0625 1.2222219999999999 1 1.2222219999999999 1.0625 1.1666669999999999 1 1.1666669999999999 1 1.2222219999999999 1.0625 1.1666669999999999 1.0625 1.1666669999999999 1 1.1666669999999999 1.0625 1.111111 1 1.111111 1 1.1666669999999999 1.0625 1.111111 1.0625 1.111111 1 1.111111 1.0625 1.0555559999999999 1 1.0555559999999999 1 1.111111 1.0625 1.0555559999999999 1.0625 1.0555559999999999 1 1.0555559999999999 1.0625 1 1 1 1 1.0555559999999999 1.0625 1 1.0625 1 1 1 1.0625 0.94444450000000002 1 0.94444450000000002 1 1 1.0625 0.94444450000000002 1.0625 0.94444450000000002 1 0.94444450000000002 1.0625 0.88888889999999998 1 0.88888889999999998 1 0.94444450000000002 1.0625 0.88888889999999998 1.0625 0.88888889999999998 1 0.88888889999999998 1.0625 0.83333330000000005 1 0.83333330000000005 1 0.88888889999999998 1.0625 0.83333330000000005 1.0625 0.83333330000000005 1 0.83333330000000005 1.0625 0.77777779999999996 1 0.77777779999999996 1 0.83333330000000005 1.0625 0.77777779999999996 1.0625 0.77777779999999996 1 0.77777779999999996 1.0625 0.72222220000000004 1 0.72222220000000004 1 0.77777779999999996 1.0625 0.72222220000000004 1.0625 0.72222220000000004 1 0.72222220000000004 1.0625 0.66666669999999995 1 0.66666669999999995 1 0.72222220000000004 1.0625 0.66666669999999995 1.0625 0.66666669999999995 1 0.66666669999999995 1.0625 0.61111110000000002 1 0.61111110000000002 1 0.66666669999999995 1.0625 0.61111110000000002 1.0625 0.61111110000000002 1 0.61111110000000002 1.0625 0.55555560000000004 1 0.55555560000000004 1 0.61111110000000002 1.0625 0.55555560000000004 1.0625 0.55555560000000004 1 0.55555560000000004 1.0625 0.5 1 0.5 1 0.55555560000000004 1.0625 0.5 1.0625 0.5 1 0.5 1.0625 0.44444440000000002 1 0.44444440000000002 1 0.5 1.0625 0.44444440000000002 1.0625 0.44444440000000002 1 0.44444440000000002 1.0625 0.38888889999999998 1 0.38888889999999998 1 0.44444440000000002 1.0625 0.38888889999999998 1.0625 0.38888889999999998 1 0.38888889999999998 1.0625 0.3333333 1 0.3333333 1 0.38888889999999998 1.0625 0.3333333 1.0625 0.3333333 1 0.3333333 1.0625 0.27777780000000002 1 0.27777780000000002 1 0.3333333 1.0625 0.27777780000000002 1.0625 0.27777780000000002 1 0.27777780000000002 1.0625 0.22222220000000001 1 0.22222220000000001 1 0.27777780000000002 1.0625 0.22222220000000001 1.0625 0.22222220000000001 1 0.22222220000000001 1.0625 0.1666666 1 0.1666666 1 0.22222220000000001 1.0625 0.1666666 1.0625 0.1666666 1 0.1666666 1.0625 0.1111111 1 0.1111111 1 0.1666666 1.0625 0.1111111 1.0625 0.1111111 1 0.1111111 1.0625 0.055555519999999997 1 0.055555519999999997 1 0.1111111 1.0625 0.055555519999999997 1.0625 0.055555519999999997 1 0.055555519999999997 1.0625 0 1 2 1.0625 2 1.125 1.9444440000000001 1.0625 0 1.0625 0.055555519999999997 1.125 0 1.125 1.9444440000000001 1.0625 2 1.125 1.9444440000000001 1.125 1.9444440000000001 1.0625 1.9444440000000001 1.125 1.888889 1.0625 1.888889 1.0625 1.9444440000000001 1.125 1.888889 1.125 1.888889 1.0625 1.888889 1.125 1.8333330000000001 1.0625 1.8333330000000001 1.0625 1.888889 1.125 1.8333330000000001 1.125 1.8333330000000001 1.0625 1.8333330000000001 1.125 1.7777780000000001 1.0625 1.7777780000000001 1.0625 1.8333330000000001 1.125 1.7777780000000001 1.125 1.7777780000000001 1.0625 1.7777780000000001 1.125 1.7222219999999999 1.0625 1.7222219999999999 1.0625 1.7777780000000001 1.125 1.7222219999999999 1.125 1.7222219999999999 1.0625 1.7222219999999999 1.125 1.6666669999999999 1.0625 1.6666669999999999 1.0625 1.7222219999999999 1.125 1.6666669999999999 1.125 1.6666669999999999 1.0625 1.6666669999999999 1.125 1.611111 1.0625 1.611111 1.0625 1.6666669999999999 1.125 1.611111 1.125 1.611111 1.0625 1.611111 1.125 1.5555559999999999 1.0625 1.5555559999999999 1.0625 1.611111 1.125 1.5555559999999999 1.125 1.5555559999999999 1.0625 1.5555559999999999 1.125 1.5 1.0625 1.5 1.0625 1.5555559999999999 1.125 1.5 1.125 1.5 1.0625 1.5 1.125 1.4444440000000001 1.0625 1.4444440000000001 1.0625 1.5 1.125 1.4444440000000001 1.125 1.4444440000000001 1.0625 1.4444440000000001 1.125 1.388889 1.0625 1.388889 1.0625 1.4444440000000001 1.125 1.388889 1.125 1.388889 1.0625 1.388889 1.125 1.3333330000000001 1.0625 1.3333330000000001 1.0625 1.388889 1.125 1.3333330000000001 1.125 1.3333330000000001 1.0625 1.3333330000000001 1.125 1.2777780000000001 1.0625 1.2777780000000001 1.0625 1.3333330000000001 1.125 1.2777780000000001 1.125 1.2777780000000001 1.0625 1.2777780000000001 1.125 1.2222219999999999 1.0625 1.2222219999999999 1.0625 1.2777780000000001 1.125 1.2222219999999999 1.125 1.2222219999999999 1.0625 1.2222219999999999 1.125 1.1666669999999999 1.0625 1.1666669999999999 1.0625 1.2222219999999999 1.125 1.1666669999999999 1.125 1.1666669999999999 1.0625 1.1666669999999999 1.125 1.111111 1.0625 1.111111 1.0625 1.1666669999999999 1.125 1.111111 1.125 1.111111 1.0625 1.111111 1.125 1.0555559999999999 1.0625 1.0555559999999999 1.0625 1.111111 1.125 1.0555559999999999 1.125 1.0555559999999999 1.0625 1.0555559999999999 1.125 1 1.0625 1 1.0625 1.0555559999999999 1.125 1 1.125 1 1.0625 1 1.125 0.94444450000000002 1.0625 0.94444450000000002 1.0625 1 1.125 0.94444450000000002 1.125 0.94444450000000002 1.0625 0.94444450000000002 1.125 0.88888889999999998 1.0625 0.88888889999999998 1.0625 0.94444450000000002 1.125 0.88888889999999998 1.125 0.88888889999999998 1.0625 0.88888889999999998 1.125 0.83333330000000005 1.0625 0.83333330000000005 1.0625 0.88888889999999998 1.125 0.83333330000000005 1.125 0.83333330000000005 1.0625 0.83333330000000005 1.125 0.77777779999999996 1.0625 0.77777779999999996 1.0625 0.83333330000000005 1.125 0.77777779999999996 1.125 0.77777779999999996 1.0625 0.77777779999999996 1.125 0.72222220000000004 1.0625 0.72222220000000004 1.0625 0.77777779999999996 1.125 0.72222220000000004 1.125 0.72222220000000004 1.0625 0.72222220000000004 1.125 0.66666669999999995 1.0625 0.66666669999999995 1.0625 0.72222220000000004 1.125 0.66666669999999995 1.125 0.66666669999999995 1.0625 0.66666669999999995 1.125 0.61111110000000002 1.0625 0.61111110000000002 1.0625 0.66666669999999995 1.125 0.61111110000000002 1.125 0.61111110000000002 1.0625 0.61111110000000002 1.125 0.55555560000000004 1.0625 0.55555560000000004 1.0625 0.61111110000000002 1.125 0.55555560000000004 1.125 0.55555560000000004 1.0625 0.55555560000000004 1.125 0.5 1.0625 0.5 1.0625 0.55555560000000004 1.125 0.5 1.125 0.5 1.0625 0.5 1.125 0.44444440000000002 1.0625 0.44444440000000002 1.0625 0.5 1.125 0.44444440000000002 1.125 0.44444440000000002 1.0625 0.44444440000000002 1.125 0.38888889999999998 1.0625 0.38888889999999998 1.0625 0.44444440000000002 1.125 0.38888889999999998 1.125 0.38888889999999998 1.0625 0.38888889999999998 1.125 0.3333333 1.0625 0.3333333 1.0625 0.38888889999999998 1.125 0.3333333 1.125 0.3333333 1.0625 0.3333333 1.125 0.27777780000000002 1.0625 0.27777780000000002 1.0625 0.3333333 1.125 0.27777780000000002 1.125 0.27777780000000002 1.0625 0.27777780000000002 1.125 0.22222220000000001 1.0625 0.22222220000000001 1.0625 0.27777780000000002 1.125 0.22222220000000001 1.125 0.22222220000000001 1.0625 0.22222220000000001 1.125 0.1666666 1.0625 0.1666666 1.0625 0.22222220000000001 1.125 0.1666666 1.125 0.1666666 1.0625 0.1666666 1.125 0.1111111 1.0625 0.1111111 1.0625 0.1666666 1.125 0.1111111 1.125 0.1111111 1.0625 0.1111111 1.125 0.055555519999999997 1.0625 0.055555519999999997 1.0625 0.1111111 1.125 0.055555519999999997 1.125 0.055555519999999997 1.0625 0.055555519999999997 1.125 0 1.0625 2 1.125 2 1.1875 1.9444440000000001 1.125 0 1.125 0.055555519999999997 1.1875 0 1.1875 1.9444440000000001 1.125 2 1.1875 1.9444440000000001 1.1875 1.9444440000000001 1.125 1.9444440000000001 1.1875 1.888889 1.125 1.888889 1.125 1.9444440000000001 1.1875 1.888889 1.1875 1.888889 1.125 1.888889 1.1875 1.8333330000000001 1.125 1.8333330000000001 1.125 1.888889 1.1875 1.8333330000000001 1.1875 1.8333330000000001 1.125 1.8333330000000001 1.1875 1.7777780000000001 1.125 1.7777780000000001 1.125 1.8333330000000001 1.1875 1.7777780000000001 1.1875 1.7777780000000001 1.125 1.7777780000000001 1.1875 1.7222219999999999 1.125 1.7222219999999999 1.125 1.7777780000000001 1.1875 1.7222219999999999 1.1875 1.7222219999999999 1.125 1.7222219999999999 1.1875 1.6666669999999999 1.125 1.6666669999999999 1.125 1.7222219999999999 1.1875 1.6666669999999999 1.1875 1.6666669999999999 1.125 1.6666669999999999 1.1875 1.611111 1.125 1.611111 1.125 1.6666669999999999 1.1875 1.611111 1.1875 1.611111 1.125 1.611111 1.1875 1.5555559999999999 1.125 1.5555559999999999 1.125 1.611111 1.1875 1.5555559999999999 1.1875 1.5555559999999999 1.125 1.5555559999999999 1.1875 1.5 1.125 1.5 1.125 1.5555559999999999 1.1875 1.5 1.1875 1.5 1.125 1.5 1.1875 1.4444440000000001 1.125 1.4444440000000001 1.125 1.5 1.1875 1.4444440000000001 1.1875 1.4444440000000001 1.125 1.4444440000000001 1.1875 1.388889 1.125 1.388889 1.125 1.4444440000000001 1.1875 1.388889 1.1875 1.388889 1.125 1.388889 1.1875 1.3333330000000001 1.125 1.3333330000000001 1.125 1.388889 1.1875 1.3333330000000001 1.1875 1.3333330000000001 1.125 1.3333330000000001 1.1875 1.2777780000000001 1.125 1.2777780000000001 1.125 1.3333330000000001 1.1875 1.2777780000000001 1.1875 1.2777780000000001 1.125 1.2777780000000001 1.1875 1.2222219999999999 1.125 1.2222219999999999 1.125 1.2777780000000001 1.1875 1.2222219999999999 1.1875 1.2222219999999999 1.125 1.2222219999999999 1.1875 1.1666669999999999 1.125 1.1666669999999999 1.125 1.2222219999999999 1.1875 1.1666669999999999 1.1875 1.1666669999999999 1.125 1.1666669999999999 1.1875 1.111111 1.125 1.111111 1.125 1.1666669999999999 1.1875 1.111111 1.1875 1.111111 1.125 1.111111 1.1875 1.0555559999999999 1.125 1.0555559999999999 1.125 1.111111 1.1875 1.0555559999999999 1.1875 1.0555559999999999 1.125 1.0555559999999999 1.1875 1 1.125 1 1.125 1.0555559999999999 1.1875 1 1.1875 1 1.125 1 1.1875 0.94444450000000002 1.125 0.94444450000000002 1.125 1 1.1875 0.94444450000000002 1.1875 0.94444450000000002 1.125 0.94444450000000002 1.1875 0.88888889999999998 1.125 0.88888889999999998 1.125 0.94444450000000002 1.1875 0.88888889999999998 1.1875 0.88888889999999998 1.125 0.88888889999999998 1.1875 0.83333330000000005 1.125 0.83333330000000005 1.125 0.88888889999999998 1.1875 0.83333330000000005 1.1875 0.83333330000000005 1.125 0.83333330000000005 1.1875 0.77777779999999996 1.125 0.77777779999999996 1.125 0.83333330000000005 1.1875 0.77777779999999996 1.1875 0.77777779999999996 1.125 0.77777779999999996 1.1875 0.72222220000000004 1.125 0.72222220000000004 1.125 0.77777779999999996 1.1875 0.72222220000000004 1.1875 0.72222220000000004 1.125 0.72222220000000004 1.1875 0.66666669999999995 1.125 0.66666669999999995 1.125 0.72222220000000004 1.1875 0.66666669999999995 1.1875 0.66666669999999995 1.125 0.66666669999999995 1.1875 0.61111110000000002 1.125 0.61111110000000002 1.125 0.66666669999999995 1.1875 0.61111110000000002 1.1875 0.61111110000000002 1.125 0.61111110000000002 1.1875 0.55555560000000004 1.125 0.55555560000000004 1.125 0.61111110000000002 1.1875 0.55555560000000004 1.1875 0.55555560000000004 1.125 0.55555560000000004 1.1875 0.5 1.125 0.5 1.125 0.55555560000000004 1.1875 0.5 1.1875 0.5 1.125 0.5 1.1875 0.44444440000000002 1.125 0.44444440000000002 1.125 0.5 1.1875 0.44444440000000002 1.1875 0.44444440000000002 1.125 0.44444440000000002 1.1875 0.38888889999999998 1.125 0.38888889999999998 1.125 0.44444440000000002 1.1875 0.38888889999999998 1.1875 0.38888889999999998 1.125 0.38888889999999998 1.1875 0.3333333 1.125 0.3333333 1.125 0.38888889999999998 1.1875 0.3333333 1.1875 0.3333333 1.125 0.3333333 1.1875 0.27777780000000002 1.125 0.27777780000000002 1.125 0.3333333 1.1875 0.27777780000000002 1.1875 0.27777780000000002 1.125 0.27777780000000002 1.1875 0.22222220000000001 1.125 0.22222220000000001 1.125 0.27777780000000002 1.1875 0.22222220000000001 1.1875 0.22222220000000001 1.125 0.22222220000000001 1.1875 0.1666666 1.125 0.1666666 1.125 0.22222220000000001 1.1875 0.1666666 1.1875 0.1666666 1.125 0.1666666 1.1875 0.1111111 1.125 0.1111111 1.125 0.1666666 1.1875 0.1111111 1.1875 0.1111111 1.125 0.1111111 1.1875 0.055555519999999997 1.125 0.055555519999999997 1.125 0.1111111 1.1875 0.055555519999999997 1.1875 0.055555519999999997 1.125 0.055555519999999997 1.1875 0 1.125 2 1.1875 2 1.25 1.9444440000000001 1.1875 0 1.1875 0.055555519999999997 1.25 0 1.25 1.9444440000000001 1.1875 2 1.25 1.9444440000000001 1.25 1.9444440000000001 1.1875 1.9444440000000001 1.25 1.888889 1.1875 1.888889 1.1875 1.9444440000000001 1.25 1.888889 1.25 1.888889 1.1875 1.888889 1.25 1.8333330000000001 1.1875 1.8333330000000001 1.1875 1.888889 1.25 1.8333330000000001 1.25 1.8333330000000001 1.1875 1.8333330000000001 1.25 1.7777780000000001 1.1875 1.7777780000000001 1.1875 1.8333330000000001 1.25 1.7777780000000001 1.25 1.7777780000000001 1.1875 1.7777780000000001 1.25 1.7222219999999999 1.1875 1.7222219999999999 1.1875 1.7777780000000001 1.25 1.7222219999999999 1.25 1.7222219999999999 1.1875 1.7222219999999999 1.25 1.6666669999999999 1.1875 1.6666669999999999 1.1875 1.7222219999999999 1.25 1.6666669999999999 1.25 1.6666669999999999 1.1875 1.6666669999999999 1.25 1.611111 1.1875 1.611111 1.1875 1.6666669999999999 1.25 1.611111 1.25 1.611111 1.1875 1.611111 1.25 1.5555559999999999 1.1875 1.5555559999999999 1.1875 1.611111 1.25 1.5555559999999999 1.25 1.5555559999999999 1.1875 1.5555559999999999 1.25 1.5 1.1875 1.5 1.1875 1.5555559999999999 1.25 1.5 1.25 1.5 1.1875 1.5 1.25 1.4444440000000001 1.1875 1.4444440000000001 1.1875 1.5 1.25 1.4444440000000001 1.25 1.4444440000000001 1.1875 1.4444440000000001 1.25 1.388889 1.1875 1.388889 1.1875 1.4444440000000001 1.25 1.388889 1.25 1.388889 1.1875 1.388889 1.25 1.3333330000000001 1.1875 1.3333330000000001 1.1875 1.388889 1.25 1.3333330000000001 1.25 1.3333330000000001 1.1875 1.3333330000000001 1.25 1.2777780000000001 1.1875 1.2777780000000001 1.1875 1.3333330000000001 1.25 1.2777780000000001 1.25 1.2777780000000001 1.1875 1.2777780000000001 1.25 1.2222219999999999 1.1875 1.2222219999999999 1.1875 1.2777780000000001 1.25 1.2222219999999999 1.25 1.2222219999999999 1.1875 1.2222219999999999 1.25 1.1666669999999999 1.1875 1.1666669999999999 1.1875 1.2222219999999999 1.25 1.1666669999999999 1.25 1.1666669999999999 1.1875 1.1666669999999999 1.25 1.111111 1.1875 1.111111 1.1875 1.1666669999999999 1.25 1.111111 1.25 1.111111 1.1875 1.111111 1.25 1.0555559999999999 1.1875 1.0555559999999999 1.1875 1.111111 1.25 1.0555559999999999 1.25 1.0555559999999999 1.1875 1.0555559999999999 1.25 1 1.1875 1 1.1875 1.0555559999999999 1.25 1 1.25 1 1.1875 1 1.25 0.94444450000000002 1.1875 0.94444450000000002 1.1875 1 1.25 0.94444450000000002 1.25 0.94444450000000002 1.1875 0.94444450000000002 1.25 0.88888889999999998 1.1875 0.88888889999999998 1.1875 0.94444450000000002 1.25 0.88888889999999998 1.25 0.88888889999999998 1.1875 0.88888889999999998 1.25 0.83333330000000005 1.1875 0.83333330000000005 1.1875 0.88888889999999998 1.25 0.83333330000000005 1.25 0.83333330000000005 1.1875 0.83333330000000005 1.25 0.77777779999999996 1.1875 0.77777779999999996 1.1875 0.83333330000000005 1.25 0.77777779999999996 1.25 0.77777779999999996 1.1875 0.77777779999999996 1.25 0.72222220000000004 1.1875 0.72222220000000004 1.1875 0.77777779999999996 1.25 0.72222220000000004 1.25 0.72222220000000004 1.1875 0.72222220000000004 1.25 0.66666669999999995 1.1875 0.66666669999999995 1.1875 0.72222220000000004 1.25 0.66666669999999995 1.25 0.66666669999999995 1.1875 0.66666669999999995 1.25 0.61111110000000002 1.1875 0.61111110000000002 1.1875 0.66666669999999995 1.25 0.61111110000000002 1.25 0.61111110000000002 1.1875 0.61111110000000002 1.25 0.55555560000000004 1.1875 0.55555560000000004 1.1875 0.61111110000000002 1.25 0.55555560000000004 1.25 0.55555560000000004 1.1875 0.55555560000000004 1.25 0.5 1.1875 0.5 1.1875 0.55555560000000004 1.25 0.5 1.25 0.5 1.1875 0.5 1.25 0.44444440000000002 1.1875 0.44444440000000002 1.1875 0.5 1.25 0.44444440000000002 1.25 0.44444440000000002 1.1875 0.44444440000000002 1.25 0.38888889999999998 1.1875 0.38888889999999998 1.1875 0.44444440000000002 1.25 0.38888889999999998 1.25 0.38888889999999998 1.1875 0.38888889999999998 1.25 0.3333333 1.1875 0.3333333 1.1875 0.38888889999999998 1.25 0.3333333 1.25 0.3333333 1.1875 0.3333333 1.25 0.27777780000000002 1.1875 0.27777780000000002 1.1875 0.3333333 1.25 0.27777780000000002 1.25 0.27777780000000002 1.1875 0.27777780000000002 1.25 0.22222220000000001 1.1875 0.22222220000000001 1.1875 0.27777780000000002 1.25 0.22222220000000001 1.25 0.22222220000000001 1.1875 0.22222220000000001 1.25 0.1666666 1.1875 0.1666666 1.1875 0.22222220000000001 1.25 0.1666666 1.25 0.1666666 1.1875 0.1666666 1.25 0.1111111 1.1875 0.1111111 1.1875 0.1666666 1.25 0.1111111 1.25 0.1111111 1.1875 0.1111111 1.25 0.055555519999999997 1.1875 0.055555519999999997 1.1875 0.1111111 1.25 0.055555519999999997 1.25 0.055555519999999997 1.1875 0.055555519999999997 1.25 0 1.1875 2 1.25 2 1.3125 1.9444440000000001 1.25 0 1.25 0.055555519999999997 1.3125 0 1.3125 1.9444440000000001 1.25 2 1.3125 1.9444440000000001 1.3125 1.9444440000000001 1.25 1.9444440000000001 1.3125 1.888889 1.25 1.888889 1.25 1.9444440000000001 1.3125 1.888889 1.3125 1.888889 1.25 1.888889 1.3125 1.8333330000000001 1.25 1.8333330000000001 1.25 1.888889 1.3125 1.8333330000000001 1.3125 1.8333330000000001 1.25 1.8333330000000001 1.3125 1.7777780000000001 1.25 1.7777780000000001 1.25 1.8333330000000001 1.3125 1.7777780000000001 1.3125 1.7777780000000001 1.25 1.7777780000000001 1.3125 1.7222219999999999 1.25 1.7222219999999999 1.25 1.7777780000000001 1.3125 1.7222219999999999 1.3125 1.7222219999999999 1.25 1.7222219999999999 1.3125 1.6666669999999999 1.25 1.6666669999999999 1.25 1.7222219999999999 1.3125 1.6666669999999999 1.3125 1.6666669999999999 1.25 1.6666669999999999 1.3125 1.611111 1.25 1.611111 1.25 1.6666669999999999 1.3125 1.611111 1.3125 1.611111 1.25 1.611111 1.3125 1.5555559999999999 1.25 1.5555559999999999 1.25 1.611111 1.3125 1.5555559999999999 1.3125 1.5555559999999999 1.25 1.5555559999999999 1.3125 1.5 1.25 1.5 1.25 1.5555559999999999 1.3125 1.5 1.3125 1.5 1.25 1.5 1.3125 1.4444440000000001 1.25 1.4444440000000001 1.25 1.5 1.3125 1.4444440000000001 1.3125 1.4444440000000001 1.25 1.4444440000000001 1.3125 1.388889 1.25 1.388889 1.25 1.4444440000000001 1.3125 1.388889 1.3125 1.388889 1.25 1.388889 1.3125 1.3333330000000001 1.25 1.3333330000000001 1.25 1.388889 1.3125 1.3333330000000001 1.3125 1.3333330000000001 1.25 1.3333330000000001 1.3125 1.2777780000000001 1.25 1.2777780000000001 1.25 1.3333330000000001 1.3125 1.2777780000000001 1.3125 1.2777780000000001 1.25 1.2777780000000001 1.3125 1.2222219999999999 1.25 1.2222219999999999 1.25 1.2777780000000001 1.3125 1.2222219999999999 1.3125 1.2222219999999999 1.25 1.2222219999999999 1.3125 1.1666669999999999 1.25 1.1666669999999999 1.25 1.2222219999999999 1.3125 1.1666669999999999 1.3125 1.1666669999999999 1.25 1.1666669999999999 1.3125 1.111111 1.25 1.111111 1.25 1.1666669999999999 1.3125 1.111111 1.3125 1.111111 1.25 1.111111 1.3125 1.0555559999999999 1.25 1.0555559999999999 1.25 1.111111 1.3125 1.0555559999999999 1.3125 1.0555559999999999 1.25 1.0555559999999999 1.3125 1 1.25 1 1.25 1.0555559999999999 1.3125 1 1.3125 1 1.25 1 1.3125 0.94444450000000002 1.25 0.94444450000000002 1.25 1 1.3125 0.94444450000000002 1.3125 0.94444450000000002 1.25 0.94444450000000002 1.3125 0.88888889999999998 1.25 0.88888889999999998 1.25 0.94444450000000002 1.3125 0.88888889999999998 1.3125 0.88888889999999998 1.25 0.88888889999999998 1.3125 0.83333330000000005 1.25 0.83333330000000005 1.25 0.88888889999999998 1.3125 0.83333330000000005 1.3125 0.83333330000000005 1.25 0.83333330000000005 1.3125 0.77777779999999996 1.25 0.77777779999999996 1.25 0.83333330000000005 1.3125 0.77777779999999996 1.3125 0.77777779999999996 1.25 0.77777779999999996 1.3125 0.72222220000000004 1.25 0.72222220000000004 1.25 0.77777779999999996 1.3125 0.72222220000000004 1.3125 0.72222220000000004 1.25 0.72222220000000004 1.3125 0.66666669999999995 1.25 0.66666669999999995 1.25 0.72222220000000004 1.3125 0.66666669999999995 1.3125 0.66666669999999995 1.25 0.66666669999999995 1.3125 0.61111110000000002 1.25 0.61111110000000002 1.25 0.66666669999999995 1.3125 0.61111110000000002 1.3125 0.61111110000000002 1.25 0.61111110000000002 1.3125 0.55555560000000004 1.25 0.55555560000000004 1.25 0.61111110000000002 1.3125 0.55555560000000004 1.3125 0.55555560000000004 1.25 0.55555560000000004 1.3125 0.5 1.25 0.5 1.25 0.55555560000000004 1.3125 0.5 1.3125 0.5 1.25 0.5 1.3125 0.44444440000000002 1.25 0.44444440000000002 1.25 0.5 1.3125 0.44444440000000002 1.3125 0.44444440000000002 1.25 0.44444440000000002 1.3125 0.38888889999999998 1.25 0.38888889999999998 1.25 0.44444440000000002 1.3125 0.38888889999999998 1.3125 0.38888889999999998 1.25 0.38888889999999998 1.3125 0.3333333 1.25 0.3333333 1.25 0.38888889999999998 1.3125 0.3333333 1.3125 0.3333333 1.25 0.3333333 1.3125 0.27777780000000002 1.25 0.27777780000000002 1.25 0.3333333 1.3125 0.27777780000000002 1.3125 0.27777780000000002 1.25 0.27777780000000002 1.3125 0.22222220000000001 1.25 0.22222220000000001 1.25 0.27777780000000002 1.3125 0.22222220000000001 1.3125 0.22222220000000001 1.25 0.22222220000000001 1.3125 0.1666666 1.25 0.1666666 1.25 0.22222220000000001 1.3125 0.1666666 1.3125 0.1666666 1.25 0.1666666 1.3125 0.1111111 1.25 0.1111111 1.25 0.1666666 1.3125 0.1111111 1.3125 0.1111111 1.25 0.1111111 1.3125 0.055555519999999997 1.25 0.055555519999999997 1.25 0.1111111 1.3125 0.055555519999999997 1.3125 0.055555519999999997 1.25 0.055555519999999997 1.3125 0 1.25 2 1.3125 2 1.375 1.9444440000000001 1.3125 0 1.3125 0.055555519999999997 1.375 0 1.375 1.9444440000000001 1.3125 2 1.375 1.9444440000000001 1.375 1.9444440000000001 1.3125 1.9444440000000001 1.375 1.888889 1.3125 1.888889 1.3125 1.9444440000000001 1.375 1.888889 1.375 1.888889 1.3125 1.888889 1.375 1.8333330000000001 1.3125 1.8333330000000001 1.3125 1.888889 1.375 1.8333330000000001 1.375 1.8333330000000001 1.3125 1.8333330000000001 1.375 1.7777780000000001 1.3125 1.7777780000000001 1.3125 1.8333330000000001 1.375 1.7777780000000001 1.375 1.7777780000000001 1.3125 1.7777780000000001 1.375 1.7222219999999999 1.3125 1.7222219999999999 1.3125 1.7777780000000001 1.375 1.7222219999999999 1.375 1.7222219999999999 1.3125 1.7222219999999999 1.375 1.6666669999999999 1.3125 1.6666669999999999 1.3125 1.7222219999999999 1.375 1.6666669999999999 1.375 1.6666669999999999 1.3125 1.6666669999999999 1.375 1.611111 1.3125 1.611111 1.3125 1.6666669999999999 1.375 1.611111 1.375 1.611111 1.3125 1.611111 1.375 1.5555559999999999 1.3125 1.5555559999999999 1.3125 1.611111 1.375 1.5555559999999999 1.375 1.5555559999999999 1.3125 1.5555559999999999 1.375 1.5 1.3125 1.5 1.3125 1.5555559999999999 1.375 1.5 1.375 1.5 1.3125 1.5 1.375 1.4444440000000001 1.3125 1.4444440000000001 1.3125 1.5 1.375 1.4444440000000001 1.375 1.4444440000000001 1.3125 1.4444440000000001 1.375 1.388889 1.3125 1.388889 1.3125 1.4444440000000001 1.375 1.388889 1.375 1.388889 1.3125 1.388889 1.375 1.3333330000000001 1.3125 1.3333330000000001 1.3125 1.388889 1.375 1.3333330000000001 1.375 1.3333330000000001 1.3125 1.3333330000000001 1.375 1.2777780000000001 1.3125 1.2777780000000001 1.3125 1.3333330000000001 1.375 1.2777780000000001 1.375 1.2777780000000001 1.3125 1.2777780000000001 1.375 1.2222219999999999 1.3125 1.2222219999999999 1.3125 1.2777780000000001 1.375 1.2222219999999999 1.375 1.2222219999999999 1.3125 1.2222219999999999 1.375 1.1666669999999999 1.3125 1.1666669999999999 1.3125 1.2222219999999999 1.375 1.1666669999999999 1.375 1.1666669999999999 1.3125 1.1666669999999999 1.375 1.111111 1.3125 1.111111 1.3125 1.1666669999999999 1.375 1.111111 1.375 1.111111 1.3125 1.111111 1.375 1.0555559999999999 1.3125 1.0555559999999999 1.3125 1.111111 1.375 1.0555559999999999 1.375 1.0555559999999999 1.3125 1.0555559999999999 1.375 1 1.3125 1 1.3125 1.0555559999999999 1.375 1 1.375 1 1.3125 1 1.375 0.94444450000000002 1.3125 0.94444450000000002 1.3125 1 1.375 0.94444450000000002 1.375 0.94444450000000002 1.3125 0.94444450000000002 1.375 0.88888889999999998 1.3125 0.88888889999999998 1.3125 0.94444450000000002 1.375 0.88888889999999998 1.375 0.88888889999999998 1.3125 0.88888889999999998 1.375 0.83333330000000005 1.3125 0.83333330000000005 1.3125 0.88888889999999998 1.375 0.83333330000000005 1.375 0.83333330000000005 1.3125 0.83333330000000005 1.375 0.77777779999999996 1.3125 0.77777779999999996 1.3125 0.83333330000000005 1.375 0.77777779999999996 1.375 0.77777779999999996 1.3125 0.77777779999999996 1.375 0.72222220000000004 1.3125 0.72222220000000004 1.3125 0.77777779999999996 1.375 0.72222220000000004 1.375 0.72222220000000004 1.3125 0.72222220000000004 1.375 0.66666669999999995 1.3125 0.66666669999999995 1.3125 0.72222220000000004 1.375 0.66666669999999995 1.375 0.66666669999999995 1.3125 0.66666669999999995 1.375 0.61111110000000002 1.3125 0.61111110000000002 1.3125 0.66666669999999995 1.375 0.61111110000000002 1.375 0.61111110000000002 1.3125 0.61111110000000002 1.375 0.55555560000000004 1.3125 0.55555560000000004 1.3125 0.61111110000000002 1.375 0.55555560000000004 1.375 0.55555560000000004 1.3125 0.55555560000000004 1.375 0.5 1.3125 0.5 1.3125 0.55555560000000004 1.375 0.5 1.375 0.5 1.3125 0.5 1.375 0.44444440000000002 1.3125 0.44444440000000002 1.3125 0.5 1.375 0.44444440000000002 1.375 0.44444440000000002 1.3125 0.44444440000000002 1.375 0.38888889999999998 1.3125 0.38888889999999998 1.3125 0.44444440000000002 1.375 0.38888889999999998 1.375 0.38888889999999998 1.3125 0.38888889999999998 1.375 0.3333333 1.3125 0.3333333 1.3125 0.38888889999999998 1.375 0.3333333 1.375 0.3333333 1.3125 0.3333333 1.375 0.27777780000000002 1.3125 0.27777780000000002 1.3125 0.3333333 1.375 0.27777780000000002 1.375 0.27777780000000002 1.3125 0.27777780000000002 1.375 0.22222220000000001 1.3125 0.22222220000000001 1.3125 0.27777780000000002 1.375 0.22222220000000001 1.375 0.22222220000000001 1.3125 0.22222220000000001 1.375 0.1666666 1.3125 0.1666666 1.3125 0.22222220000000001 1.375 0.1666666 1.375 0.1666666 1.3125 0.1666666 1.375 0.1111111 1.3125 0.1111111 1.3125 0.1666666 1.375 0.1111111 1.375 0.1111111 1.3125 0.1111111 1.375 0.055555519999999997 1.3125 0.055555519999999997 1.3125 0.1111111 1.375 0.055555519999999997 1.375 0.055555519999999997 1.3125 0.055555519999999997 1.375 0 1.3125 2 1.375 2 1.4375 1.9444440000000001 1.375 0 1.375 0.055555519999999997 1.4375 0 1.4375 1.9444440000000001 1.375 2 1.4375 1.9444440000000001 1.4375 1.9444440000000001 1.375 1.9444440000000001 1.4375 1.888889 1.375 1.888889 1.375 1.9444440000000001 1.4375 1.888889 1.4375 1.888889 1.375 1.888889 1.4375 1.8333330000000001 1.375 1.8333330000000001 1.375 1.888889 1.4375 1.8333330000000001 1.4375 1.8333330000000001 1.375 1.8333330000000001 1.4375 1.7777780000000001 1.375 1.7777780000000001 1.375 1.8333330000000001 1.4375 1.7777780000000001 1.4375 1.7777780000000001 1.375 1.7777780000000001 1.4375 1.7222219999999999 1.375 1.7222219999999999 1.375 1.7777780000000001 1.4375 1.7222219999999999 1.4375 1.7222219999999999 1.375 1.7222219999999999 1.4375 1.6666669999999999 1.375 1.6666669999999999 1.375 1.7222219999999999 1.4375 1.6666669999999999 1.4375 1.6666669999999999 1.375 1.6666669999999999 1.4375 1.611111 1.375 1.611111 1.375 1.6666669999999999 1.4375 1.611111 1.4375 1.611111 1.375 1.611111 1.4375 1.5555559999999999 1.375 1.5555559999999999 1.375 1.611111 1.4375 1.5555559999999999 1.4375 1.5555559999999999 1.375 1.5555559999999999 1.4375 1.5 1.375 1.5 1.375 1.5555559999999999 1.4375 1.5 1.4375 1.5 1.375 1.5 1.4375 1.4444440000000001 1.375 1.4444440000000001 1.375 1.5 1.4375 1.4444440000000001 1.4375 1.4444440000000001 1.375 1.4444440000000001 1.4375 1.388889 1.375 1.388889 1.375 1.4444440000000001 1.4375 1.388889 1.4375 1.388889 1.375 1.388889 1.4375 1.3333330000000001 1.375 1.3333330000000001 1.375 1.388889 1.4375 1.3333330000000001 1.4375 1.3333330000000001 1.375 1.3333330000000001 1.4375 1.2777780000000001 1.375 1.2777780000000001 1.375 1.3333330000000001 1.4375 1.2777780000000001 1.4375 1.2777780000000001 1.375 1.2777780000000001 1.4375 1.2222219999999999 1.375 1.2222219999999999 1.375 1.2777780000000001 1.4375 1.2222219999999999 1.4375 1.2222219999999999 1.375 1.2222219999999999 1.4375 1.1666669999999999 1.375 1.1666669999999999 1.375 1.2222219999999999 1.4375 1.1666669999999999 1.4375 1.1666669999999999 1.375 1.1666669999999999 1.4375 1.111111 1.375 1.111111 1.375 1.1666669999999999 1.4375 1.111111 1.4375 1.111111 1.375 1.111111 1.4375 1.0555559999999999 1.375 1.0555559999999999 1.375 1.111111 1.4375 1.0555559999999999 1.4375 1.0555559999999999 1.375 1.0555559999999999 1.4375 1 1.375 1 1.375 1.0555559999999999 1.4375 1 1.4375 1 1.375 1 1.4375 0.94444450000000002 1.375 0.94444450000000002 1.375 1 1.4375 0.94444450000000002 1.4375 0.94444450000000002 1.375 0.94444450000000002 1.4375 0.88888889999999998 1.375 0.88888889999999998 1.375 0.94444450000000002 1.4375 0.88888889999999998 1.4375 0.88888889999999998 1.375 0.88888889999999998 1.4375 0.83333330000000005 1.375 0.83333330000000005 1.375 0.88888889999999998 1.4375 0.83333330000000005 1.4375 0.83333330000000005 1.375 0.83333330000000005 1.4375 0.77777779999999996 1.375 0.77777779999999996 1.375 0.83333330000000005 1.4375 0.77777779999999996 1.4375 0.77777779999999996 1.375 0.77777779999999996 1.4375 0.72222220000000004 1.375 0.72222220000000004 1.375 0.77777779999999996 1.4375 0.72222220000000004 1.4375 0.72222220000000004 1.375 0.72222220000000004 1.4375 0.66666669999999995 1.375 0.66666669999999995 1.375 0.72222220000000004 1.4375 0.66666669999999995 1.4375 0.66666669999999995 1.375 0.66666669999999995 1.4375 0.61111110000000002 1.375 0.61111110000000002 1.375 0.66666669999999995 1.4375 0.61111110000000002 1.4375 0.61111110000000002 1.375 0.61111110000000002 1.4375 0.55555560000000004 1.375 0.55555560000000004 1.375 0.61111110000000002 1.4375 0.55555560000000004 1.4375 0.55555560000000004 1.375 0.55555560000000004 1.4375 0.5 1.375 0.5 1.375 0.55555560000000004 1.4375 0.5 1.4375 0.5 1.375 0.5 1.4375 0.44444440000000002 1.375 0.44444440000000002 1.375 0.5 1.4375 0.44444440000000002 1.4375 0.44444440000000002 1.375 0.44444440000000002 1.4375 0.38888889999999998 1.375 0.38888889999999998 1.375 0.44444440000000002 1.4375 0.38888889999999998 1.4375 0.38888889999999998 1.375 0.38888889999999998 1.4375 0.3333333 1.375 0.3333333 1.375 0.38888889999999998 1.4375 0.3333333 1.4375 0.3333333 1.375 0.3333333 1.4375 0.27777780000000002 1.375 0.27777780000000002 1.375 0.3333333 1.4375 0.27777780000000002 1.4375 0.27777780000000002 1.375 0.27777780000000002 1.4375 0.22222220000000001 1.375 0.22222220000000001 1.375 0.27777780000000002 1.4375 0.22222220000000001 1.4375 0.22222220000000001 1.375 0.22222220000000001 1.4375 0.1666666 1.375 0.1666666 1.375 0.22222220000000001 1.4375 0.1666666 1.4375 0.1666666 1.375 0.1666666 1.4375 0.1111111 1.375 0.1111111 1.375 0.1666666 1.4375 0.1111111 1.4375 0.1111111 1.375 0.1111111 1.4375 0.055555519999999997 1.375 0.055555519999999997 1.375 0.1111111 1.4375 0.055555519999999997 1.4375 0.055555519999999997 1.375 0.055555519999999997 1.4375 0 1.375 2 1.4375 2 1.5 1.9444440000000001 1.4375 0 1.4375 0.055555519999999997 1.5 0 1.5 1.9444440000000001 1.4375 2 1.5 1.9444440000000001 1.5 1.9444440000000001 1.4375 1.9444440000000001 1.5 1.888889 1.4375 1.888889 1.4375 1.9444440000000001 1.5 1.888889 1.5 1.888889 1.4375 1.888889 1.5 1.8333330000000001 1.4375 1.8333330000000001 1.4375 1.888889 1.5 1.8333330000000001 1.5 1.8333330000000001 1.4375 1.8333330000000001 1.5 1.7777780000000001 1.4375 1.7777780000000001 1.4375 1.8333330000000001 1.5 1.7777780000000001 1.5 1.7777780000000001 1.4375 1.7777780000000001 1.5 1.7222219999999999 1.4375 1.7222219999999999 1.4375 1.7777780000000001 1.5 1.7222219999999999 1.5 1.7222219999999999 1.4375 1.7222219999999999 1.5 1.6666669999999999 1.4375 1.6666669999999999 1.4375 1.7222219999999999 1.5 1.6666669999999999 1.5 1.6666669999999999 1.4375 1.6666669999999999 1.5 1.611111 1.4375 1.611111 1.4375 1.6666669999999999 1.5 1.611111 1.5 1.611111 1.4375 1.611111 1.5 1.5555559999999999 1.4375 1.5555559999999999 1.4375 1.611111 1.5 1.5555559999999999 1.5 1.5555559999999999 1.4375 1.5555559999999999 1.5 1.5 1.4375 1.5 1.4375 1.5555559999999999 1.5 1.5 1.5 1.5 1.4375 1.5 1.5 1.4444440000000001 1.4375 1.4444440000000001 1.4375 1.5 1.5 1.4444440000000001 1.5 1.4444440000000001 1.4375 1.4444440000000001 1.5 1.388889 1.4375 1.388889 1.4375 1.4444440000000001 1.5 1.388889 1.5 1.388889 1.4375 1.388889 1.5 1.3333330000000001 1.4375 1.3333330000000001 1.4375 1.388889 1.5 1.3333330000000001 1.5 1.3333330000000001 1.4375 1.3333330000000001 1.5 1.2777780000000001 1.4375 1.2777780000000001 1.4375 1.3333330000000001 1.5 1.2777780000000001 1.5 1.2777780000000001 1.4375 1.2777780000000001 1.5 1.2222219999999999 1.4375 1.2222219999999999 1.4375 1.2777780000000001 1.5 1.2222219999999999 1.5 1.2222219999999999 1.4375 1.2222219999999999 1.5 1.1666669999999999 1.4375 1.1666669999999999 1.4375 1.2222219999999999 1.5 1.1666669999999999 1.5 1.1666669999999999 1.4375 1.1666669999999999 1.5 1.111111 1.4375 1.111111 1.4375 1.1666669999999999 1.5 1.111111 1.5 1.111111 1.4375 1.111111 1.5 1.0555559999999999 1.4375 1.0555559999999999 1.4375 1.111111 1.5 1.0555559999999999 1.5 1.0555559999999999 1.4375 1.0555559999999999 1.5 1 1.4375 1 1.4375 1.0555559999999999 1.5 1 1.5 1 1.4375 1 1.5 0.94444450000000002 1.4375 0.94444450000000002 1.4375 1 1.5 0.94444450000000002 1.5 0.94444450000000002 1.4375 0.94444450000000002 1.5 0.88888889999999998 1.4375 0.88888889999999998 1.4375 0.94444450000000002 1.5 0.88888889999999998 1.5 0.88888889999999998 1.4375 0.88888889999999998 1.5 0.83333330000000005 1.4375 0.83333330000000005 1.4375 0.88888889999999998 1.5 0.83333330000000005 1.5 0.83333330000000005 1.4375 0.83333330000000005 1.5 0.77777779999999996 1.4375 0.77777779999999996 1.4375 0.83333330000000005 1.5 0.77777779999999996 1.5 0.77777779999999996 1.4375 0.77777779999999996 1.5 0.72222220000000004 1.4375 0.72222220000000004 1.4375 0.77777779999999996 1.5 0.72222220000000004 1.5 0.72222220000000004 1.4375 0.72222220000000004 1.5 0.66666669999999995 1.4375 0.66666669999999995 1.4375 0.72222220000000004 1.5 0.66666669999999995 1.5 0.66666669999999995 1.4375 0.66666669999999995 1.5 0.61111110000000002 1.4375 0.61111110000000002 1.4375 0.66666669999999995 1.5 0.61111110000000002 1.5 0.61111110000000002 1.4375 0.61111110000000002 1.5 0.55555560000000004 1.4375 0.55555560000000004 1.4375 0.61111110000000002 1.5 0.55555560000000004 1.5 0.55555560000000004 1.4375 0.55555560000000004 1.5 0.5 1.4375 0.5 1.4375 0.55555560000000004 1.5 0.5 1.5 0.5 1.4375 0.5 1.5 0.44444440000000002 1.4375 0.44444440000000002 1.4375 0.5 1.5 0.44444440000000002 1.5 0.44444440000000002 1.4375 0.44444440000000002 1.5 0.38888889999999998 1.4375 0.38888889999999998 1.4375 0.44444440000000002 1.5 0.38888889999999998 1.5 0.38888889999999998 1.4375 0.38888889999999998 1.5 0.3333333 1.4375 0.3333333 1.4375 0.38888889999999998 1.5 0.3333333 1.5 0.3333333 1.4375 0.3333333 1.5 0.27777780000000002 1.4375 0.27777780000000002 1.4375 0.3333333 1.5 0.27777780000000002 1.5 0.27777780000000002 1.4375 0.27777780000000002 1.5 0.22222220000000001 1.4375 0.22222220000000001 1.4375 0.27777780000000002 1.5 0.22222220000000001 1.5 0.22222220000000001 1.4375 0.22222220000000001 1.5 0.1666666 1.4375 0.1666666 1.4375 0.22222220000000001 1.5 0.1666666 1.5 0.1666666 1.4375 0.1666666 1.5 0.1111111 1.4375 0.1111111 1.4375 0.1666666 1.5 0.1111111 1.5 0.1111111 1.4375 0.1111111 1.5 0.055555519999999997 1.4375 0.055555519999999997 1.4375 0.1111111 1.5 0.055555519999999997 1.5 0.055555519999999997 1.4375 0.055555519999999997 1.5 0 1.4375 2 1.5 2 1.5625 1.9444440000000001 1.5 0 1.5 0.055555519999999997 1.5625 0 1.5625 1.9444440000000001 1.5 2 1.5625 1.9444440000000001 1.5625 1.9444440000000001 1.5 1.9444440000000001 1.5625 1.888889 1.5 1.888889 1.5 1.9444440000000001 1.5625 1.888889 1.5625 1.888889 1.5 1.888889 1.5625 1.8333330000000001 1.5 1.8333330000000001 1.5 1.888889 1.5625 1.8333330000000001 1.5625 1.8333330000000001 1.5 1.8333330000000001 1.5625 1.7777780000000001 1.5 1.7777780000000001 1.5 1.8333330000000001 1.5625 1.7777780000000001 1.5625 1.7777780000000001 1.5 1.7777780000000001 1.5625 1.7222219999999999 1.5 1.7222219999999999 1.5 1.7777780000000001 1.5625 1.7222219999999999 1.5625 1.7222219999999999 1.5 1.7222219999999999 1.5625 1.6666669999999999 1.5 1.6666669999999999 1.5 1.7222219999999999 1.5625 1.6666669999999999 1.5625 1.6666669999999999 1.5 1.6666669999999999 1.5625 1.611111 1.5 1.611111 1.5 1.6666669999999999 1.5625 1.611111 1.5625 1.611111 1.5 1.611111 1.5625 1.5555559999999999 1.5 1.5555559999999999 1.5 1.611111 1.5625 1.5555559999999999 1.5625 1.5555559999999999 1.5 1.5555559999999999 1.5625 1.5 1.5 1.5 1.5 1.5555559999999999 1.5625 1.5 1.5625 1.5 1.5 1.5 1.5625 1.4444440000000001 1.5 1.4444440000000001 1.5 1.5 1.5625 1.4444440000000001 1.5625 1.4444440000000001 1.5 1.4444440000000001 1.5625 1.388889 1.5 1.388889 1.5 1.4444440000000001 1.5625 1.388889 1.5625 1.388889 1.5 1.388889 1.5625 1.3333330000000001 1.5 1.3333330000000001 1.5 1.388889 1.5625 1.3333330000000001 1.5625 1.3333330000000001 1.5 1.3333330000000001 1.5625 1.2777780000000001 1.5 1.2777780000000001 1.5 1.3333330000000001 1.5625 1.2777780000000001 1.5625 1.2777780000000001 1.5 1.2777780000000001 1.5625 1.2222219999999999 1.5 1.2222219999999999 1.5 1.2777780000000001 1.5625 1.2222219999999999 1.5625 1.2222219999999999 1.5 1.2222219999999999 1.5625 1.1666669999999999 1.5 1.1666669999999999 1.5 1.2222219999999999 1.5625 1.1666669999999999 1.5625 1.1666669999999999 1.5 1.1666669999999999 1.5625 1.111111 1.5 1.111111 1.5 1.1666669999999999 1.5625 1.111111 1.5625 1.111111 1.5 1.111111 1.5625 1.0555559999999999 1.5 1.0555559999999999 1.5 1.111111 1.5625 1.0555559999999999 1.5625 1.0555559999999999 1.5 1.0555559999999999 1.5625 1 1.5 1 1.5 1.0555559999999999 1.5625 1 1.5625 1 1.5 1 1.5625 0.94444450000000002 1.5 0.94444450000000002 1.5 1 1.5625 0.94444450000000002 1.5625 0.94444450000000002 1.5 0.94444450000000002 1.5625 0.88888889999999998 1.5 0.88888889999999998 1.5 0.94444450000000002 1.5625 0.88888889999999998 1.5625 0.88888889999999998 1.5 0.88888889999999998 1.5625 0.83333330000000005 1.5 0.83333330000000005 1.5 0.88888889999999998 1.5625 0.83333330000000005 1.5625 0.83333330000000005 1.5 0.83333330000000005 1.5625 0.77777779999999996 1.5 0.77777779999999996 1.5 0.83333330000000005 1.5625 0.77777779999999996 1.5625 0.77777779999999996 1.5 0.77777779999999996 1.5625 0.72222220000000004 1.5 0.72222220000000004 1.5 0.77777779999999996 1.5625 0.72222220000000004 1.5625 0.72222220000000004 1.5 0.72222220000000004 1.5625 0.66666669999999995 1.5 0.66666669999999995 1.5 0.72222220000000004 1.5625 0.66666669999999995 1.5625 0.66666669999999995 1.5 0.66666669999999995 1.5625 0.61111110000000002 1.5 0.61111110000000002 1.5 0.66666669999999995 1.5625 0.61111110000000002 1.5625 0.61111110000000002 1.5 0.61111110000000002 1.5625 0.55555560000000004 1.5 0.55555560000000004 1.5 0.61111110000000002 1.5625 0.55555560000000004 1.5625 0.55555560000000004 1.5 0.55555560000000004 1.5625 0.5 1.5 0.5 1.5 0.55555560000000004 1.5625 0.5 1.5625 0.5 1.5 0.5 1.5625 0.44444440000000002 1.5 0.44444440000000002 1.5 0.5 1.5625 0.44444440000000002 1.5625 0.44444440000000002 1.5 0.44444440000000002 1.5625 0.38888889999999998 1.5 0.38888889999999998 1.5 0.44444440000000002 1.5625 0.38888889999999998 1.5625 0.38888889999999998 1.5 0.38888889999999998 1.5625 0.3333333 1.5 0.3333333 1.5 0.38888889999999998 1.5625 0.3333333 1.5625 0.3333333 1.5 0.3333333 1.5625 0.27777780000000002 1.5 0.27777780000000002 1.5 0.3333333 1.5625 0.27777780000000002 1.5625 0.27777780000000002 1.5 0.27777780000000002 1.5625 0.22222220000000001 1.5 0.22222220000000001 1.5 0.27777780000000002 1.5625 0.22222220000000001 1.5625 0.22222220000000001 1.5 0.22222220000000001 1.5625 0.1666666 1.5 0.1666666 1.5 0.22222220000000001 1.5625 0.1666666 1.5625 0.1666666 1.5 0.1666666 1.5625 0.1111111 1.5 0.1111111 1.5 0.1666666 1.5625 0.1111111 1.5625 0.1111111 1.5 0.1111111 1.5625 0.055555519999999997 1.5 0.055555519999999997 1.5 0.1111111 1.5625 0.055555519999999997 1.5625 0.055555519999999997 1.5 0.055555519999999997 1.5625 0 1.5 2 1.5625 2 1.625 1.9444440000000001 1.5625 0 1.5625 0.055555519999999997 1.625 0 1.625 1.9444440000000001 1.5625 2 1.625 1.9444440000000001 1.625 1.9444440000000001 1.5625 1.9444440000000001 1.625 1.888889 1.5625 1.888889 1.5625 1.9444440000000001 1.625 1.888889 1.625 1.888889 1.5625 1.888889 1.625 1.8333330000000001 1.5625 1.8333330000000001 1.5625 1.888889 1.625 1.8333330000000001 1.625 1.8333330000000001 1.5625 1.8333330000000001 1.625 1.7777780000000001 1.5625 1.7777780000000001 1.5625 1.8333330000000001 1.625 1.7777780000000001 1.625 1.7777780000000001 1.5625 1.7777780000000001 1.625 1.7222219999999999 1.5625 1.7222219999999999 1.5625 1.7777780000000001 1.625 1.7222219999999999 1.625 1.7222219999999999 1.5625 1.7222219999999999 1.625 1.6666669999999999 1.5625 1.6666669999999999 1.5625 1.7222219999999999 1.625 1.6666669999999999 1.625 1.6666669999999999 1.5625 1.6666669999999999 1.625 1.611111 1.5625 1.611111 1.5625 1.6666669999999999 1.625 1.611111 1.625 1.611111 1.5625 1.611111 1.625 1.5555559999999999 1.5625 1.5555559999999999 1.5625 1.611111 1.625 1.5555559999999999 1.625 1.5555559999999999 1.5625 1.5555559999999999 1.625 1.5 1.5625 1.5 1.5625 1.5555559999999999 1.625 1.5 1.625 1.5 1.5625 1.5 1.625 1.4444440000000001 1.5625 1.4444440000000001 1.5625 1.5 1.625 1.4444440000000001 1.625 1.4444440000000001 1.5625 1.4444440000000001 1.625 1.388889 1.5625 1.388889 1.5625 1.4444440000000001 1.625 1.388889 1.625 1.388889 1.5625 1.388889 1.625 1.3333330000000001 1.5625 1.3333330000000001 1.5625 1.388889 1.625 1.3333330000000001 1.625 1.3333330000000001 1.5625 1.3333330000000001 1.625 1.2777780000000001 1.5625 1.2777780000000001 1.5625 1.3333330000000001 1.625 1.2777780000000001 1.625 1.2777780000000001 1.5625 1.2777780000000001 1.625 1.2222219999999999 1.5625 1.2222219999999999 1.5625 1.2777780000000001 1.625 1.2222219999999999 1.625 1.2222219999999999 1.5625 1.2222219999999999 1.625 1.1666669999999999 1.5625 1.1666669999999999 1.5625 1.2222219999999999 1.625 1.1666669999999999 1.625 1.1666669999999999 1.5625 1.1666669999999999 1.625 1.111111 1.5625 1.111111 1.5625 1.1666669999999999 1.625 1.111111 1.625 1.111111 1.5625 1.111111 1.625 1.0555559999999999 1.5625 1.0555559999999999 1.5625 1.111111 1.625 1.0555559999999999 1.625 1.0555559999999999 1.5625 1.0555559999999999 1.625 1 1.5625 1 1.5625 1.0555559999999999 1.625 1 1.625 1 1.5625 1 1.625 0.94444450000000002 1.5625 0.94444450000000002 1.5625 1 1.625 0.94444450000000002 1.625 0.94444450000000002 1.5625 0.94444450000000002 1.625 0.88888889999999998 1.5625 0.88888889999999998 1.5625 0.94444450000000002 1.625 0.88888889999999998 1.625 0.88888889999999998 1.5625 0.88888889999999998 1.625 0.83333330000000005 1.5625 0.83333330000000005 1.5625 0.88888889999999998 1.625 0.83333330000000005 1.625 0.83333330000000005 1.5625 0.83333330000000005 1.625 0.77777779999999996 1.5625 0.77777779999999996 1.5625 0.83333330000000005 1.625 0.77777779999999996 1.625 0.77777779999999996 1.5625 0.77777779999999996 1.625 0.72222220000000004 1.5625 0.72222220000000004 1.5625 0.77777779999999996 1.625 0.72222220000000004 1.625 0.72222220000000004 1.5625 0.72222220000000004 1.625 0.66666669999999995 1.5625 0.66666669999999995 1.5625 0.72222220000000004 1.625 0.66666669999999995 1.625 0.66666669999999995 1.5625 0.66666669999999995 1.625 0.61111110000000002 1.5625 0.61111110000000002 1.5625 0.66666669999999995 1.625 0.61111110000000002 1.625 0.61111110000000002 1.5625 0.61111110000000002 1.625 0.55555560000000004 1.5625 0.55555560000000004 1.5625 0.61111110000000002 1.625 0.55555560000000004 1.625 0.55555560000000004 1.5625 0.55555560000000004 1.625 0.5 1.5625 0.5 1.5625 0.55555560000000004 1.625 0.5 1.625 0.5 1.5625 0.5 1.625 0.44444440000000002 1.5625 0.44444440000000002 1.5625 0.5 1.625 0.44444440000000002 1.625 0.44444440000000002 1.5625 0.44444440000000002 1.625 0.38888889999999998 1.5625 0.38888889999999998 1.5625 0.44444440000000002 1.625 0.38888889999999998 1.625 0.38888889999999998 1.5625 0.38888889999999998 1.625 0.3333333 1.5625 0.3333333 1.5625 0.38888889999999998 1.625 0.3333333 1.625 0.3333333 1.5625 0.3333333 1.625 0.27777780000000002 1.5625 0.27777780000000002 1.5625 0.3333333 1.625 0.27777780000000002 1.625 0.27777780000000002 1.5625 0.27777780000000002 1.625 0.22222220000000001 1.5625 0.22222220000000001 1.5625 0.27777780000000002 1.625 0.22222220000000001 1.625 0.22222220000000001 1.5625 0.22222220000000001 1.625 0.1666666 1.5625 0.1666666 1.5625 0.22222220000000001 1.625 0.1666666 1.625 0.1666666 1.5625 0.1666666 1.625 0.1111111 1.5625 0.1111111 1.5625 0.1666666 1.625 0.1111111 1.625 0.1111111 1.5625 0.1111111 1.625 0.055555519999999997 1.5625 0.055555519999999997 1.5625 0.1111111 1.625 0.055555519999999997 1.625 0.055555519999999997 1.5625 0.055555519999999997 1.625 0 1.5625 2 1.625 2 1.6875 1.9444440000000001 1.625 0 1.625 0.055555519999999997 1.6875 0 1.6875 1.9444440000000001 1.625 2 1.6875 1.9444440000000001 1.6875 1.9444440000000001 1.625 1.9444440000000001 1.6875 1.888889 1.625 1.888889 1.625 1.9444440000000001 1.6875 1.888889 1.6875 1.888889 1.625 1.888889 1.6875 1.8333330000000001 1.625 1.8333330000000001 1.625 1.888889 1.6875 1.8333330000000001 1.6875 1.8333330000000001 1.625 1.8333330000000001 1.6875 1.7777780000000001 1.625 1.7777780000000001 1.625 1.8333330000000001 1.6875 1.7777780000000001 1.6875 1.7777780000000001 1.625 1.7777780000000001 1.6875 1.7222219999999999 1.625 1.7222219999999999 1.625 1.7777780000000001 1.6875 1.7222219999999999 1.6875 1.7222219999999999 1.625 1.7222219999999999 1.6875 1.6666669999999999 1.625 1.6666669999999999 1.625 1.7222219999999999 1.6875 1.6666669999999999 1.6875 1.6666669999999999 1.625 1.6666669999999999 1.6875 1.611111 1.625 1.611111 1.625 1.6666669999999999 1.6875 1.611111 1.6875 1.611111 1.625 1.611111 1.6875 1.5555559999999999 1.625 1.5555559999999999 1.625 1.611111 1.6875 1.5555559999999999 1.6875 1.5555559999999999 1.625 1.5555559999999999 1.6875 1.5 1.625 1.5 1.625 1.5555559999999999 1.6875 1.5 1.6875 1.5 1.625 1.5 1.6875 1.4444440000000001 1.625 1.4444440000000001 1.625 1.5 1.6875 1.4444440000000001 1.6875 1.4444440000000001 1.625 1.4444440000000001 1.6875 1.388889 1.625 1.388889 1.625 1.4444440000000001 1.6875 1.388889 1.6875 1.388889 1.625 1.388889 1.6875 1.3333330000000001 1.625 1.3333330000000001 1.625 1.388889 1.6875 1.3333330000000001 1.6875 1.3333330000000001 1.625 1.3333330000000001 1.6875 1.2777780000000001 1.625 1.2777780000000001 1.625 1.3333330000000001 1.6875 1.2777780000000001 1.6875 1.2777780000000001 1.625 1.2777780000000001 1.6875 1.2222219999999999 1.625 1.2222219999999999 1.625 1.2777780000000001 1.6875 1.2222219999999999 1.6875 1.2222219999999999 1.625 1.2222219999999999 1.6875 1.1666669999999999 1.625 1.1666669999999999 1.625 1.2222219999999999 1.6875 1.1666669999999999 1.6875 1.1666669999999999 1.625 1.1666669999999999 1.6875 1.111111 1.625 1.111111 1.625 1.1666669999999999 1.6875 1.111111 1.6875 1.111111 1.625 1.111111 1.6875 1.0555559999999999 1.625 1.0555559999999999 1.625 1.111111 1.6875 1.0555559999999999 1.6875 1.0555559999999999 1.625 1.0555559999999999 1.6875 1 1.625 1 1.625 1.0555559999999999 1.6875 1 1.6875 1 1.625 1 1.6875 0.94444450000000002 1.625 0.94444450000000002 1.625 1 1.6875 0.94444450000000002 1.6875 0.94444450000000002 1.625 0.94444450000000002 1.6875 0.88888889999999998 1.625 0.88888889999999998 1.625 0.94444450000000002 1.6875 0.88888889999999998 1.6875 0.88888889999999998 1.625 0.88888889999999998 1.6875 0.83333330000000005 1.625 0.83333330000000005 1.625 0.88888889999999998 1.6875 0.83333330000000005 1.6875 0.83333330000000005 1.625 0.83333330000000005 1.6875 0.77777779999999996 1.625 0.77777779999999996 1.625 0.83333330000000005 1.6875 0.77777779999999996 1.6875 0.77777779999999996 1.625 0.77777779999999996 1.6875 0.72222220000000004 1.625 0.72222220000000004 1.625 0.77777779999999996 1.6875 0.72222220000000004 1.6875 0.72222220000000004 1.625 0.72222220000000004 1.6875 0.66666669999999995 1.625 0.66666669999999995 1.625 0.72222220000000004 1.6875 0.66666669999999995 1.6875 0.66666669999999995 1.625 0.66666669999999995 1.6875 0.61111110000000002 1.625 0.61111110000000002 1.625 0.66666669999999995 1.6875 0.61111110000000002 1.6875 0.61111110000000002 1.625 0.61111110000000002 1.6875 0.55555560000000004 1.625 0.55555560000000004 1.625 0.61111110000000002 1.6875 0.55555560000000004 1.6875 0.55555560000000004 1.625 0.55555560000000004 1.6875 0.5 1.625 0.5 1.625 0.55555560000000004 1.6875 0.5 1.6875 0.5 1.625 0.5 1.6875 0.44444440000000002 1.625 0.44444440000000002 1.625 0.5 1.6875 0.44444440000000002 1.6875 0.44444440000000002 1.625 0.44444440000000002 1.6875 0.38888889999999998 1.625 0.38888889999999998 1.625 0.44444440000000002 1.6875 0.38888889999999998 1.6875 0.38888889999999998 1.625 0.38888889999999998 1.6875 0.3333333 1.625 0.3333333 1.625 0.38888889999999998 1.6875 0.3333333 1.6875 0.3333333 1.625 0.3333333 1.6875 0.27777780000000002 1.625 0.27777780000000002 1.625 0.3333333 1.6875 0.27777780000000002 1.6875 0.27777780000000002 1.625 0.27777780000000002 1.6875 0.22222220000000001 1.625 0.22222220000000001 1.625 0.27777780000000002 1.6875 0.22222220000000001 1.6875 0.22222220000000001 1.625 0.22222220000000001 1.6875 0.1666666 1.625 0.1666666 1.625 0.22222220000000001 1.6875 0.1666666 1.6875 0.1666666 1.625 0.1666666 1.6875 0.1111111 1.625 0.1111111 1.625 0.1666666 1.6875 0.1111111 1.6875 0.1111111 1.625 0.1111111 1.6875 0.055555519999999997 1.625 0.055555519999999997 1.625 0.1111111 1.6875 0.055555519999999997 1.6875 0.055555519999999997 1.625 0.055555519999999997 1.6875 0 1.625 2 1.6875 2 1.75 1.9444440000000001 1.6875 0 1.6875 0.055555519999999997 1.75 0 1.75 1.9444440000000001 1.6875 2 1.75 1.9444440000000001 1.75 1.9444440000000001 1.6875 1.9444440000000001 1.75 1.888889 1.6875 1.888889 1.6875 1.9444440000000001 1.75 1.888889 1.75 1.888889 1.6875 1.888889 1.75 1.8333330000000001 1.6875 1.8333330000000001 1.6875 1.888889 1.75 1.8333330000000001 1.75 1.8333330000000001 1.6875 1.8333330000000001 1.75 1.7777780000000001 1.6875 1.7777780000000001 1.6875 1.8333330000000001 1.75 1.7777780000000001 1.75 1.7777780000000001 1.6875 1.7777780000000001 1.75 1.7222219999999999 1.6875 1.7222219999999999 1.6875 1.7777780000000001 1.75 1.7222219999999999 1.75 1.7222219999999999 1.6875 1.7222219999999999 1.75 1.6666669999999999 1.6875 1.6666669999999999 1.6875 1.7222219999999999 1.75 1.6666669999999999 1.75 1.6666669999999999 1.6875 1.6666669999999999 1.75 1.611111 1.6875 1.611111 1.6875 1.6666669999999999 1.75 1.611111 1.75 1.611111 1.6875 1.611111 1.75 1.5555559999999999 1.6875 1.5555559999999999 1.6875 1.611111 1.75 1.5555559999999999 1.75 1.5555559999999999 1.6875 1.5555559999999999 1.75 1.5 1.6875 1.5 1.6875 1.5555559999999999 1.75 1.5 1.75 1.5 1.6875 1.5 1.75 1.4444440000000001 1.6875 1.4444440000000001 1.6875 1.5 1.75 1.4444440000000001 1.75 1.4444440000000001 1.6875 1.4444440000000001 1.75 1.388889 1.6875 1.388889 1.6875 1.4444440000000001 1.75 1.388889 1.75 1.388889 1.6875 1.388889 1.75 1.3333330000000001 1.6875 1.3333330000000001 1.6875 1.388889 1.75 1.3333330000000001 1.75 1.3333330000000001 1.6875 1.3333330000000001 1.75 1.2777780000000001 1.6875 1.2777780000000001 1.6875 1.3333330000000001 1.75 1.2777780000000001 1.75 1.2777780000000001 1.6875 1.2777780000000001 1.75 1.2222219999999999 1.6875 1.2222219999999999 1.6875 1.2777780000000001 1.75 1.2222219999999999 1.75 1.2222219999999999 1.6875 1.2222219999999999 1.75 1.1666669999999999 1.6875 1.1666669999999999 1.6875 1.2222219999999999 1.75 1.1666669999999999 1.75 1.1666669999999999 1.6875 1.1666669999999999 1.75 1.111111 1.6875 1.111111 1.6875 1.1666669999999999 1.75 1.111111 1.75 1.111111 1.6875 1.111111 1.75 1.0555559999999999 1.6875 1.0555559999999999 1.6875 1.111111 1.75 1.0555559999999999 1.75 1.0555559999999999 1.6875 1.0555559999999999 1.75 1 1.6875 1 1.6875 1.0555559999999999 1.75 1 1.75 1 1.6875 1 1.75 0.94444450000000002 1.6875 0.94444450000000002 1.6875 1 1.75 0.94444450000000002 1.75 0.94444450000000002 1.6875 0.94444450000000002 1.75 0.88888889999999998 1.6875 0.88888889999999998 1.6875 0.94444450000000002 1.75 0.88888889999999998 1.75 0.88888889999999998 1.6875 0.88888889999999998 1.75 0.83333330000000005 1.6875 0.83333330000000005 1.6875 0.88888889999999998 1.75 0.83333330000000005 1.75 0.83333330000000005 1.6875 0.83333330000000005 1.75 0.77777779999999996 1.6875 0.77777779999999996 1.6875 0.83333330000000005 1.75 0.77777779999999996 1.75 0.77777779999999996 1.6875 0.77777779999999996 1.75 0.72222220000000004 1.6875 0.72222220000000004 1.6875 0.77777779999999996 1.75 0.72222220000000004 1.75 0.72222220000000004 1.6875 0.72222220000000004 1.75 0.66666669999999995 1.6875 0.66666669999999995 1.6875 0.72222220000000004 1.75 0.66666669999999995 1.75 0.66666669999999995 1.6875 0.66666669999999995 1.75 0.61111110000000002 1.6875 0.61111110000000002 1.6875 0.66666669999999995 1.75 0.61111110000000002 1.75 0.61111110000000002 1.6875 0.61111110000000002 1.75 0.55555560000000004 1.6875 0.55555560000000004 1.6875 0.61111110000000002 1.75 0.55555560000000004 1.75 0.55555560000000004 1.6875 0.55555560000000004 1.75 0.5 1.6875 0.5 1.6875 0.55555560000000004 1.75 0.5 1.75 0.5 1.6875 0.5 1.75 0.44444440000000002 1.6875 0.44444440000000002 1.6875 0.5 1.75 0.44444440000000002 1.75 0.44444440000000002 1.6875 0.44444440000000002 1.75 0.38888889999999998 1.6875 0.38888889999999998 1.6875 0.44444440000000002 1.75 0.38888889999999998 1.75 0.38888889999999998 1.6875 0.38888889999999998 1.75 0.3333333 1.6875 0.3333333 1.6875 0.38888889999999998 1.75 0.3333333 1.75 0.3333333 1.6875 0.3333333 1.75 0.27777780000000002 1.6875 0.27777780000000002 1.6875 0.3333333 1.75 0.27777780000000002 1.75 0.27777780000000002 1.6875 0.27777780000000002 1.75 0.22222220000000001 1.6875 0.22222220000000001 1.6875 0.27777780000000002 1.75 0.22222220000000001 1.75 0.22222220000000001 1.6875 0.22222220000000001 1.75 0.1666666 1.6875 0.1666666 1.6875 0.22222220000000001 1.75 0.1666666 1.75 0.1666666 1.6875 0.1666666 1.75 0.1111111 1.6875 0.1111111 1.6875 0.1666666 1.75 0.1111111 1.75 0.1111111 1.6875 0.1111111 1.75 0.055555519999999997 1.6875 0.055555519999999997 1.6875 0.1111111 1.75 0.055555519999999997 1.75 0.055555519999999997 1.6875 0.055555519999999997 1.75 0 1.6875 2 1.75 2 1.8125 1.9444440000000001 1.75 0 1.75 0.055555519999999997 1.8125 0 1.8125 1.9444440000000001 1.75 2 1.8125 1.9444440000000001 1.8125 1.9444440000000001 1.75 1.9444440000000001 1.8125 1.888889 1.75 1.888889 1.75 1.9444440000000001 1.8125 1.888889 1.8125 1.888889 1.75 1.888889 1.8125 1.8333330000000001 1.75 1.8333330000000001 1.75 1.888889 1.8125 1.8333330000000001 1.8125 1.8333330000000001 1.75 1.8333330000000001 1.8125 1.7777780000000001 1.75 1.7777780000000001 1.75 1.8333330000000001 1.8125 1.7777780000000001 1.8125 1.7777780000000001 1.75 1.7777780000000001 1.8125 1.7222219999999999 1.75 1.7222219999999999 1.75 1.7777780000000001 1.8125 1.7222219999999999 1.8125 1.7222219999999999 1.75 1.7222219999999999 1.8125 1.6666669999999999 1.75 1.6666669999999999 1.75 1.7222219999999999 1.8125 1.6666669999999999 1.8125 1.6666669999999999 1.75 1.6666669999999999 1.8125 1.611111 1.75 1.611111 1.75 1.6666669999999999 1.8125 1.611111 1.8125 1.611111 1.75 1.611111 1.8125 1.5555559999999999 1.75 1.5555559999999999 1.75 1.611111 1.8125 1.5555559999999999 1.8125 1.5555559999999999 1.75 1.5555559999999999 1.8125 1.5 1.75 1.5 1.75 1.5555559999999999 1.8125 1.5 1.8125 1.5 1.75 1.5 1.8125 1.4444440000000001 1.75 1.4444440000000001 1.75 1.5 1.8125 1.4444440000000001 1.8125 1.4444440000000001 1.75 1.4444440000000001 1.8125 1.388889 1.75 1.388889 1.75 1.4444440000000001 1.8125 1.388889 1.8125 1.388889 1.75 1.388889 1.8125 1.3333330000000001 1.75 1.3333330000000001 1.75 1.388889 1.8125 1.3333330000000001 1.8125 1.3333330000000001 1.75 1.3333330000000001 1.8125 1.2777780000000001 1.75 1.2777780000000001 1.75 1.3333330000000001 1.8125 1.2777780000000001 1.8125 1.2777780000000001 1.75 1.2777780000000001 1.8125 1.2222219999999999 1.75 1.2222219999999999 1.75 1.2777780000000001 1.8125 1.2222219999999999 1.8125 1.2222219999999999 1.75 1.2222219999999999 1.8125 1.1666669999999999 1.75 1.1666669999999999 1.75 1.2222219999999999 1.8125 1.1666669999999999 1.8125 1.1666669999999999 1.75 1.1666669999999999 1.8125 1.111111 1.75 1.111111 1.75 1.1666669999999999 1.8125 1.111111 1.8125 1.111111 1.75 1.111111 1.8125 1.0555559999999999 1.75 1.0555559999999999 1.75 1.111111 1.8125 1.0555559999999999 1.8125 1.0555559999999999 1.75 1.0555559999999999 1.8125 1 1.75 1 1.75 1.0555559999999999 1.8125 1 1.8125 1 1.75 1 1.8125 0.94444450000000002 1.75 0.94444450000000002 1.75 1 1.8125 0.94444450000000002 1.8125 0.94444450000000002 1.75 0.94444450000000002 1.8125 0.88888889999999998 1.75 0.88888889999999998 1.75 0.94444450000000002 1.8125 0.88888889999999998 1.8125 0.88888889999999998 1.75 0.88888889999999998 1.8125 0.83333330000000005 1.75 0.83333330000000005 1.75 0.88888889999999998 1.8125 0.83333330000000005 1.8125 0.83333330000000005 1.75 0.83333330000000005 1.8125 0.77777779999999996 1.75 0.77777779999999996 1.75 0.83333330000000005 1.8125 0.77777779999999996 1.8125 0.77777779999999996 1.75 0.77777779999999996 1.8125 0.72222220000000004 1.75 0.72222220000000004 1.75 0.77777779999999996 1.8125 0.72222220000000004 1.8125 0.72222220000000004 1.75 0.72222220000000004 1.8125 0.66666669999999995 1.75 0.66666669999999995 1.75 0.72222220000000004 1.8125 0.66666669999999995 1.8125 0.66666669999999995 1.75 0.66666669999999995 1.8125 0.61111110000000002 1.75 0.61111110000000002 1.75 0.66666669999999995 1.8125 0.61111110000000002 1.8125 0.61111110000000002 1.75 0.61111110000000002 1.8125 0.55555560000000004 1.75 0.55555560000000004 1.75 0.61111110000000002 1.8125 0.55555560000000004 1.8125 0.55555560000000004 1.75 0.55555560000000004 1.8125 0.5 1.75 0.5 1.75 0.55555560000000004 1.8125 0.5 1.8125 0.5 1.75 0.5 1.8125 0.44444440000000002 1.75 0.44444440000000002 1.75 0.5 1.8125 0.44444440000000002 1.8125 0.44444440000000002 1.75 0.44444440000000002 1.8125 0.38888889999999998 1.75 0.38888889999999998 1.75 0.44444440000000002 1.8125 0.38888889999999998 1.8125 0.38888889999999998 1.75 0.38888889999999998 1.8125 0.3333333 1.75 0.3333333 1.75 0.38888889999999998 1.8125 0.3333333 1.8125 0.3333333 1.75 0.3333333 1.8125 0.27777780000000002 1.75 0.27777780000000002 1.75 0.3333333 1.8125 0.27777780000000002 1.8125 0.27777780000000002 1.75 0.27777780000000002 1.8125 0.22222220000000001 1.75 0.22222220000000001 1.75 0.27777780000000002 1.8125 0.22222220000000001 1.8125 0.22222220000000001 1.75 0.22222220000000001 1.8125 0.1666666 1.75 0.1666666 1.75 0.22222220000000001 1.8125 0.1666666 1.8125 0.1666666 1.75 0.1666666 1.8125 0.1111111 1.75 0.1111111 1.75 0.1666666 1.8125 0.1111111 1.8125 0.1111111 1.75 0.1111111 1.8125 0.055555519999999997 1.75 0.055555519999999997 1.75 0.1111111 1.8125 0.055555519999999997 1.8125 0.055555519999999997 1.75 0.055555519999999997 1.8125 0 1.75 2 1.8125 2 1.875 1.9444440000000001 1.8125 0 1.8125 0.055555519999999997 1.875 0 1.875 1.9444440000000001 1.8125 2 1.875 1.9444440000000001 1.875 1.9444440000000001 1.8125 1.9444440000000001 1.875 1.888889 1.8125 1.888889 1.8125 1.9444440000000001 1.875 1.888889 1.875 1.888889 1.8125 1.888889 1.875 1.8333330000000001 1.8125 1.8333330000000001 1.8125 1.888889 1.875 1.8333330000000001 1.875 1.8333330000000001 1.8125 1.8333330000000001 1.875 1.7777780000000001 1.8125 1.7777780000000001 1.8125 1.8333330000000001 1.875 1.7777780000000001 1.875 1.7777780000000001 1.8125 1.7777780000000001 1.875 1.7222219999999999 1.8125 1.7222219999999999 1.8125 1.7777780000000001 1.875 1.7222219999999999 1.875 1.7222219999999999 1.8125 1.7222219999999999 1.875 1.6666669999999999 1.8125 1.6666669999999999 1.8125 1.7222219999999999 1.875 1.6666669999999999 1.875 1.6666669999999999 1.8125 1.6666669999999999 1.875 1.611111 1.8125 1.611111 1.8125 1.6666669999999999 1.875 1.611111 1.875 1.611111 1.8125 1.611111 1.875 1.5555559999999999 1.8125 1.5555559999999999 1.8125 1.611111 1.875 1.5555559999999999 1.875 1.5555559999999999 1.8125 1.5555559999999999 1.875 1.5 1.8125 1.5 1.8125 1.5555559999999999 1.875 1.5 1.875 1.5 1.8125 1.5 1.875 1.4444440000000001 1.8125 1.4444440000000001 1.8125 1.5 1.875 1.4444440000000001 1.875 1.4444440000000001 1.8125 1.4444440000000001 1.875 1.388889 1.8125 1.388889 1.8125 1.4444440000000001 1.875 1.388889 1.875 1.388889 1.8125 1.388889 1.875 1.3333330000000001 1.8125 1.3333330000000001 1.8125 1.388889 1.875 1.3333330000000001 1.875 1.3333330000000001 1.8125 1.3333330000000001 1.875 1.2777780000000001 1.8125 1.2777780000000001 1.8125 1.3333330000000001 1.875 1.2777780000000001 1.875 1.2777780000000001 1.8125 1.2777780000000001 1.875 1.2222219999999999 1.8125 1.2222219999999999 1.8125 1.2777780000000001 1.875 1.2222219999999999 1.875 1.2222219999999999 1.8125 1.2222219999999999 1.875 1.1666669999999999 1.8125 1.1666669999999999 1.8125 1.2222219999999999 1.875 1.1666669999999999 1.875 1.1666669999999999 1.8125 1.1666669999999999 1.875 1.111111 1.8125 1.111111 1.8125 1.1666669999999999 1.875 1.111111 1.875 1.111111 1.8125 1.111111 1.875 1.0555559999999999 1.8125 1.0555559999999999 1.8125 1.111111 1.875 1.0555559999999999 1.875 1.0555559999999999 1.8125 1.0555559999999999 1.875 1 1.8125 1 1.8125 1.0555559999999999 1.875 1 1.875 1 1.8125 1 1.875 0.94444450000000002 1.8125 0.94444450000000002 1.8125 1 1.875 0.94444450000000002 1.875 0.94444450000000002 1.8125 0.94444450000000002 1.875 0.88888889999999998 1.8125 0.88888889999999998 1.8125 0.94444450000000002 1.875 0.88888889999999998 1.875 0.88888889999999998 1.8125 0.88888889999999998 1.875 0.83333330000000005 1.8125 0.83333330000000005 1.8125 0.88888889999999998 1.875 0.83333330000000005 1.875 0.83333330000000005 1.8125 0.83333330000000005 1.875 0.77777779999999996 1.8125 0.77777779999999996 1.8125 0.83333330000000005 1.875 0.77777779999999996 1.875 0.77777779999999996 1.8125 0.77777779999999996 1.875 0.72222220000000004 1.8125 0.72222220000000004 1.8125 0.77777779999999996 1.875 0.72222220000000004 1.875 0.72222220000000004 1.8125 0.72222220000000004 1.875 0.66666669999999995 1.8125 0.66666669999999995 1.8125 0.72222220000000004 1.875 0.66666669999999995 1.875 0.66666669999999995 1.8125 0.66666669999999995 1.875 0.61111110000000002 1.8125 0.61111110000000002 1.8125 0.66666669999999995 1.875 0.61111110000000002 1.875 0.61111110000000002 1.8125 0.61111110000000002 1.875 0.55555560000000004 1.8125 0.55555560000000004 1.8125 0.61111110000000002 1.875 0.55555560000000004 1.875 0.55555560000000004 1.8125 0.55555560000000004 1.875 0.5 1.8125 0.5 1.8125 0.55555560000000004 1.875 0.5 1.875 0.5 1.8125 0.5 1.875 0.44444440000000002 1.8125 0.44444440000000002 1.8125 0.5 1.875 0.44444440000000002 1.875 0.44444440000000002 1.8125 0.44444440000000002 1.875 0.38888889999999998 1.8125 0.38888889999999998 1.8125 0.44444440000000002 1.875 0.38888889999999998 1.875 0.38888889999999998 1.8125 0.38888889999999998 1.875 0.3333333 1.8125 0.3333333 1.8125 0.38888889999999998 1.875 0.3333333 1.875 0.3333333 1.8125 0.3333333 1.875 0.27777780000000002 1.8125 0.27777780000000002 1.8125 0.3333333 1.875 0.27777780000000002 1.875 0.27777780000000002 1.8125 0.27777780000000002 1.875 0.22222220000000001 1.8125 0.22222220000000001 1.8125 0.27777780000000002 1.875 0.22222220000000001 1.875 0.22222220000000001 1.8125 0.22222220000000001 1.875 0.1666666 1.8125 0.1666666 1.8125 0.22222220000000001 1.875 0.1666666 1.875 0.1666666 1.8125 0.1666666 1.875 0.1111111 1.8125 0.1111111 1.8125 0.1666666 1.875 0.1111111 1.875 0.1111111 1.8125 0.1111111 1.875 0.055555519999999997 1.8125 0.055555519999999997 1.8125 0.1111111 1.875 0.055555519999999997 1.875 0.055555519999999997 1.8125 0.055555519999999997 1.875 0 1.8125 2 1.875 2 1.9375 1.9444440000000001 1.875 0 1.875 0.055555519999999997 1.9375 0 1.9375 1.9444440000000001 1.875 2 1.9375 1.9444440000000001 1.9375 1.9444440000000001 1.875 1.9444440000000001 1.9375 1.888889 1.875 1.888889 1.875 1.9444440000000001 1.9375 1.888889 1.9375 1.888889 1.875 1.888889 1.9375 1.8333330000000001 1.875 1.8333330000000001 1.875 1.888889 1.9375 1.8333330000000001 1.9375 1.8333330000000001 1.875 1.8333330000000001 1.9375 1.7777780000000001 1.875 1.7777780000000001 1.875 1.8333330000000001 1.9375 1.7777780000000001 1.9375 1.7777780000000001 1.875 1.7777780000000001 1.9375 1.7222219999999999 1.875 1.7222219999999999 1.875 1.7777780000000001 1.9375 1.7222219999999999 1.9375 1.7222219999999999 1.875 1.7222219999999999 1.9375 1.6666669999999999 1.875 1.6666669999999999 1.875 1.7222219999999999 1.9375 1.6666669999999999 1.9375 1.6666669999999999 1.875 1.6666669999999999 1.9375 1.611111 1.875 1.611111 1.875 1.6666669999999999 1.9375 1.611111 1.9375 1.611111 1.875 1.611111 1.9375 1.5555559999999999 1.875 1.5555559999999999 1.875 1.611111 1.9375 1.5555559999999999 1.9375 1.5555559999999999 1.875 1.5555559999999999 1.9375 1.5 1.875 1.5 1.875 1.5555559999999999 1.9375 1.5 1.9375 1.5 1.875 1.5 1.9375 1.4444440000000001 1.875 1.4444440000000001 1.875 1.5 1.9375 1.4444440000000001 1.9375 1.4444440000000001 1.875 1.4444440000000001 1.9375 1.388889 1.875 1.388889 1.875 1.4444440000000001 1.9375 1.388889 1.9375 1.388889 1.875 1.388889 1.9375 1.3333330000000001 1.875 1.3333330000000001 1.875 1.388889 1.9375 1.3333330000000001 1.9375 1.3333330000000001 1.875 1.3333330000000001 1.9375 1.2777780000000001 1.875 1.2777780000000001 1.875 1.3333330000000001 1.9375 1.2777780000000001 1.9375 1.2777780000000001 1.875 1.2777780000000001 1.9375 1.2222219999999999 1.875 1.2222219999999999 1.875 1.2777780000000001 1.9375 1.2222219999999999 1.9375 1.2222219999999999 1.875 1.2222219999999999 1.9375 1.1666669999999999 1.875 1.1666669999999999 1.875 1.2222219999999999 1.9375 1.1666669999999999 1.9375 1.1666669999999999 1.875 1.1666669999999999 1.9375 1.111111 1.875 1.111111 1.875 1.1666669999999999 1.9375 1.111111 1.9375 1.111111 1.875 1.111111 1.9375 1.0555559999999999 1.875 1.0555559999999999 1.875 1.111111 1.9375 1.0555559999999999 1.9375 1.0555559999999999 1.875 1.0555559999999999 1.9375 1 1.875 1 1.875 1.0555559999999999 1.9375 1 1.9375 1 1.875 1 1.9375 0.94444450000000002 1.875 0.94444450000000002 1.875 1 1.9375 0.94444450000000002 1.9375 0.94444450000000002 1.875 0.94444450000000002 1.9375 0.88888889999999998 1.875 0.88888889999999998 1.875 0.94444450000000002 1.9375 0.88888889999999998 1.9375 0.88888889999999998 1.875 0.88888889999999998 1.9375 0.83333330000000005 1.875 0.83333330000000005 1.875 0.88888889999999998 1.9375 0.83333330000000005 1.9375 0.83333330000000005 1.875 0.83333330000000005 1.9375 0.77777779999999996 1.875 0.77777779999999996 1.875 0.83333330000000005 1.9375 0.77777779999999996 1.9375 0.77777779999999996 1.875 0.77777779999999996 1.9375 0.72222220000000004 1.875 0.72222220000000004 1.875 0.77777779999999996 1.9375 0.72222220000000004 1.9375 0.72222220000000004 1.875 0.72222220000000004 1.9375 0.66666669999999995 1.875 0.66666669999999995 1.875 0.72222220000000004 1.9375 0.66666669999999995 1.9375 0.66666669999999995 1.875 0.66666669999999995 1.9375 0.61111110000000002 1.875 0.61111110000000002 1.875 0.66666669999999995 1.9375 0.61111110000000002 1.9375 0.61111110000000002 1.875 0.61111110000000002 1.9375 0.55555560000000004 1.875 0.55555560000000004 1.875 0.61111110000000002 1.9375 0.55555560000000004 1.9375 0.55555560000000004 1.875 0.55555560000000004 1.9375 0.5 1.875 0.5 1.875 0.55555560000000004 1.9375 0.5 1.9375 0.5 1.875 0.5 1.9375 0.44444440000000002 1.875 0.44444440000000002 1.875 0.5 1.9375 0.44444440000000002 1.9375 0.44444440000000002 1.875 0.44444440000000002 1.9375 0.38888889999999998 1.875 0.38888889999999998 1.875 0.44444440000000002 1.9375 0.38888889999999998 1.9375 0.38888889999999998 1.875 0.38888889999999998 1.9375 0.3333333 1.875 0.3333333 1.875 0.38888889999999998 1.9375 0.3333333 1.9375 0.3333333 1.875 0.3333333 1.9375 0.27777780000000002 1.875 0.27777780000000002 1.875 0.3333333 1.9375 0.27777780000000002 1.9375 0.27777780000000002 1.875 0.27777780000000002 1.9375 0.22222220000000001 1.875 0.22222220000000001 1.875 0.27777780000000002 1.9375 0.22222220000000001 1.9375 0.22222220000000001 1.875 0.22222220000000001 1.9375 0.1666666 1.875 0.1666666 1.875 0.22222220000000001 1.9375 0.1666666 1.9375 0.1666666 1.875 0.1666666 1.9375 0.1111111 1.875 0.1111111 1.875 0.1666666 1.9375 0.1111111 1.9375 0.1111111 1.875 0.1111111 1.9375 0.055555519999999997 1.875 0.055555519999999997 1.875 0.1111111 1.9375 0.055555519999999997 1.9375 0.055555519999999997 1.875 0.055555519999999997 1.9375 0 1.875</float_array>
          <technique_common>
            <accessor source="#fruit-uv-array" count="3240" stride="2">
              <param name="S" type="float" />
              <param name="T" type="float" />
            </accessor>
          </technique_common>
        </source>
        <vertices id="fruit-vertices">
          <input semantic="POSITION" source="#fruit-positions" />
        </vertices>
        <triangles count="1080">
          <input semantic="VERTEX" offset="0" source="#fruit-vertices" />
          <input semantic="NORMAL" offset="1" source="#fruit-normals" />
          <input semantic="TEXCOORD" offset="2" source="#fruit-uv" set="0" />
          <p>0 0 0 1 1 1 2 2 2 0 0 3 3 3 4 1 1 5 2 2 6 1 1 7 4 4 8 2 2 9 4 4 10 5 5 11 5 5 12 4 4 13 6 6 14 5 5 15 6 6 16 7 7 17 7 7 18 6 6 19 8 8 20 7 7 21 8 8 22 9 9 23 9 9 24 8 8 25 10 10 26 9 9 27 10 10 28 11 11 29 11 11 30 10 10 31 12 12 32 11 11 33 12 12 34 13 13 35 13 13 36 12 12 37 14 14 38 13 13 39 14 14 40 15 15 41 15 15 42 14 14 43 16 16 44 15 15 45 16 16 46 17 17 47 17 17 48 16 16 49 18 18 50 17 17 51 18 18 52 19 19 53 19 19 54 18 18 55 20 20 56 19 19 57 20 20 58 21 21 59 21 21 60 20 20 61 22 22 62 21 21 63 22 22 64 23 23 65 23 23 66 22 22 67 24 24 68 23 23 69 24 24 70 25 25 71 25 25 72 24 24 73 26 26 74 25 25 75 26 26 76 27 27 77 27 27 78 26 26 79 28 28 80 27 27 81 28 28 82 29 29 83 29 29 84 28 28 85 30 30 86 29 29 87 30 30 88 31 31 89 31 31 90 30 30 91 32 32 92 31 31 93 32 32 94 33 33 95 33 33 96 32 32 97 34 34 98 33 33 99 34 34 100 35 35 101 35 35 102 34 34 103 36 36 104 35 35 105 36 36 106 37 37 107 37 37 108 36 36 109 38 38 110 37 37 111 38 38 112 39 39 113 39 39 114 38 38 115 40 40 116 39 39 117 40 40 118 41 41 119 41 41 120 40 40 121 42 42 122 41 41 123 42 42 124 43 43 125 43 43 126 42 42 127 44 44 128 43 43 129 44 44 130 45 45 131 45 45 132 44 44 133 46 46 134 45 45 135 46 46 136 47 47 137 47 47 138 46 46 139 48 48 140 47 47 141 48 48 142 49 49 143 49 49 144 48 48 145 50 50 146 49 49 147 50 50 148 51 51 149 51 51 150 50 50 151 52 52 152 51 51 153 52 52 154 53 53 155 53 53 156 52 52 157 54 54 158 53 53 159 54 54 160 55 55 161 55 55 162 54 54 163 56 56 164 55 55 165 56 56 166 57 57 167 57 57 168 56 56 169 58 58 170 57 57 171 58 58 172 59 59 173 59 59 174 58 58 175 60 60 176 59 59 177 60 60 178 61 61 179 61 61 180 60 60 181 62 62 182 61 61 183 62 62 184 63 63 185 63 63 186 62 62 187 64 64 188 63 63 189 64 64 190 65 65 191 65 65 192 64 64 193 66 66 194 65 65 195 66 66 196 67 67 197 67 67 198 66 66 199 68 68 200 67 67 201 68 68 202 69 69 203 69 69 204 68 68 205 70 70 206 69 69 207 70 70 208 71 71 209 71 71 210 70 70 211 3 3 212 71 71 213 3 3 214 0 0 215 1 1 216 72 72 217 4 4 218 1 1 219 73 73 220 72 72 221 4 4 222 72 72 223 74 74 224 4 4 225 74 74 226 6 6 227 6 6 228 74 74 229 75 75 230 6 6 231 75 75 232 8 8 233 8 8 234 75 75 235 76 76 236 8 8 237 76 76 238 10 10 239 10 10 240 76 76 241 77 77 242 10 10 243 77 77 244 12 12 245 12 12 246 77 77 247 78 78 248 12 12 249 78 78 250 14 14 251 14 14 252 78 78 253 79 79 254 14 14 255 79 79 256 16 16 257 16 16 258 79 79 259 80 80 260 16 16 261 80 80 262 18 18 263 18 18 264 80 80 265 81 81 266 18 18 267 81 81 268 20 20 269 20 20 270 81 81 271 82 82 272 20 20 273 82 82 274 22 22 275 22 22 276 82 82 277 83 83 278 22 22 279 83 83 280 24 24 281 24 24 282 83 83 283 84 84 284 24 24 285 84 84 286 26 26 287 26 26 288 84 84 289 85 85 290 26 26 291 85 85 292 28 28 293 28 28 294 85 85 295 86 86 296 28 28 297 86 86 298 30 30 299 30 30 300 86 86 301 87 87 302 30 30 303 87 87 304 32 32 305 32 32 306 87 87 307 88 88 308 32 32 309 88 88 310 34 34 311 34 34 312 88 88 313 89 89 314 34 34 315 89 89 316 36 36 317 36 36 318 89 89 319 90 90 320 36 36 321 90 90 322 38 38 323 38 38 324 90 90 325 91 91 326 38 38 327 91 91 328 40 40 329 40 40 330 91 91 331 92 92 332 40 40 333 92 92 334 42 42 335 42 42 336 92 92 337 93 93 338 42 42 339 93 93 340 44 44 341 44 44 342 93 93 343 94 94 344 44 44 345 94 94 346 46 46 347 46 46 348 94 94 349 95 95 350 46 46 351 95 95 352 48 48 353 48 48 354 95 95 355 96 96 356 48 48 357 96 96 358 50 50 359 50 50 360 96 96 361 97 97 362 50 50 363 97 97 364 52 52 365 52 52 366 97 97 367 98 98 368 52 52 369 98 98 370 54 54 371 54 54 372 98 98 373 99 99 374 54 54 375 99 99 376 56 56 377 56 56 378 99 99 379 100 100 380 56 56 381 100 100 382 58 58 383 58 58 384 100 100 385 101 101 386 58 58 387 101 101 388 60 60 389 60 60 390 101 101 391 102 102 392 60 60 393 102 102 394 62 62 395 62 62 396 102 102 397 103 103 398 62 62 399 103 103 400 64 64 401 64 64 402 103 103 403 104 104 404 64 64 405 104 104 406 66 66 407 66 66 408 104 104 409 105 105 410 66 66 411 105 105 412 68 68 413 68 68 414 105 105 415 106 106 416 68 68 417 106 106 418 70 70 419 70 70 420 106 106 421 107 107 422 70 70 423 107 107 424 3 3 425 3 3 426 107 107 427 73 73 428 3 3 429 73 73 430 1 1 431 72 72 432 108 108 433 74 74 434 72 72 435 109 109 436 108 108 437 74 74 438 108 108 439 110 110 440 74 74 441 110 110 442 75 75 443 75 75 444 110 110 445 111 111 446 75 75 447 111 111 448 76 76 449 76 76 450 111 111 451 112 112 452 76 76 453 112 112 454 77 77 455 77 77 456 112 112 457 113 113 458 77 77 459 113 113 460 78 78 461 78 78 462 113 113 463 114 114 464 78 78 465 114 114 466 79 79 467 79 79 468 114 114 469 115 115 470 79 79 471 115 115 472 80 80 473 80 80 474 115 115 475 116 116 476 80 80 477 116 116 478 81 81 479 81 81 480 116 116 481 117 117 482 81 81 483 117 117 484 82 82 485 82 82 486 117 117 487 118 118 488 82 82 489 118 118 490 83 83 491 83 83 492 118 118 493 119 119 494 83 83 495 119 119 496 84 84 497 84 84 498 119 119 499 120 120 500 84 84 501 120 120 502 85 85 503 85 85 504 120 120 505 121 121 506 85 85 507 121 121 508 86 86 509 86 86 510 121 121 511 122 122 512 86 86 513 122 122 514 87 87 515 87 87 516 122 122 517 123 123 518 87 87 519 123 123 520 88 88 521 88 88 522 123 123 523 124 124 524 88 88 525 124 124 526 89 89 527 89 89 528 124 124 529 125 125 530 89 89 531 125 125 532 90 90 533 90 90 534 125 125 535 126 126 536 90 90 537 126 126 538 91 91 539 91 91 540 126 126 541 127 127 542 91 91 543 127 127 544 92 92 545 92 92 546 127 127 547 128 128 548 92 92 549 128 128 550 93 93 551 93 93 552 128 128 553 129 129 554 93 93 555 129 129 556 94 94 557 94 94 558 129 129 559 130 130 560 94 94 561 130 130 562 95 95 563 95 95 564 130 130 565 131 131 566 95 95 567 131 131 568 96 96 569 96 96 570 131 131 571 132 132 572 96 96 573 132 132 574 97 97 575 97 97 576 132 132 577 133 133 578 97 97 579 133 133 580 98 98 581 98 98 582 133 133 583 134 134 584 98 98 585 134 134 586 99 99 587 99 99 588 134 134 589 135 135 590 99 99 591 135 135 592 100 100 593 100 100 594 135 135 595 136 136 596 100 100 597 136 136 598 101 101 599 101 101 600 136 136 601 137 137 602 101 101 603 137 137 604 102 102 605 102 102 606 137 137 607 138 138 608 102 102 609 138 138 610 103 103 611 103 103 612 138 138 613 139 139 614 103 103 615 139 139 616 104 104 617 104 104 618 139 139 619 140 140 620 104 104 621 140 140 622 105 105 623 105 105 624 140 140 625 141 141 626 105 105 627 141 141 628 106 106 629 106 106 630 141 141 631 142 142 632 106 106 633 142 142 634 107 107 635 107 107 636 142 142 637 143 143 638 107 107 639 143 143 640 73 73 641 73 73 642 143 143 643 109 109 644 73 73 645 109 109 646 72 72 647 108 108 648 144 144 649 110 110 650 108 108 651 145 145 652 144 144 653 110 110 654 144 144 655 146 146 656 110 110 657 146 146 658 111 111 659 111 111 660 146 146 661 147 147 662 111 111 663 147 147 664 112 112 665 112 112 666 147 147 667 148 148 668 112 112 669 148 148 670 113 113 671 113 113 672 148 148 673 149 149 674 113 113 675 149 149 676 114 114 677 114 114 678 149 149 679 150 150 680 114 114 681 150 150 682 115 115 683 115 115 684 150 150 685 151 151 686 115 115 687 151 151 688 116 116 689 116 116 690 151 151 691 152 152 692 116 116 693 152 152 694 117 117 695 117 117 696 152 152 697 153 153 698 117 117 699 153 153 700 118 118 701 118 118 702 153 153 703 154 154 704 118 118 705 154 154 706 119 119 707 119 119 708 154 154 709 155 155 710 119 119 711 155 155 712 120 120 713 120 120 714 155 155 715 156 156 716 120 120 717 156 156 718 121 121 719 121 121 720 156 156 721 157 157 722 121 121 723 157 157 724 122 122 725 122 122 726 157 157 727 158 158 728 122 122 729 158 158 730 123 123 731 123 123 732 158 158 733 159 159 734 123 123 735 159 159 736 124 124 737 124 124 738 159 159 739 160 160 740 124 124 741 160 160 742 125 125 743 125 125 744 160 160 745 161 161 746 125 125 747 161 161 748 126 126 749 126 126 750 161 161 751 162 162 752 126 126 753 162 162 754 127 127 755 127 127 756 162 162 757 163 163 758 127 127 759 163 163 760 128 128 761 128 128 762 163 163 763 164 164 764 128 128 765 164 164 766 129 129 767 129 129 768 164 164 769 165 165 770 129 129 771 165 165 772 130 130 773 130 130 774 165 165 775 166 166 776 130 130 777 166 166 778 131 131 779 131 131 780 166 166 781 167 167 782 131 131 783 167 167 784 132 132 785 132 132 786 167 167 787 168 168 788 132 132 789 168 168 790 133 133 791 133 133 792 168 168 793 169 169 794 133 133 795 169 169 796 134 134 797 134 134 798 169 169 799 170 170 800 134 134 801 170 170 802 135 135 803 135 135 804 170 170 805 171 171 806 135 135 807 171 171 808 136 136 809 136 136 810 171 171 811 172 172 812 136 136 813 172 172 814 137 137 815 137 137 816 172 172 817 173 173 818 137 137 819 173 173 820 138 138 821 138 138 822 173 173 823 174 174 824 138 138 825 174 174 826 139 139 827 139 139 828 174 174 829 175 175 830 139 139 831 175 175 832 140 140 833 140 140 834 175 175 835 176 176 836 140 140 837 176 176 838 141 141 839 141 141 840 176 176 841 177 177 842 141 141 843 177 177 844 142 142 845 142 142 846 177 177 847 178 178 848 142 142 849 178 178 850 143 143 851 143 143 852 178 178 853 179 179 854 143 143 855 179 179 856 109 109 857 109 109 858 179 179 859 145 145 860 109 109 861 145 145 862 108 108 863 144 144 864 180 180 865 146 146 866 144 144 867 181 181 868 180 180 869 146 146 870 180 180 871 182 182 872 146 146 873 182 182 874 147 147 875 147 147 876 182 182 877 183 183 878 147 147 879 183 183 880 148 148 881 148 148 882 183 183 883 184 184 884 148 148 885 184 184 886 149 149 887 149 149 888 184 184 889 185 185 890 149 149 891 185 185 892 150 150 893 150 150 894 185 185 895 186 186 896 150 150 897 186 186 898 151 151 899 151 151 900 186 186 901 187 187 902 151 151 903 187 187 904 152 152 905 152 152 906 187 187 907 188 188 908 152 152 909 188 188 910 153 153 911 153 153 912 188 188 913 189 189 914 153 153 915 189 189 916 154 154 917 154 154 918 189 189 919 190 190 920 154 154 921 190 190 922 155 155 923 155 155 924 190 190 925 191 191 926 155 155 927 191 191 928 156 156 929 156 156 930 191 191 931 192 192 932 156 156 933 192 192 934 157 157 935 157 157 936 192 192 937 193 193 938 157 157 939 193 193 940 158 158 941 158 158 942 193 193 943 194 194 944 158 158 945 194 194 946 159 159 947 159 159 948 194 194 949 195 195 950 159 159 951 195 195 952 160 160 953 160 160 954 195 195 955 196 196 956 160 160 957 196 196 958 161 161 959 161 161 960 196 196 961 197 197 962 161 161 963 197 197 964 162 162 965 162 162 966 197 197 967 198 198 968 162 162 969 198 198 970 163 163 971 163 163 972 198 198 973 199 199 974 163 163 975 199 199 976 164 164 977 164 164 978 199 199 979 200 200 980 164 164 981 200 200 982 165 165 983 165 165 984 200 200 985 201 201 986 165 165 987 201 201 988 166 166 989 166 166 990 201 201 991 202 202 992 166 166 993 202 202 994 167 167 995 167 167 996 202 202 997 203 203 998 167 167 999 203 203 1000 168 168 1001 168 168 1002 203 203 1003 204 204 1004 168 168 1005 204 204 1006 169 169 1007 169 169 1008 204 204 1009 205 205 1010 169 169 1011 205 205 1012 170 170 1013 170 170 1014 205 205 1015 206 206 1016 170 170 1017 206 206 1018 171 171 1019 171 171 1020 206 206 1021 207 207 1022 171 171 1023 207 207 1024 172 172 1025 172 172 1026 207 207 1027 208 208 1028 172 172 1029 208 208 1030 173 173 1031 173 173 1032 208 208 1033 209 209 1034 173 173 1035 209 209 1036 174 174 1037 174 174 1038 209 209 1039 210 210 1040 174 174 1041 210 210 1042 175 175 1043 175 175 1044 210 210 1045 211 211 1046 175 175 1047 211 211 1048 176 176 1049 176 176 1050 211 211 1051 212 212 1052 176 176 1053 212 212 1054 177 177 1055 177 177 1056 212 212 1057 213 213 1058 177 177 1059 213 213 1060 178 178 1061 178 178 1062 213 213 1063 214 214 1064 178 178 1065 214 214 1066 179 179 1067 179 179 1068 214 214 1069 215 215 1070 179 179 1071 215 215 1072 145 145 1073 145 145 1074 215 215 1075 181 181 1076 145 145 1077 181 181 1078 144 144 1079 180 180 1080 216 216 1081 182 182 1082 180 180 1083 217 217 1084 216 216 1085 182 182 1086 216 216 1087 218 218 1088 182 182 1089 218 218 1090 183 183 1091 183 183 1092 218 218 1093 219 219 1094 183 183 1095 219 219 1096 184 184 1097 184 184 1098 219 219 1099 220 220 1100 184 184 1101 220 220 1102 185 185 1103 185 185 1104 220 220 1105 221 221 1106 185 185 1107 221 221 1108 186 186 1109 186 186 1110 221 221 1111 222 222 1112 186 186 1113 222 222 1114 187 187 1115 187 187 1116 222 222 1117 223 223 1118 187 187 1119 223 223 1120 188 188 1121 188 188 1122 223 223 1123 224 224 1124 188 188 1125 224 224 1126 189 189 1127 189 189 1128 224 224 1129 225 225 1130 189 189 1131 225 225 1132 190 190 1133 190 190 1134 225 225 1135 226 226 1136 190 190 1137 226 226 1138 191 191 1139 191 191 1140 226 226 1141 227 227 1142 191 191 1143 227 227 1144 192 192 1145 192 192 1146 227 227 1147 228 228 1148 192 192 1149 228 228 1150 193 193 1151 193 193 1152 228 228 1153 229 229 1154 193 193 1155 229 229 1156 194 194 1157 194 194 1158 229 229 1159 230 230 1160 194 194 1161 230 230 1162 195 195 1163 195 195 1164 230 230 1165 231 231 1166 195 195 1167 231 231 1168 196 196 1169 196 196 1170 231 231 1171 232 232 1172 196 196 1173 232 232 1174 197 197 1175 197 197 1176 232 232 1177 233 233 1178 197 197 1179 233 233 1180 198 198 1181 198 198 1182 233 233 1183 234 234 1184 198 198 1185 234 234 1186 199 199 1187 199 199 1188 234 234 1189 235 235 1190 199 199 1191 235 235 1192 200 200 1193 200 200 1194 235 235 1195 236 236 1196 200 200 1197 236 236 1198 201 201 1199 201 201 1200 236 236 1201 237 237 1202 201 201 1203 237 237 1204 202 202 1205 202 202 1206 237 237 1207 238 238 1208 202 202 1209 238 238 1210 203 203 1211 203 203 1212 238 238 1213 239 239 1214 203 203 1215 239 239 1216 204 204 1217 204 204 1218 239 239 1219 240 240 1220 204 204 1221 240 240 1222 205 205 1223 205 205 1224 240 240 1225 241 241 1226 205 205 1227 241 241 1228 206 206 1229 206 206 1230 241 241 1231 242 242 1232 206 206 1233 242 242 1234 207 207 1235 207 207 1236 242 242 1237 243 243 1238 207 207 1239 243 243 1240 208 208 1241 208 208 1242 243 243 1243 244 244 1244 208 208 1245 244 244 1246 209 209 1247 209 209 1248 244 244 1249 245 245 1250 209 209 1251 245 245 1252 210 210 1253 210 210 1254 245 245 1255 246 246 1256 210 210 1257 246 246 1258 211 211 1259 211 211 1260 246 246 1261 247 247 1262 211 211 1263 247 247 1264 212 212 1265 212 212 1266 247 247 1267 248 248 1268 212 212 1269 248 248 1270 213 213 1271 213 213 1272 248 248 1273 249 249 1274 213 213 1275 249 249 1276 214 214 1277 214 214 1278 249 249 1279 250 250 1280 214 214 1281 250 250 1282 215 215 1283 215 215 1284 250 250 1285 251 251 1286 215 215 1287 251 251 1288 181 181 1289 181 181 1290 251 251 1291 217 217 1292 181 181 1293 217 217 1294 180 180 1295 216 216 1296 252 252 1297 218 218 1298 216 216 1299 253 253 1300 252 252 1301 218 218 1302 252 252 1303 254 254 1304 218 218 1305 254 254 1306 219 219 1307 219 219 1308 254 254 1309 255 255 1310 219 219 1311 255 255 1312 220 220 1313 220 220 1314 255 255 1315 256 256 1316 220 220 1317 256 256 1318 221 221 1319 221 221 1320 256 256 1321 257 257 1322 221 221 1323 257 257 1324 222 222 1325 222 222 1326 257 257 1327 258 258 1328 222 222 1329 258 258 1330 223 223 1331 223 223 1332 258 258 1333 259 259 1334 223 223 1335 259 259 1336 224 224 1337 224 224 1338 259 259 1339 260 260 1340 224 224 1341 260 260 1342 225 225 1343 225 225 1344 260 260 1345 261 261 1346 225 225 1347 261 261 1348 226 226 1349 226 226 1350 261 261 1351 262 262 1352 226 226 1353 262 262 1354 227 227 1355 227 227 1356 262 262 1357 263 263 1358 227 227 1359 263 263 1360 228 228 1361 228 228 1362 263 263 1363 264 264 1364 228 228 1365 264 264 1366 229 229 1367 229 229 1368 264 264 1369 265 265 1370 229 229 1371 265 265 1372 230 230 1373 230 230 1374 265 265 1375 266 266 1376 230 230 1377 266 266 1378 231 231 1379 231 231 1380 266 266 1381 267 267 1382 231 231 1383 267 267 1384 232 232 1385 232 232 1386 267 267 1387 268 268 1388 232 232 1389 268 268 1390 233 233 1391 233 233 1392 268 268 1393 269 269 1394 233 233 1395 269 269 1396 234 234 1397 234 234 1398 269 269 1399 270 270 1400 234 234 1401 270 270 1402 235 235 1403 235 235 1404 270 270 1405 271 271 1406 235 235 1407 271 271 1408 236 236 1409 236 236 1410 271 271 1411 272 272 1412 236 236 1413 272 272 1414 237 237 1415 237 237 1416 272 272 1417 273 273 1418 237 237 1419 273 273 1420 238 238 1421 238 238 1422 273 273 1423 274 274 1424 238 238 1425 274 274 1426 239 239 1427 239 239 1428 274 274 1429 275 275 1430 239 239 1431 275 275 1432 240 240 1433 240 240 1434 275 275 1435 276 276 1436 240 240 1437 276 276 1438 241 241 1439 241 241 1440 276 276 1441 277 277 1442 241 241 1443 277 277 1444 242 242 1445 242 242 1446 277 277 1447 278 278 1448 242 242 1449 278 278 1450 243 243 1451 243 243 1452 278 278 1453 279 279 1454 243 243 1455 279 279 1456 244 244 1457 244 244 1458 279 279 1459 280 280 1460 244 244 1461 280 280 1462 245 245 1463 245 245 1464 280 280 1465 281 281 1466 245 245 1467 281 281 1468 246 246 1469 246 246 1470 281 281 1471 282 282 1472 246 246 1473 282 282 1474 247 247 1475 247 247 1476 282 282 1477 283 283 1478 247 247 1479 283 283 1480 248 248 1481 248 248 1482 283 283 1483 284 284 1484 248 248 1485 284 284 1486 249 249 1487 249 249 1488 284 284 1489 285 285 1490 249 249 1491 285 285 1492 250 250 1493 250 250 1494 285 285 1495 286 286 1496 250 250 1497 286 286 1498 251 251 1499 251 251 1500 286 286 1501 287 287 1502 251 251 1503 287 287 1504 217 217 1505 217 217 1506 287 287 1507 253 253 1508 217 217 1509 253 253 1510 216 216 1511 252 252 1512 288 288 1513 254 254 1514 252 252 1515 289 289 1516 288 288 1517 254 254 1518 288 288 1519 290 290 1520 254 254 1521 290 290 1522 255 255 1523 255 255 1524 290 290 1525 291 291 1526 255 255 1527 291 291 1528 256 256 1529 256 256 1530 291 291 1531 292 292 1532 256 256 1533 292 292 1534 257 257 1535 257 257 1536 292 292 1537 293 293 1538 257 257 1539 293 293 1540 258 258 1541 258 258 1542 293 293 1543 294 294 1544 258 258 1545 294 294 1546 259 259 1547 259 259 1548 294 294 1549 295 295 1550 259 259 1551 295 295 1552 260 260 1553 260 260 1554 295 295 1555 296 296 1556 260 260 1557 296 296 1558 261 261 1559 261 261 1560 296 296 1561 297 297 1562 261 261 1563 297 297 1564 262 262 1565 262 262 1566 297 297 1567 298 298 1568 262 262 1569 298 298 1570 263 263 1571 263 263 1572 298 298 1573 299 299 1574 263 263 1575 299 299 1576 264 264 1577 264 264 1578 299 299 1579 300 300 1580 264 264 1581 300 300 1582 265 265 1583 265 265 1584 300 300 1585 301 301 1586 265 265 1587 301 301 1588 266 266 1589 266 266 1590 301 301 1591 302 302 1592 266 266 1593 302 302 1594 267 267 1595 267 267 1596 302 302 1597 303 303 1598 267 267 1599 303 303 1600 268 268 1601 268 268 1602 303 303 1603 304 304 1604 268 268 1605 304 304 1606 269 269 1607 269 269 1608 304 304 1609 305 305 1610 269 269 1611 305 305 1612 270 270 1613 270 270 1614 305 305 1615 306 306 1616 270 270 1617 306 306 1618 271 271 1619 271 271 1620 306 306 1621 307 307 1622 271 271 1623 307 307 1624 272 272 1625 272 272 1626 307 307 1627 308 308 1628 272 272 1629 308 308 1630 273 273 1631 273 273 1632 308 308 1633 309 309 1634 273 273 1635 309 309 1636 274 274 1637 274 274 1638 309 309 1639 310 310 1640 274 274 1641 310 310 1642 275 275 1643 275 275 1644 310 310 1645 311 311 1646 275 275 1647 311 311 1648 276 276 1649 276 276 1650 311 311 1651 312 312 1652 276 276 1653 312 312 1654 277 277 1655 277 277 1656 312 312 1657 313 313 1658 277 277 1659 313 313 1660 278 278 1661 278 278 1662 313 313 1663 314 314 1664 278 278 1665 314 314 1666 279 279 1667 279 279 1668 314 314 1669 315 315 1670 279 279 1671 315 315 1672 280 280 1673 280 280 1674 315 315 1675 316 316 1676 280 280 1677 316 316 1678 281 281 1679 281 281 1680 316 316 1681 317 317 1682 281 281 1683 317 317 1684 282 282 1685 282 282 1686 317 317 1687 318 318 1688 282 282 1689 318 318 1690 283 283 1691 283 283 1692 318 318 1693 319 319 1694 283 283 1695 319 319 1696 284 284 1697 284 284 1698 319 319 1699 320 320 1700 284 284 1701 320 320 1702 285 285 1703 285 285 1704 320 320 1705 321 321 1706 285 285 1707 321 321 1708 286 286 1709 286 286 1710 321 321 1711 322 322 1712 286 286 1713 322 322 1714 287 287 1715 287 287 1716 322 322 1717 323 323 1718 287 287 1719 323 323 1720 253 253 1721 253 253 1722 323 323 1723 289 289 1724 253 253 1725 289 289 1726 252 252 1727 288 288 1728 324 324 1729 290 290 1730 288 288 1731 325 325 1732 324 324 1733 290 290 1734 324 324 1735 326 326 1736 290 290 1737 326 326 1738 291 291 1739 291 291 1740 326 326 1741 327 327 1742 291 291 1743 327 327 1744 292 292 1745 292 292 1746 327 327 1747 328 328 1748 292 292 1749 328 328 1750 293 293 1751 293 293 1752 328 328 1753 329 329 1754 293 293 1755 329 329 1756 294 294 1757 294 294 1758 329 329 1759 330 330 1760 294 294 1761 330 330 1762 295 295 1763 295 295 1764 330 330 1765 331 331 1766 295 295 1767 331 331 1768 296 296 1769 296 296 1770 331 331 1771 332 332 1772 296 296 1773 332 332 1774 297 297 1775 297 297 1776 332 332 1777 333 333 1778 297 297 1779 333 333 1780 298 298 1781 298 298 1782 333 333 1783 334 334 1784 298 298 1785 334 334 1786 299 299 1787 299 299 1788 334 334 1789 335 335 1790 299 299 1791 335 335 1792 300 300 1793 300 300 1794 335 335 1795 336 336 1796 300 300 1797 336 336 1798 301 301 1799 301 301 1800 336 336 1801 337 337 1802 301 301 1803 337 337 1804 302 302 1805 302 302 1806 337 337 1807 338 338 1808 302 302 1809 338 338 1810 303 303 1811 303 303 1812 338 338 1813 339 339 1814 303 303 1815 339 339 1816 304 304 1817 304 304 1818 339 339 1819 340 340 1820 304 304 1821 340 340 1822 305 305 1823 305 305 1824 340 340 1825 341 341 1826 305 305 1827 341 341 1828 306 306 1829 306 306 1830 341 341 1831 342 342 1832 306 306 1833 342 342 1834 307 307 1835 307 307 1836 342 342 1837 343 343 1838 307 307 1839 343 343 1840 308 308 1841 308 308 1842 343 343 1843 344 344 1844 308 308 1845 344 344 1846 309 309 1847 309 309 1848 344 344 1849 345 345 1850 309 309 1851 345 345 1852 310 310 1853 310 310 1854 345 345 1855 346 346 1856 310 310 1857 346 346 1858 311 311 1859 311 311 1860 346 346 1861 347 347 1862 311 311 1863 347 347 1864 312 312 1865 312 312 1866 347 347 1867 348 348 1868 312 312 1869 348 348 1870 313 313 1871 313 313 1872 348 348 1873 349 349 1874 313 313 1875 349 349 1876 314 314 1877 314 314 1878 349 349 1879 350 350 1880 314 314 1881 350 350 1882 315 315 1883 315 315 1884 350 350 1885 351 351 1886 315 315 1887 351 351 1888 316 316 1889 316 316 1890 351 351 1891 352 352 1892 316 316 1893 352 352 1894 317 317 1895 317 317 1896 352 352 1897 353 353 1898 317 317 1899 353 353 1900 318 318 1901 318 318 1902 353 353 1903 354 354 1904 318 318 1905 354 354 1906 319 319 1907 319 319 1908 354 354 1909 355 355 1910 319 319 1911 355 355 1912 320 320 1913 320 320 1914 355 355 1915 356 356 1916 320 320 1917 356 356 1918 321 321 1919 321 321 1920 356 356 1921 357 357 1922 321 321 1923 357 357 1924 322 322 1925 322 322 1926 357 357 1927 358 358 1928 322 322 1929 358 358 1930 323 323 1931 323 323 1932 358 358 1933 359 359 1934 323 323 1935 359 359 1936 289 289 1937 289 289 1938 359 359 1939 325 325 1940 289 289 1941 325 325 1942 288 288 1943 324 324 1944 360 360 1945 326 326 1946 324 324 1947 361 361 1948 360 360 1949 326 326 1950 360 360 1951 362 362 1952 326 326 1953 362 362 1954 327 327 1955 327 327 1956 362 362 1957 363 363 1958 327 327 1959 363 363 1960 328 328 1961 328 328 1962 363 363 1963 364 364 1964 328 328 1965 364 364 1966 329 329 1967 329 329 1968 364 364 1969 365 365 1970 329 329 1971 365 365 1972 330 330 1973 330 330 1974 365 365 1975 366 366 1976 330 330 1977 366 366 1978 331 331 1979 331 331 1980 366 366 1981 367 367 1982 331 331 1983 367 367 1984 332 332 1985 332 332 1986 367 367 1987 368 368 1988 332 332 1989 368 368 1990 333 333 1991 333 333 1992 368 368 1993 369 369 1994 333 333 1995 369 369 1996 334 334 1997 334 334 1998 369 369 1999 370 370 2000 334 334 2001 370 370 2002 335 335 2003 335 335 2004 370 370 2005 371 371 2006 335 335 2007 371 371 2008 336 336 2009 336 336 2010 371 371 2011 372 372 2012 336 336 2013 372 372 2014 337 337 2015 337 337 2016 372 372 2017 373 373 2018 337 337 2019 373 373 2020 338 338 2021 338 338 2022 373 373 2023 374 374 2024 338 338 2025 374 374 2026 339 339 2027 339 339 2028 374 374 2029 375 375 2030 339 339 2031 375 375 2032 340 340 2033 340 340 2034 375 375 2035 376 376 2036 340 340 2037 376 376 2038 341 341 2039 341 341 2040 376 376 2041 377 377 2042 341 341 2043 377 377 2044 342 342 2045 342 342 2046 377 377 2047 378 378 2048 342 342 2049 378 378 2050 343 343 2051 343 343 2052 378 378 2053 379 379 2054 343 343 2055 379 379 2056 344 344 2057 344 344 2058 379 379 2059 380 380 2060 344 344 2061 380 380 2062 345 345 2063 345 345 2064 380 380 2065 381 381 2066 345 345 2067 381 381 2068 346 346 2069 346 346 2070 381 381 2071 382 382 2072 346 346 2073 382 382 2074 347 347 2075 347 347 2076 382 382 2077 383 383 2078 347 347 2079 383 383 2080 348 348 2081 348 348 2082 383 383 2083 384 384 2084 348 348 2085 384 384 2086 349 349 2087 349 349 2088 384 384 2089 385 385 2090 349 349 2091 385 385 2092 350 350 2093 350 350 2094 385 385 2095 386 386 2096 350 350 2097 386 386 2098 351 351 2099 351 351 2100 386 386 2101 387 387 2102 351 351 2103 387 387 2104 352 352 2105 352 352 2106 387 387 2107 388 388 2108 352 352 2109 388 388 2110 353 353 2111 353 353 2112 388 388 2113 389 389 2114 353 353 2115 389 389 2116 354 354 2117 354 354 2118 389 389 2119 390 390 2120 354 354 2121 390 390 2122 355 355 2123 355 355 2124 390 390 2125 391 391 2126 355 355 2127 391 391 2128 356 356 2129 356 356 2130 391 391 2131 392 392 2132 356 356 2133 392 392 2134 357 357 2135 357 357 2136 392 392 2137 393 393 2138 357 357 2139 393 393 2140 358 358 2141 358 358 2142 393 393 2143 394 394 2144 358 358 2145 394 394 2146 359 359 2147 359 359 2148 394 394 2149 395 395 2150 359 359 2151 395 395 2152 325 325 2153 325 325 2154 395 395 2155 361 361 2156 325 325 2157 361 361 2158 324 324 2159 360 360 2160 396 396 2161 362 362 2162 360 360 2163 397 397 2164 396 396 2165 362 362 2166 396 396 2167 398 398 2168 362 362 2169 398 398 2170 363 363 2171 363 363 2172 398 398 2173 399 399 2174 363 363 2175 399 399 2176 364 364 2177 364 364 2178 399 399 2179 400 400 2180 364 364 2181 400 400 2182 365 365 2183 365 365 2184 400 400 2185 401 401 2186 365 365 2187 401 401 2188 366 366 2189 366 366 2190 401 401 2191 402 402 2192 366 366 2193 402 402 2194 367 367 2195 367 367 2196 402 402 2197 403 403 2198 367 367 2199 403 403 2200 368 368 2201 368 368 2202 403 403 2203 404 404 2204 368 368 2205 404 404 2206 369 369 2207 369 369 2208 404 404 2209 405 405 2210 369 369 2211 405 405 2212 370 370 2213 370 370 2214 405 405 2215 406 406 2216 370 370 2217 406 406 2218 371 371 2219 371 371 2220 406 406 2221 407 407 2222 371 371 2223 407 407 2224 372 372 2225 372 372 2226 407 407 2227 408 408 2228 372 372 2229 408 408 2230 373 373 2231 373 373 2232 408 408 2233 409 409 2234 373 373 2235 409 409 2236 374 374 2237 374 374 2238 409 409 2239 410 410 2240 374 374 2241 410 410 2242 375 375 2243 375 375 2244 410 410 2245 411 411 2246 375 375 2247 411 411 2248 376 376 2249 376 376 2250 411 411 2251 412 412 2252 376 376 2253 412 412 2254 377 377 2255 377 377 2256 412 412 2257 413 413 2258 377 377 2259 413 413 2260 378 378 2261 378 378 2262 413 413 2263 414 414 2264 378 378 2265 414 414 2266 379 379 2267 379 379 2268 414 414 2269 415 415 2270 379 379 2271 415 415 2272 380 380 2273 380 380 2274 415 415 2275 416 416 2276 380 380 2277 416 416 2278 381 381 2279 381 381 2280 416 416 2281 417 417 2282 381 381 2283 417 417 2284 382 382 2285 382 382 2286 417 417 2287 418 418 2288 382 382 2289 418 418 2290 383 383 2291 383 383 2292 418 418 2293 419 419 2294 383 383 2295 419 419 2296 384 384 2297 384 384 2298 419 419 2299 420 420 2300 384 384 2301 420 420 2302 385 385 2303 385 385 2304 420 420 2305 421 421 2306 385 385 2307 421 421 2308 386 386 2309 386 386 2310 421 421 2311 422 422 2312 386 386 2313 422 422 2314 387 387 2315 387 387 2316 422 422 2317 423 423 2318 387 387 2319 423 423 2320 388 388 2321 388 388 2322 423 423 2323 424 424 2324 388 388 2325 424 424 2326 389 389 2327 389 389 2328 424 424 2329 425 425 2330 389 389 2331 425 425 2332 390 390 2333 390 390 2334 425 425 2335 426 426 2336 390 390 2337 426 426 2338 391 391 2339 391 391 2340 426 426 2341 427 427 2342 391 391 2343 427 427 2344 392 392 2345 392 392 2346 427 427 2347 428 428 2348 392 392 2349 428 428 2350 393 393 2351 393 393 2352 428 428 2353 429 429 2354 393 393 2355 429 429 2356 394 394 2357 394 394 2358 429 429 2359 430 430 2360 394 394 2361 430 430 2362 395 395 2363 395 395 2364 430 430 2365 431 431 2366 395 395 2367 431 431 2368 361 361 2369 361 361 2370 431 431 2371 397 397 2372 361 361 2373 397 397 2374 360 360 2375 396 396 2376 432 432 2377 398 398 2378 396 396 2379 433 433 2380 432 432 2381 398 398 2382 432 432 2383 434 434 2384 398 398 2385 434 434 2386 399 399 2387 399 399 2388 434 434 2389 435 435 2390 399 399 2391 435 435 2392 400 400 2393 400 400 2394 435 435 2395 436 436 2396 400 400 2397 436 436 2398 401 401 2399 401 401 2400 436 436 2401 437 437 2402 401 401 2403 437 437 2404 402 402 2405 402 402 2406 437 437 2407 438 438 2408 402 402 2409 438 438 2410 403 403 2411 403 403 2412 438 438 2413 439 439 2414 403 403 2415 439 439 2416 404 404 2417 404 404 2418 439 439 2419 440 440 2420 404 404 2421 440 440 2422 405 405 2423 405 405 2424 440 440 2425 441 441 2426 405 405 2427 441 441 2428 406 406 2429 406 406 2430 441 441 2431 442 442 2432 406 406 2433 442 442 2434 407 407 2435 407 407 2436 442 442 2437 443 443 2438 407 407 2439 443 443 2440 408 408 2441 408 408 2442 443 443 2443 444 444 2444 408 408 2445 444 444 2446 409 409 2447 409 409 2448 444 444 2449 445 445 2450 409 409 2451 445 445 2452 410 410 2453 410 410 2454 445 445 2455 446 446 2456 410 410 2457 446 446 2458 411 411 2459 411 411 2460 446 446 2461 447 447 2462 411 411 2463 447 447 2464 412 412 2465 412 412 2466 447 447 2467 448 448 2468 412 412 2469 448 448 2470 413 413 2471 413 413 2472 448 448 2473 449 449 2474 413 413 2475 449 449 2476 414 414 2477 414 414 2478 449 449 2479 450 450 2480 414 414 2481 450 450 2482 415 415 2483 415 415 2484 450 450 2485 451 451 2486 415 415 2487 451 451 2488 416 416 2489 416 416 2490 451 451 2491 452 452 2492 416 416 2493 452 452 2494 417 417 2495 417 417 2496 452 452 2497 453 453 2498 417 417 2499 453 453 2500 418 418 2501 418 418 2502 453 453 2503 454 454 2504 418 418 2505 454 454 2506 419 419 2507 419 419 2508 454 454 2509 455 455 2510 419 419 2511 455 455 2512 420 420 2513 420 420 2514 455 455 2515 456 456 2516 420 420 2517 456 456 2518 421 421 2519 421 421 2520 456 456 2521 457 457 2522 421 421 2523 457 457 2524 422 422 2525 422 422 2526 457 457 2527 458 458 2528 422 422 2529 458 458 2530 423 423 2531 423 423 2532 458 458 2533 459 459 2534 423 423 2535 459 459 2536 424 424 2537 424 424 2538 459 459 2539 460 460 2540 424 424 2541 460 460 2542 425 425 2543 425 425 2544 460 460 2545 461 461 2546 425 425 2547 461 461 2548 426 426 2549 426 426 2550 461 461 2551 462 462 2552 426 426 2553 462 462 2554 427 427 2555 427 427 2556 462 462 2557 463 463 2558 427 427 2559 463 463 2560 428 428 2561 428 428 2562 463 463 2563 464 464 2564 428 428 2565 464 464 2566 429 429 2567 429 429 2568 464 464 2569 465 465 2570 429 429 2571 465 465 2572 430 430 2573 430 430 2574 465 465 2575 466 466 2576 430 430 2577 466 466 2578 431 431 2579 431 431 2580 466 466 2581 467 467 2582 431 431 2583 467 467 2584 397 397 2585 397 397 2586 467 467 2587 433 433 2588 397 397 2589 433 433 2590 396 396 2591 432 432 2592 468 468 2593 434 434 2594 432 432 2595 469 469 2596 468 468 2597 434 434 2598 468 468 2599 470 470 2600 434 434 2601 470 470 2602 435 435 2603 435 435 2604 470 470 2605 471 471 2606 435 435 2607 471 471 2608 436 436 2609 436 436 2610 471 471 2611 472 472 2612 436 436 2613 472 472 2614 437 437 2615 437 437 2616 472 472 2617 473 473 2618 437 437 2619 473 473 2620 438 438 2621 438 438 2622 473 473 2623 474 474 2624 438 438 2625 474 474 2626 439 439 2627 439 439 2628 474 474 2629 475 475 2630 439 439 2631 475 475 2632 440 440 2633 440 440 2634 475 475 2635 476 476 2636 440 440 2637 476 476 2638 441 441 2639 441 441 2640 476 476 2641 477 477 2642 441 441 2643 477 477 2644 442 442 2645 442 442 2646 477 477 2647 478 478 2648 442 442 2649 478 478 2650 443 443 2651 443 443 2652 478 478 2653 479 479 2654 443 443 2655 479 479 2656 444 444 2657 444 444 2658 479 479 2659 480 480 2660 444 444 2661 480 480 2662 445 445 2663 445 445 2664 480 480 2665 481 481 2666 445 445 2667 481 481 2668 446 446 2669 446 446 2670 481 481 2671 482 482 2672 446 446 2673 482 482 2674 447 447 2675 447 447 2676 482 482 2677 483 483 2678 447 447 2679 483 483 2680 448 448 2681 448 448 2682 483 483 2683 484 484 2684 448 448 2685 484 484 2686 449 449 2687 449 449 2688 484 484 2689 485 485 2690 449 449 2691 485 485 2692 450 450 2693 450 450 2694 485 485 2695 486 486 2696 450 450 2697 486 486 2698 451 451 2699 451 451 2700 486 486 2701 487 487 2702 451 451 2703 487 487 2704 452 452 2705 452 452 2706 487 487 2707 488 488 2708 452 452 2709 488 488 2710 453 453 2711 453 453 2712 488 488 2713 489 489 2714 453 453 2715 489 489 2716 454 454 2717 454 454 2718 489 489 2719 490 490 2720 454 454 2721 490 490 2722 455 455 2723 455 455 2724 490 490 2725 491 491 2726 455 455 2727 491 491 2728 456 456 2729 456 456 2730 491 491 2731 492 492 2732 456 456 2733 492 492 2734 457 457 2735 457 457 2736 492 492 2737 493 493 2738 457 457 2739 493 493 2740 458 458 2741 458 458 2742 493 493 2743 494 494 2744 458 458 2745 494 494 2746 459 459 2747 459 459 2748 494 494 2749 495 495 2750 459 459 2751 495 495 2752 460 460 2753 460 460 2754 495 495 2755 496 496 2756 460 460 2757 496 496 2758 461 461 2759 461 461 2760 496 496 2761 497 497 2762 461 461 2763 497 497 2764 462 462 2765 462 462 2766 497 497 2767 498 498 2768 462 462 2769 498 498 2770 463 463 2771 463 463 2772 498 498 2773 499 499 2774 463 463 2775 499 499 2776 464 464 2777 464 464 2778 499 499 2779 500 500 2780 464 464 2781 500 500 2782 465 465 2783 465 465 2784 500 500 2785 501 501 2786 465 465 2787 501 501 2788 466 466 2789 466 466 2790 501 501 2791 502 502 2792 466 466 2793 502 502 2794 467 467 2795 467 467 2796 502 502 2797 503 503 2798 467 467 2799 503 503 2800 433 433 2801 433 433 2802 503 503 2803 469 469 2804 433 433 2805 469 469 2806 432 432 2807 468 468 2808 504 504 2809 470 470 2810 468 468 2811 505 505 2812 504 504 2813 470 470 2814 504 504 2815 506 506 2816 470 470 2817 506 506 2818 471 471 2819 471 471 2820 506 506 2821 507 507 2822 471 471 2823 507 507 2824 472 472 2825 472 472 2826 507 507 2827 508 508 2828 472 472 2829 508 508 2830 473 473 2831 473 473 2832 508 508 2833 509 509 2834 473 473 2835 509 509 2836 474 474 2837 474 474 2838 509 509 2839 510 510 2840 474 474 2841 510 510 2842 475 475 2843 475 475 2844 510 510 2845 511 511 2846 475 475 2847 511 511 2848 476 476 2849 476 476 2850 511 511 2851 512 512 2852 476 476 2853 512 512 2854 477 477 2855 477 477 2856 512 512 2857 513 513 2858 477 477 2859 513 513 2860 478 478 2861 478 478 2862 513 513 2863 514 514 2864 478 478 2865 514 514 2866 479 479 2867 479 479 2868 514 514 2869 515 515 2870 479 479 2871 515 515 2872 480 480 2873 480 480 2874 515 515 2875 516 516 2876 480 480 2877 516 516 2878 481 481 2879 481 481 2880 516 516 2881 517 517 2882 481 481 2883 517 517 2884 482 482 2885 482 482 2886 517 517 2887 518 518 2888 482 482 2889 518 518 2890 483 483 2891 483 483 2892 518 518 2893 519 519 2894 483 483 2895 519 519 2896 484 484 2897 484 484 2898 519 519 2899 520 520 2900 484 484 2901 520 520 2902 485 485 2903 485 485 2904 520 520 2905 521 521 2906 485 485 2907 521 521 2908 486 486 2909 486 486 2910 521 521 2911 522 522 2912 486 486 2913 522 522 2914 487 487 2915 487 487 2916 522 522 2917 523 523 2918 487 487 2919 523 523 2920 488 488 2921 488 488 2922 523 523 2923 524 524 2924 488 488 2925 524 524 2926 489 489 2927 489 489 2928 524 524 2929 525 525 2930 489 489 2931 525 525 2932 490 490 2933 490 490 2934 525 525 2935 526 526 2936 490 490 2937 526 526 2938 491 491 2939 491 491 2940 526 526 2941 527 527 2942 491 491 2943 527 527 2944 492 492 2945 492 492 2946 527 527 2947 528 528 2948 492 492 2949 528 528 2950 493 493 2951 493 493 2952 528 528 2953 529 529 2954 493 493 2955 529 529 2956 494 494 2957 494 494 2958 529 529 2959 530 530 2960 494 494 2961 530 530 2962 495 495 2963 495 495 2964 530 530 2965 531 531 2966 495 495 2967 531 531 2968 496 496 2969 496 496 2970 531 531 2971 532 532 2972 496 496 2973 532 532 2974 497 497 2975 497 497 2976 532 532 2977 533 533 2978 497 497 2979 533 533 2980 498 498 2981 498 498 2982 533 533 2983 534 534 2984 498 498 2985 534 534 2986 499 499 2987 499 499 2988 534 534 2989 535 535 2990 499 499 2991 535 535 2992 500 500 2993 500 500 2994 535 535 2995 536 536 2996 500 500 2997 536 536 2998 501 501 2999 501 501 3000 536 536 3001 537 537 3002 501 501 3003 537 537 3004 502 502 3005 502 502 3006 537 537 3007 538 538 3008 502 502 3009 538 538 3010 503 503 3011 503 503 3012 538 538 3013 539 539 3014 503 503 3015 539 539 3016 469 469 3017 469 469 3018 539 539 3019 505 505 3020 469 469 3021 505 505 3022 468 468 3023 504 504 3024 540 540 3025 506 506 3026 504 504 3027 541 541 3028 540 540 3029 506 506 3030 540 540 3031 542 542 3032 506 506 3033 542 542 3034 507 507 3035 507 507 3036 542 542 3037 543 543 3038 507 507 3039 543 543 3040 508 508 3041 508 508 3042 543 543 3043 544 544 3044 508 508 3045 544 544 3046 509 509 3047 509 509 3048 544 544 3049 545 545 3050 509 509 3051 545 545 3052 510 510 3053 510 510 3054 545 545 3055 546 546 3056 510 510 3057 546 546 3058 511 511 3059 511 511 3060 546 546 3061 547 547 3062 511 511 3063 547 547 3064 512 512 3065 512 512 3066 547 547 3067 548 548 3068 512 512 3069 548 548 3070 513 513 3071 513 513 3072 548 548 3073 549 549 3074 513 513 3075 549 549 3076 514 514 3077 514 514 3078 549 549 3079 550 550 3080 514 514 3081 550 550 3082 515 515 3083 515 515 3084 550 550 3085 551 551 3086 515 515 3087 551 551 3088 516 516 3089 516 516 3090 551 551 3091 552 552 3092 516 516 3093 552 552 3094 517 517 3095 517 517 3096 552 552 3097 553 553 3098 517 517 3099 553 553 3100 518 518 3101 518 518 3102 553 553 3103 554 554 3104 518 518 3105 554 554 3106 519 519 3107 519 519 3108 554 554 3109 555 555 3110 519 519 3111 555 555 3112 520 520 3113 520 520 3114 555 555 3115 556 556 3116 520 520 3117 556 556 3118 521 521 3119 521 521 3120 556 556 3121 557 557 3122 521 521 3123 557 557 3124 522 522 3125 522 522 3126 557 557 3127 558 558 3128 522 522 3129 558 558 3130 523 523 3131 523 523 3132 558 558 3133 559 559 3134 523 523 3135 559 559 3136 524 524 3137 524 524 3138 559 559 3139 560 560 3140 524 524 3141 560 560 3142 525 525 3143 525 525 3144 560 560 3145 561 561 3146 525 525 3147 561 561 3148 526 526 3149 526 526 3150 561 561 3151 562 562 3152 526 526 3153 562 562 3154 527 527 3155 527 527 3156 562 562 3157 563 563 3158 527 527 3159 563 563 3160 528 528 3161 528 528 3162 563 563 3163 564 564 3164 528 528 3165 564 564 3166 529 529 3167 529 529 3168 564 564 3169 565 565 3170 529 529 3171 565 565 3172 530 530 3173 530 530 3174 565 565 3175 566 566 3176 530 530 3177 566 566 3178 531 531 3179 531 531 3180 566 566 3181 567 567 3182 531 531 3183 567 567 3184 532 532 3185 532 532 3186 567 567 3187 568 568 3188 532 532 3189 568 568 3190 533 533 3191 533 533 3192 568 568 3193 569 569 3194 533 533 3195 569 569 3196 534 534 3197 534 534 3198 569 569 3199 570 570 3200 534 534 3201 570 570 3202 535 535 3203 535 535 3204 570 570 3205 571 571 3206 535 535 3207 571 571 3208 536 536 3209 536 536 3210 571 571 3211 572 572 3212 536 536 3213 572 572 3214 537 537 3215 537 537 3216 572 572 3217 573 573 3218 537 537 3219 573 573 3220 538 538 3221 538 538 3222 573 573 3223 574 574 3224 538 538 3225 574 574 3226 539 539 3227 539 539 3228 574 574 3229 575 575 3230 539 539 3231 575 575 3232 505 505 3233 505 505 3234 575 575 3235 541 541 3236 505 505 3237 541 541 3238 504 504 3239</p>
        </triangles>
      </mesh>
    </geometry>
  </library_geometries>
  <library_visual_scenes>
    <visual_scene id="Scene" name="Scene">
      <node id="Fruit" name="Fruit" type="NODE">
        <matrix sid="transform">1 0 0 0 0 1 0 0 0 0 1 0 0 0 0 1</matrix>
        <instance_geometry url="#fruit-mesh" name="Fruit" />
      </node>
    </visual_scene>
  </library_visual_scenes>
  <scene>
    <instance_visual_scene url="#Scene" />
  </scene>
</COLLADA>
