[0.062s] DEBUG:colcon:Command line arguments: ['/usr/bin/colcon', 'list', '--base-paths', 'Agricultural_Bot/ros2_ws/src', 'Agricultural_Bot/sim_ws/src']
[0.063s] DEBUG:colcon:Parsed command line arguments: Namespace(log_base=None, log_level=None, verb_name='list', build_base='build', ignore_user_meta=False, metas=['./colcon.meta'], base_paths=['Agricultural_Bot/ros2_ws/src', 'Agricultural_Bot/sim_ws/src'], packages_ignore=None, packages_ignore_regex=None, paths=None, packages_up_to=None, packages_up_to_regex=None, packages_above=None, packages_above_and_dependencies=None, packages_above_depth=None, packages_select_by_dep=None, packages_skip_by_dep=None, packages_skip_up_to=None, packages_select_build_failed=False, packages_skip_build_finished=False, packages_select_test_failures=False, packages_skip_test_passed=False, packages_select=None, packages_skip=None, packages_select_regex=None, packages_skip_regex=None, packages_start=None, packages_end=None, allow_overriding=[], topological_order=False, names_only=False, paths_only=False, topological_graph=False, topological_graph_dot=False, topological_graph_density=False, topological_graph_legend=False, topological_graph_dot_cluster=False, topological_graph_dot_include_skipped=False, mixin_files=None, mixin=None, verb_parser=<colcon_mixin.mixin.mixin_argument.MixinArgumentDecorator object at 0x7a783b162840>, verb_extension=<colcon_package_information.verb.list.ListVerb object at 0x7a783b161a00>, main=<bound method ListVerb.main of <colcon_package_information.verb.list.ListVerb object at 0x7a783b161a00>>, mixin_verb=('list',))
[0.087s] Level 1:colcon.colcon_core.package_discovery:discover_packages(colcon_meta) check parameters
[0.087s] Level 1:colcon.colcon_core.package_discovery:discover_packages(recursive) check parameters
[0.087s] Level 1:colcon.colcon_core.package_discovery:discover_packages(ignore) check parameters
[0.087s] Level 1:colcon.colcon_core.package_discovery:discover_packages(path) check parameters
[0.087s] Level 1:colcon.colcon_core.package_discovery:discover_packages(recursive) discover
[0.087s] INFO:colcon.colcon_core.package_discovery:Crawling recursively for packages in '/home/hgzq/Agricultural Bot/Agricultural_Bot/ros2_ws/src', '/home/hgzq/Agricultural Bot/Agricultural_Bot/sim_ws/src'
[0.087s] Level 1:colcon.colcon_core.package_identification:_identify(Agricultural_Bot/ros2_ws/src) by extensions ['ignore', 'ignore_ament_install']
[0.087s] Level 1:colcon.colcon_core.package_identification:_identify(Agricultural_Bot/ros2_ws/src) by extension 'ignore'
[0.087s] Level 1:colcon.colcon_core.package_identification:_identify(Agricultural_Bot/ros2_ws/src) by extension 'ignore_ament_install'
[0.087s] Level 1:colcon.colcon_core.package_identification:_identify(Agricultural_Bot/ros2_ws/src) by extensions ['colcon_pkg']
[0.087s] Level 1:colcon.colcon_core.package_identification:_identify(Agricultural_Bot/ros2_ws/src) by extension 'colcon_pkg'
[0.087s] Level 1:colcon.colcon_core.package_identification:_identify(Agricultural_Bot/ros2_ws/src) by extensions ['colcon_meta']
[0.087s] Level 1:colcon.colcon_core.package_identification:_identify(Agricultural_Bot/ros2_ws/src) by extension 'colcon_meta'
[0.087s] Level 1:colcon.colcon_core.package_identification:_identify(Agricultural_Bot/ros2_ws/src) by extensions ['ros']
[0.087s] Level 1:colcon.colcon_core.package_identification:_identify(Agricultural_Bot/ros2_ws/src) by extension 'ros'
[0.104s] Level 1:colcon.colcon_core.package_identification:_identify(Agricultural_Bot/ros2_ws/src) by extensions ['cmake', 'python']
[0.104s] Level 1:colcon.colcon_core.package_identification:_identify(Agricultural_Bot/ros2_ws/src) by extension 'cmake'
[0.104s] Level 1:colcon.colcon_core.package_identification:_identify(Agricultural_Bot/ros2_ws/src) by extension 'python'
[0.104s] Level 1:colcon.colcon_core.package_identification:_identify(Agricultural_Bot/ros2_ws/src) by extensions ['python_setup_py']
[0.104s] Level 1:colcon.colcon_core.package_identification:_identify(Agricultural_Bot/ros2_ws/src) by extension 'python_setup_py'
[0.104s] Level 1:colcon.colcon_core.package_identification:_identify(Agricultural_Bot/ros2_ws/src/agri_arm_adapter) by extensions ['ignore', 'ignore_ament_install']
[0.104s] Level 1:colcon.colcon_core.package_identification:_identify(Agricultural_Bot/ros2_ws/src/agri_arm_adapter) by extension 'ignore'
[0.104s] Level 1:colcon.colcon_core.package_identification:_identify(Agricultural_Bot/ros2_ws/src/agri_arm_adapter) by extension 'ignore_ament_install'
[0.104s] Level 1:colcon.colcon_core.package_identification:_identify(Agricultural_Bot/ros2_ws/src/agri_arm_adapter) by extensions ['colcon_pkg']
[0.104s] Level 1:colcon.colcon_core.package_identification:_identify(Agricultural_Bot/ros2_ws/src/agri_arm_adapter) by extension 'colcon_pkg'
[0.104s] Level 1:colcon.colcon_core.package_identification:_identify(Agricultural_Bot/ros2_ws/src/agri_arm_adapter) by extensions ['colcon_meta']
[0.104s] Level 1:colcon.colcon_core.package_identification:_identify(Agricultural_Bot/ros2_ws/src/agri_arm_adapter) by extension 'colcon_meta'
[0.104s] Level 1:colcon.colcon_core.package_identification:_identify(Agricultural_Bot/ros2_ws/src/agri_arm_adapter) by extensions ['ros']
[0.104s] Level 1:colcon.colcon_core.package_identification:_identify(Agricultural_Bot/ros2_ws/src/agri_arm_adapter) by extension 'ros'
[0.104s] Level 1:colcon.colcon_core.package_identification:_identify(Agricultural_Bot/ros2_ws/src/agri_arm_adapter) by extensions ['cmake', 'python']
[0.104s] Level 1:colcon.colcon_core.package_identification:_identify(Agricultural_Bot/ros2_ws/src/agri_arm_adapter) by extension 'cmake'
[0.104s] Level 1:colcon.colcon_core.package_identification:_identify(Agricultural_Bot/ros2_ws/src/agri_arm_adapter) by extension 'python'
[0.104s] Level 1:colcon.colcon_core.package_identification:_identify(Agricultural_Bot/ros2_ws/src/agri_arm_adapter) by extensions ['python_setup_py']
[0.105s] Level 1:colcon.colcon_core.package_identification:_identify(Agricultural_Bot/ros2_ws/src/agri_arm_adapter) by extension 'python_setup_py'
[0.105s] Level 1:colcon.colcon_core.package_identification:_identify(Agricultural_Bot/ros2_ws/src/agri_arm_adapter/agri_arm_adapter) by extensions ['ignore', 'ignore_ament_install']
[0.105s] Level 1:colcon.colcon_core.package_identification:_identify(Agricultural_Bot/ros2_ws/src/agri_arm_adapter/agri_arm_adapter) by extension 'ignore'
[0.105s] Level 1:colcon.colcon_core.package_identification:_identify(Agricultural_Bot/ros2_ws/src/agri_arm_adapter/agri_arm_adapter) by extension 'ignore_ament_install'
[0.105s] Level 1:colcon.colcon_core.package_identification:_identify(Agricultural_Bot/ros2_ws/src/agri_arm_adapter/agri_arm_adapter) by extensions ['colcon_pkg']
[0.105s] Level 1:colcon.colcon_core.package_identification:_identify(Agricultural_Bot/ros2_ws/src/agri_arm_adapter/agri_arm_adapter) by extension 'colcon_pkg'
[0.105s] Level 1:colcon.colcon_core.package_identification:_identify(Agricultural_Bot/ros2_ws/src/agri_arm_adapter/agri_arm_adapter) by extensions ['colcon_meta']
[0.105s] Level 1:colcon.colcon_core.package_identification:_identify(Agricultural_Bot/ros2_ws/src/agri_arm_adapter/agri_arm_adapter) by extension 'colcon_meta'
[0.105s] Level 1:colcon.colcon_core.package_identification:_identify(Agricultural_Bot/ros2_ws/src/agri_arm_adapter/agri_arm_adapter) by extensions ['ros']
[0.105s] Level 1:colcon.colcon_core.package_identification:_identify(Agricultural_Bot/ros2_ws/src/agri_arm_adapter/agri_arm_adapter) by extension 'ros'
[0.105s] Level 1:colcon.colcon_core.package_identification:_identify(Agricultural_Bot/ros2_ws/src/agri_arm_adapter/agri_arm_adapter) by extensions ['cmake', 'python']
[0.105s] Level 1:colcon.colcon_core.package_identification:_identify(Agricultural_Bot/ros2_ws/src/agri_arm_adapter/agri_arm_adapter) by extension 'cmake'
[0.105s] Level 1:colcon.colcon_core.package_identification:_identify(Agricultural_Bot/ros2_ws/src/agri_arm_adapter/agri_arm_adapter) by extension 'python'
[0.105s] Level 1:colcon.colcon_core.package_identification:_identify(Agricultural_Bot/ros2_ws/src/agri_arm_adapter/agri_arm_adapter) by extensions ['python_setup_py']
[0.105s] Level 1:colcon.colcon_core.package_identification:_identify(Agricultural_Bot/ros2_ws/src/agri_arm_adapter/agri_arm_adapter) by extension 'python_setup_py'
[0.105s] Level 1:colcon.colcon_core.package_identification:_identify(Agricultural_Bot/ros2_ws/src/agri_arm_adapter/config) by extensions ['ignore', 'ignore_ament_install']
[0.105s] Level 1:colcon.colcon_core.package_identification:_identify(Agricultural_Bot/ros2_ws/src/agri_arm_adapter/config) by extension 'ignore'
[0.105s] Level 1:colcon.colcon_core.package_identification:_identify(Agricultural_Bot/ros2_ws/src/agri_arm_adapter/config) by extension 'ignore_ament_install'
[0.105s] Level 1:colcon.colcon_core.package_identification:_identify(Agricultural_Bot/ros2_ws/src/agri_arm_adapter/config) by extensions ['colcon_pkg']
[0.105s] Level 1:colcon.colcon_core.package_identification:_identify(Agricultural_Bot/ros2_ws/src/agri_arm_adapter/config) by extension 'colcon_pkg'
[0.105s] Level 1:colcon.colcon_core.package_identification:_identify(Agricultural_Bot/ros2_ws/src/agri_arm_adapter/config) by extensions ['colcon_meta']
[0.105s] Level 1:colcon.colcon_core.package_identification:_identify(Agricultural_Bot/ros2_ws/src/agri_arm_adapter/config) by extension 'colcon_meta'
[0.105s] Level 1:colcon.colcon_core.package_identification:_identify(Agricultural_Bot/ros2_ws/src/agri_arm_adapter/config) by extensions ['ros']
[0.105s] Level 1:colcon.colcon_core.package_identification:_identify(Agricultural_Bot/ros2_ws/src/agri_arm_adapter/config) by extension 'ros'
[0.105s] Level 1:colcon.colcon_core.package_identification:_identify(Agricultural_Bot/ros2_ws/src/agri_arm_adapter/config) by extensions ['cmake', 'python']
[0.105s] Level 1:colcon.colcon_core.package_identification:_identify(Agricultural_Bot/ros2_ws/src/agri_arm_adapter/config) by extension 'cmake'
[0.105s] Level 1:colcon.colcon_core.package_identification:_identify(Agricultural_Bot/ros2_ws/src/agri_arm_adapter/config) by extension 'python'
[0.105s] Level 1:colcon.colcon_core.package_identification:_identify(Agricultural_Bot/ros2_ws/src/agri_arm_adapter/config) by extensions ['python_setup_py']
[0.105s] Level 1:colcon.colcon_core.package_identification:_identify(Agricultural_Bot/ros2_ws/src/agri_arm_adapter/config) by extension 'python_setup_py'
[0.105s] Level 1:colcon.colcon_core.package_identification:_identify(Agricultural_Bot/ros2_ws/src/agri_arm_adapter/launch) by extensions ['ignore', 'ignore_ament_install']
[0.105s] Level 1:colcon.colcon_core.package_identification:_identify(Agricultural_Bot/ros2_ws/src/agri_arm_adapter/launch) by extension 'ignore'
[0.106s] Level 1:colcon.colcon_core.package_identification:_identify(Agricultural_Bot/ros2_ws/src/agri_arm_adapter/launch) by extension 'ignore_ament_install'
[0.106s] Level 1:colcon.colcon_core.package_identification:_identify(Agricultural_Bot/ros2_ws/src/agri_arm_adapter/launch) by extensions ['colcon_pkg']
[0.106s] Level 1:colcon.colcon_core.package_identification:_identify(Agricultural_Bot/ros2_ws/src/agri_arm_adapter/launch) by extension 'colcon_pkg'
[0.106s] Level 1:colcon.colcon_core.package_identification:_identify(Agricultural_Bot/ros2_ws/src/agri_arm_adapter/launch) by extensions ['colcon_meta']
[0.106s] Level 1:colcon.colcon_core.package_identification:_identify(Agricultural_Bot/ros2_ws/src/agri_arm_adapter/launch) by extension 'colcon_meta'
[0.106s] Level 1:colcon.colcon_core.package_identification:_identify(Agricultural_Bot/ros2_ws/src/agri_arm_adapter/launch) by extensions ['ros']
[0.106s] Level 1:colcon.colcon_core.package_identification:_identify(Agricultural_Bot/ros2_ws/src/agri_arm_adapter/launch) by extension 'ros'
[0.106s] Level 1:colcon.colcon_core.package_identification:_identify(Agricultural_Bot/ros2_ws/src/agri_arm_adapter/launch) by extensions ['cmake', 'python']
[0.106s] Level 1:colcon.colcon_core.package_identification:_identify(Agricultural_Bot/ros2_ws/src/agri_arm_adapter/launch) by extension 'cmake'
[0.106s] Level 1:colcon.colcon_core.package_identification:_identify(Agricultural_Bot/ros2_ws/src/agri_arm_adapter/launch) by extension 'python'
[0.106s] Level 1:colcon.colcon_core.package_identification:_identify(Agricultural_Bot/ros2_ws/src/agri_arm_adapter/launch) by extensions ['python_setup_py']
[0.106s] Level 1:colcon.colcon_core.package_identification:_identify(Agricultural_Bot/ros2_ws/src/agri_arm_adapter/launch) by extension 'python_setup_py'
[0.106s] Level 1:colcon.colcon_core.package_identification:_identify(Agricultural_Bot/ros2_ws/src/agri_arm_adapter/test) by extensions ['ignore', 'ignore_ament_install']
[0.106s] Level 1:colcon.colcon_core.package_identification:_identify(Agricultural_Bot/ros2_ws/src/agri_arm_adapter/test) by extension 'ignore'
[0.106s] Level 1:colcon.colcon_core.package_identification:_identify(Agricultural_Bot/ros2_ws/src/agri_arm_adapter/test) by extension 'ignore_ament_install'
[0.106s] Level 1:colcon.colcon_core.package_identification:_identify(Agricultural_Bot/ros2_ws/src/agri_arm_adapter/test) by extensions ['colcon_pkg']
[0.106s] Level 1:colcon.colcon_core.package_identification:_identify(Agricultural_Bot/ros2_ws/src/agri_arm_adapter/test) by extension 'colcon_pkg'
[0.106s] Level 1:colcon.colcon_core.package_identification:_identify(Agricultural_Bot/ros2_ws/src/agri_arm_adapter/test) by extensions ['colcon_meta']
[0.106s] Level 1:colcon.colcon_core.package_identification:_identify(Agricultural_Bot/ros2_ws/src/agri_arm_adapter/test) by extension 'colcon_meta'
[0.106s] Level 1:colcon.colcon_core.package_identification:_identify(Agricultural_Bot/ros2_ws/src/agri_arm_adapter/test) by extensions ['ros']
[0.106s] Level 1:colcon.colcon_core.package_identification:_identify(Agricultural_Bot/ros2_ws/src/agri_arm_adapter/test) by extension 'ros'
[0.106s] Level 1:colcon.colcon_core.package_identification:_identify(Agricultural_Bot/ros2_ws/src/agri_arm_adapter/test) by extensions ['cmake', 'python']
[0.106s] Level 1:colcon.colcon_core.package_identification:_identify(Agricultural_Bot/ros2_ws/src/agri_arm_adapter/test) by extension 'cmake'
[0.106s] Level 1:colcon.colcon_core.package_identification:_identify(Agricultural_Bot/ros2_ws/src/agri_arm_adapter/test) by extension 'python'
[0.106s] Level 1:colcon.colcon_core.package_identification:_identify(Agricultural_Bot/ros2_ws/src/agri_arm_adapter/test) by extensions ['python_setup_py']
[0.106s] Level 1:colcon.colcon_core.package_identification:_identify(Agricultural_Bot/ros2_ws/src/agri_arm_adapter/test) by extension 'python_setup_py'
[0.106s] Level 1:colcon.colcon_core.package_identification:_identify(Agricultural_Bot/ros2_ws/src/agri_base_adapter) by extensions ['ignore', 'ignore_ament_install']
[0.106s] Level 1:colcon.colcon_core.package_identification:_identify(Agricultural_Bot/ros2_ws/src/agri_base_adapter) by extension 'ignore'
[0.106s] Level 1:colcon.colcon_core.package_identification:_identify(Agricultural_Bot/ros2_ws/src/agri_base_adapter) by extension 'ignore_ament_install'
[0.106s] Level 1:colcon.colcon_core.package_identification:_identify(Agricultural_Bot/ros2_ws/src/agri_base_adapter) by extensions ['colcon_pkg']
[0.106s] Level 1:colcon.colcon_core.package_identification:_identify(Agricultural_Bot/ros2_ws/src/agri_base_adapter) by extension 'colcon_pkg'
[0.106s] Level 1:colcon.colcon_core.package_identification:_identify(Agricultural_Bot/ros2_ws/src/agri_base_adapter) by extensions ['colcon_meta']
[0.106s] Level 1:colcon.colcon_core.package_identification:_identify(Agricultural_Bot/ros2_ws/src/agri_base_adapter) by extension 'colcon_meta'
[0.106s] Level 1:colcon.colcon_core.package_identification:_identify(Agricultural_Bot/ros2_ws/src/agri_base_adapter) by extensions ['ros']
[0.106s] Level 1:colcon.colcon_core.package_identification:_identify(Agricultural_Bot/ros2_ws/src/agri_base_adapter) by extension 'ros'
[0.107s] Level 1:colcon.colcon_core.package_identification:_identify(Agricultural_Bot/ros2_ws/src/agri_base_adapter) by extensions ['cmake', 'python']
[0.107s] Level 1:colcon.colcon_core.package_identification:_identify(Agricultural_Bot/ros2_ws/src/agri_base_adapter) by extension 'cmake'
[0.107s] Level 1:colcon.colcon_core.package_identification:_identify(Agricultural_Bot/ros2_ws/src/agri_base_adapter) by extension 'python'
[0.107s] Level 1:colcon.colcon_core.package_identification:_identify(Agricultural_Bot/ros2_ws/src/agri_base_adapter) by extensions ['python_setup_py']
[0.107s] Level 1:colcon.colcon_core.package_identification:_identify(Agricultural_Bot/ros2_ws/src/agri_base_adapter) by extension 'python_setup_py'
[0.107s] Level 1:colcon.colcon_core.package_identification:_identify(Agricultural_Bot/ros2_ws/src/agri_base_adapter/agri_base_adapter) by extensions ['ignore', 'ignore_ament_install']
[0.107s] Level 1:colcon.colcon_core.package_identification:_identify(Agricultural_Bot/ros2_ws/src/agri_base_adapter/agri_base_adapter) by extension 'ignore'
[0.107s] Level 1:colcon.colcon_core.package_identification:_identify(Agricultural_Bot/ros2_ws/src/agri_base_adapter/agri_base_adapter) by extension 'ignore_ament_install'
[0.107s] Level 1:colcon.colcon_core.package_identification:_identify(Agricultural_Bot/ros2_ws/src/agri_base_adapter/agri_base_adapter) by extensions ['colcon_pkg']
[0.107s] Level 1:colcon.colcon_core.package_identification:_identify(Agricultural_Bot/ros2_ws/src/agri_base_adapter/agri_base_adapter) by extension 'colcon_pkg'
[0.107s] Level 1:colcon.colcon_core.package_identification:_identify(Agricultural_Bot/ros2_ws/src/agri_base_adapter/agri_base_adapter) by extensions ['colcon_meta']
[0.107s] Level 1:colcon.colcon_core.package_identification:_identify(Agricultural_Bot/ros2_ws/src/agri_base_adapter/agri_base_adapter) by extension 'colcon_meta'
[0.107s] Level 1:colcon.colcon_core.package_identification:_identify(Agricultural_Bot/ros2_ws/src/agri_base_adapter/agri_base_adapter) by extensions ['ros']
[0.107s] Level 1:colcon.colcon_core.package_identification:_identify(Agricultural_Bot/ros2_ws/src/agri_base_adapter/agri_base_adapter) by extension 'ros'
[0.107s] Level 1:colcon.colcon_core.package_identification:_identify(Agricultural_Bot/ros2_ws/src/agri_base_adapter/agri_base_adapter) by extensions ['cmake', 'python']
[0.107s] Level 1:colcon.colcon_core.package_identification:_identify(Agricultural_Bot/ros2_ws/src/agri_base_adapter/agri_base_adapter) by extension 'cmake'
[0.107s] Level 1:colcon.colcon_core.package_identification:_identify(Agricultural_Bot/ros2_ws/src/agri_base_adapter/agri_base_adapter) by extension 'python'
[0.107s] Level 1:colcon.colcon_core.package_identification:_identify(Agricultural_Bot/ros2_ws/src/agri_base_adapter/agri_base_adapter) by extensions ['python_setup_py']
[0.107s] Level 1:colcon.colcon_core.package_identification:_identify(Agricultural_Bot/ros2_ws/src/agri_base_adapter/agri_base_adapter) by extension 'python_setup_py'
[0.107s] Level 1:colcon.colcon_core.package_identification:_identify(Agricultural_Bot/ros2_ws/src/agri_base_adapter/config) by extensions ['ignore', 'ignore_ament_install']
[0.107s] Level 1:colcon.colcon_core.package_identification:_identify(Agricultural_Bot/ros2_ws/src/agri_base_adapter/config) by extension 'ignore'
[0.107s] Level 1:colcon.colcon_core.package_identification:_identify(Agricultural_Bot/ros2_ws/src/agri_base_adapter/config) by extension 'ignore_ament_install'
[0.107s] Level 1:colcon.colcon_core.package_identification:_identify(Agricultural_Bot/ros2_ws/src/agri_base_adapter/config) by extensions ['colcon_pkg']
[0.107s] Level 1:colcon.colcon_core.package_identification:_identify(Agricultural_Bot/ros2_ws/src/agri_base_adapter/config) by extension 'colcon_pkg'
[0.107s] Level 1:colcon.colcon_core.package_identification:_identify(Agricultural_Bot/ros2_ws/src/agri_base_adapter/config) by extensions ['colcon_meta']
[0.107s] Level 1:colcon.colcon_core.package_identification:_identify(Agricultural_Bot/ros2_ws/src/agri_base_adapter/config) by extension 'colcon_meta'
[0.107s] Level 1:colcon.colcon_core.package_identification:_identify(Agricultural_Bot/ros2_ws/src/agri_base_adapter/config) by extensions ['ros']
[0.107s] Level 1:colcon.colcon_core.package_identification:_identify(Agricultural_Bot/ros2_ws/src/agri_base_adapter/config) by extension 'ros'
[0.107s] Level 1:colcon.colcon_core.package_identification:_identify(Agricultural_Bot/ros2_ws/src/agri_base_adapter/config) by extensions ['cmake', 'python']
[0.107s] Level 1:colcon.colcon_core.package_identification:_identify(Agricultural_Bot/ros2_ws/src/agri_base_adapter/config) by extension 'cmake'
[0.107s] Level 1:colcon.colcon_core.package_identification:_identify(Agricultural_Bot/ros2_ws/src/agri_base_adapter/config) by extension 'python'
[0.107s] Level 1:colcon.colcon_core.package_identification:_identify(Agricultural_Bot/ros2_ws/src/agri_base_adapter/config) by extensions ['python_setup_py']
[0.108s] Level 1:colcon.colcon_core.package_identification:_identify(Agricultural_Bot/ros2_ws/src/agri_base_adapter/config) by extension 'python_setup_py'
[0.108s] Level 1:colcon.colcon_core.package_identification:_identify(Agricultural_Bot/ros2_ws/src/agri_base_adapter/launch) by extensions ['ignore', 'ignore_ament_install']
[0.108s] Level 1:colcon.colcon_core.package_identification:_identify(Agricultural_Bot/ros2_ws/src/agri_base_adapter/launch) by extension 'ignore'
[0.108s] Level 1:colcon.colcon_core.package_identification:_identify(Agricultural_Bot/ros2_ws/src/agri_base_adapter/launch) by extension 'ignore_ament_install'
[0.108s] Level 1:colcon.colcon_core.package_identification:_identify(Agricultural_Bot/ros2_ws/src/agri_base_adapter/launch) by extensions ['colcon_pkg']
[0.108s] Level 1:colcon.colcon_core.package_identification:_identify(Agricultural_Bot/ros2_ws/src/agri_base_adapter/launch) by extension 'colcon_pkg'
[0.108s] Level 1:colcon.colcon_core.package_identification:_identify(Agricultural_Bot/ros2_ws/src/agri_base_adapter/launch) by extensions ['colcon_meta']
[0.108s] Level 1:colcon.colcon_core.package_identification:_identify(Agricultural_Bot/ros2_ws/src/agri_base_adapter/launch) by extension 'colcon_meta'
[0.108s] Level 1:colcon.colcon_core.package_identification:_identify(Agricultural_Bot/ros2_ws/src/agri_base_adapter/launch) by extensions ['ros']
[0.108s] Level 1:colcon.colcon_core.package_identification:_identify(Agricultural_Bot/ros2_ws/src/agri_base_adapter/launch) by extension 'ros'
[0.108s] Level 1:colcon.colcon_core.package_identification:_identify(Agricultural_Bot/ros2_ws/src/agri_base_adapter/launch) by extensions ['cmake', 'python']
[0.108s] Level 1:colcon.colcon_core.package_identification:_identify(Agricultural_Bot/ros2_ws/src/agri_base_adapter/launch) by extension 'cmake'
[0.108s] Level 1:colcon.colcon_core.package_identification:_identify(Agricultural_Bot/ros2_ws/src/agri_base_adapter/launch) by extension 'python'
[0.108s] Level 1:colcon.colcon_core.package_identification:_identify(Agricultural_Bot/ros2_ws/src/agri_base_adapter/launch) by extensions ['python_setup_py']
[0.108s] Level 1:colcon.colcon_core.package_identification:_identify(Agricultural_Bot/ros2_ws/src/agri_base_adapter/launch) by extension 'python_setup_py'
[0.108s] Level 1:colcon.colcon_core.package_identification:_identify(Agricultural_Bot/ros2_ws/src/agri_base_adapter/test) by extensions ['ignore', 'ignore_ament_install']
[0.108s] Level 1:colcon.colcon_core.package_identification:_identify(Agricultural_Bot/ros2_ws/src/agri_base_adapter/test) by extension 'ignore'
[0.108s] Level 1:colcon.colcon_core.package_identification:_identify(Agricultural_Bot/ros2_ws/src/agri_base_adapter/test) by extension 'ignore_ament_install'
[0.108s] Level 1:colcon.colcon_core.package_identification:_identify(Agricultural_Bot/ros2_ws/src/agri_base_adapter/test) by extensions ['colcon_pkg']
[0.108s] Level 1:colcon.colcon_core.package_identification:_identify(Agricultural_Bot/ros2_ws/src/agri_base_adapter/test) by extension 'colcon_pkg'
[0.108s] Level 1:colcon.colcon_core.package_identification:_identify(Agricultural_Bot/ros2_ws/src/agri_base_adapter/test) by extensions ['colcon_meta']
[0.108s] Level 1:colcon.colcon_core.package_identification:_identify(Agricultural_Bot/ros2_ws/src/agri_base_adapter/test) by extension 'colcon_meta'
[0.108s] Level 1:colcon.colcon_core.package_identification:_identify(Agricultural_Bot/ros2_ws/src/agri_base_adapter/test) by extensions ['ros']
[0.108s] Level 1:colcon.colcon_core.package_identification:_identify(Agricultural_Bot/ros2_ws/src/agri_base_adapter/test) by extension 'ros'
[0.108s] Level 1:colcon.colcon_core.package_identification:_identify(Agricultural_Bot/ros2_ws/src/agri_base_adapter/test) by extensions ['cmake', 'python']
[0.108s] Level 1:colcon.colcon_core.package_identification:_identify(Agricultural_Bot/ros2_ws/src/agri_base_adapter/test) by extension 'cmake'
[0.108s] Level 1:colcon.colcon_core.package_identification:_identify(Agricultural_Bot/ros2_ws/src/agri_base_adapter/test) by extension 'python'
[0.108s] Level 1:colcon.colcon_core.package_identification:_identify(Agricultural_Bot/ros2_ws/src/agri_base_adapter/test) by extensions ['python_setup_py']
[0.108s] Level 1:colcon.colcon_core.package_identification:_identify(Agricultural_Bot/ros2_ws/src/agri_base_adapter/test) by extension 'python_setup_py'
[0.108s] Level 1:colcon.colcon_core.package_identification:_identify(Agricultural_Bot/ros2_ws/src/agri_base_kinematics) by extensions ['ignore', 'ignore_ament_install']
[0.108s] Level 1:colcon.colcon_core.package_identification:_identify(Agricultural_Bot/ros2_ws/src/agri_base_kinematics) by extension 'ignore'
[0.109s] Level 1:colcon.colcon_core.package_identification:_identify(Agricultural_Bot/ros2_ws/src/agri_base_kinematics) by extension 'ignore_ament_install'
[0.109s] Level 1:colcon.colcon_core.package_identification:_identify(Agricultural_Bot/ros2_ws/src/agri_base_kinematics) by extensions ['colcon_pkg']
[0.109s] Level 1:colcon.colcon_core.package_identification:_identify(Agricultural_Bot/ros2_ws/src/agri_base_kinematics) by extension 'colcon_pkg'
[0.109s] Level 1:colcon.colcon_core.package_identification:_identify(Agricultural_Bot/ros2_ws/src/agri_base_kinematics) by extensions ['colcon_meta']
[0.109s] Level 1:colcon.colcon_core.package_identification:_identify(Agricultural_Bot/ros2_ws/src/agri_base_kinematics) by extension 'colcon_meta'
[0.109s] Level 1:colcon.colcon_core.package_identification:_identify(Agricultural_Bot/ros2_ws/src/agri_base_kinematics) by extensions ['ros']
[0.109s] Level 1:colcon.colcon_core.package_identification:_identify(Agricultural_Bot/ros2_ws/src/agri_base_kinematics) by extension 'ros'
[0.109s] Level 1:colcon.colcon_core.package_identification:_identify(Agricultural_Bot/ros2_ws/src/agri_base_kinematics) by extensions ['cmake', 'python']
[0.109s] Level 1:colcon.colcon_core.package_identification:_identify(Agricultural_Bot/ros2_ws/src/agri_base_kinematics) by extension 'cmake'
[0.109s] Level 1:colcon.colcon_core.package_identification:_identify(Agricultural_Bot/ros2_ws/src/agri_base_kinematics) by extension 'python'
[0.109s] Level 1:colcon.colcon_core.package_identification:_identify(Agricultural_Bot/ros2_ws/src/agri_base_kinematics) by extensions ['python_setup_py']
[0.109s] Level 1:colcon.colcon_core.package_identification:_identify(Agricultural_Bot/ros2_ws/src/agri_base_kinematics) by extension 'python_setup_py'
[0.109s] Level 1:colcon.colcon_core.package_identification:_identify(Agricultural_Bot/ros2_ws/src/agri_base_kinematics/agri_base_kinematics) by extensions ['ignore', 'ignore_ament_install']
[0.109s] Level 1:colcon.colcon_core.package_identification:_identify(Agricultural_Bot/ros2_ws/src/agri_base_kinematics/agri_base_kinematics) by extension 'ignore'
[0.109s] Level 1:colcon.colcon_core.package_identification:_identify(Agricultural_Bot/ros2_ws/src/agri_base_kinematics/agri_base_kinematics) by extension 'ignore_ament_install'
[0.109s] Level 1:colcon.colcon_core.package_identification:_identify(Agricultural_Bot/ros2_ws/src/agri_base_kinematics/agri_base_kinematics) by extensions ['colcon_pkg']
[0.109s] Level 1:colcon.colcon_core.package_identification:_identify(Agricultural_Bot/ros2_ws/src/agri_base_kinematics/agri_base_kinematics) by extension 'colcon_pkg'
[0.109s] Level 1:colcon.colcon_core.package_identification:_identify(Agricultural_Bot/ros2_ws/src/agri_base_kinematics/agri_base_kinematics) by extensions ['colcon_meta']
[0.109s] Level 1:colcon.colcon_core.package_identification:_identify(Agricultural_Bot/ros2_ws/src/agri_base_kinematics/agri_base_kinematics) by extension 'colcon_meta'
[0.109s] Level 1:colcon.colcon_core.package_identification:_identify(Agricultural_Bot/ros2_ws/src/agri_base_kinematics/agri_base_kinematics) by extensions ['ros']
[0.109s] Level 1:colcon.colcon_core.package_identification:_identify(Agricultural_Bot/ros2_ws/src/agri_base_kinematics/agri_base_kinematics) by extension 'ros'
[0.109s] Level 1:colcon.colcon_core.package_identification:_identify(Agricultural_Bot/ros2_ws/src/agri_base_kinematics/agri_base_kinematics) by extensions ['cmake', 'python']
[0.109s] Level 1:colcon.colcon_core.package_identification:_identify(Agricultural_Bot/ros2_ws/src/agri_base_kinematics/agri_base_kinematics) by extension 'cmake'
[0.109s] Level 1:colcon.colcon_core.package_identification:_identify(Agricultural_Bot/ros2_ws/src/agri_base_kinematics/agri_base_kinematics) by extension 'python'
[0.109s] Level 1:colcon.colcon_core.package_identification:_identify(Agricultural_Bot/ros2_ws/src/agri_base_kinematics/agri_base_kinematics) by extensions ['python_setup_py']
[0.109s] Level 1:colcon.colcon_core.package_identification:_identify(Agricultural_Bot/ros2_ws/src/agri_base_kinematics/agri_base_kinematics) by extension 'python_setup_py'
[0.109s] Level 1:colcon.colcon_core.package_identification:_identify(Agricultural_Bot/ros2_ws/src/agri_base_kinematics/config) by extensions ['ignore', 'ignore_ament_install']
[0.109s] Level 1:colcon.colcon_core.package_identification:_identify(Agricultural_Bot/ros2_ws/src/agri_base_kinematics/config) by extension 'ignore'
[0.109s] Level 1:colcon.colcon_core.package_identification:_identify(Agricultural_Bot/ros2_ws/src/agri_base_kinematics/config) by extension 'ignore_ament_install'
[0.109s] Level 1:colcon.colcon_core.package_identification:_identify(Agricultural_Bot/ros2_ws/src/agri_base_kinematics/config) by extensions ['colcon_pkg']
[0.109s] Level 1:colcon.colcon_core.package_identification:_identify(Agricultural_Bot/ros2_ws/src/agri_base_kinematics/config) by extension 'colcon_pkg'
[0.109s] Level 1:colcon.colcon_core.package_identification:_identify(Agricultural_Bot/ros2_ws/src/agri_base_kinematics/config) by extensions ['colcon_meta']
[0.109s] Level 1:colcon.colcon_core.package_identification:_identify(Agricultural_Bot/ros2_ws/src/agri_base_kinematics/config) by extension 'colcon_meta'
[0.109s] Level 1:colcon.colcon_core.package_identification:_identify(Agricultural_Bot/ros2_ws/src/agri_base_kinematics/config) by extensions ['ros']
[0.109s] Level 1:colcon.colcon_core.package_identification:_identify(Agricultural_Bot/ros2_ws/src/agri_base_kinematics/config) by extension 'ros'
[0.110s] Level 1:colcon.colcon_core.package_identification:_identify(Agricultural_Bot/ros2_ws/src/agri_base_kinematics/config) by extensions ['cmake', 'python']
[0.110s] Level 1:colcon.colcon_core.package_identification:_identify(Agricultural_Bot/ros2_ws/src/agri_base_kinematics/config) by extension 'cmake'
[0.110s] Level 1:colcon.colcon_core.package_identification:_identify(Agricultural_Bot/ros2_ws/src/agri_base_kinematics/config) by extension 'python'
[0.110s] Level 1:colcon.colcon_core.package_identification:_identify(Agricultural_Bot/ros2_ws/src/agri_base_kinematics/config) by extensions ['python_setup_py']
[0.110s] Level 1:colcon.colcon_core.package_identification:_identify(Agricultural_Bot/ros2_ws/src/agri_base_kinematics/config) by extension 'python_setup_py'
[0.110s] Level 1:colcon.colcon_core.package_identification:_identify(Agricultural_Bot/ros2_ws/src/agri_base_kinematics/launch) by extensions ['ignore', 'ignore_ament_install']
[0.110s] Level 1:colcon.colcon_core.package_identification:_identify(Agricultural_Bot/ros2_ws/src/agri_base_kinematics/launch) by extension 'ignore'
[0.110s] Level 1:colcon.colcon_core.package_identification:_identify(Agricultural_Bot/ros2_ws/src/agri_base_kinematics/launch) by extension 'ignore_ament_install'
[0.110s] Level 1:colcon.colcon_core.package_identification:_identify(Agricultural_Bot/ros2_ws/src/agri_base_kinematics/launch) by extensions ['colcon_pkg']
[0.110s] Level 1:colcon.colcon_core.package_identification:_identify(Agricultural_Bot/ros2_ws/src/agri_base_kinematics/launch) by extension 'colcon_pkg'
[0.110s] Level 1:colcon.colcon_core.package_identification:_identify(Agricultural_Bot/ros2_ws/src/agri_base_kinematics/launch) by extensions ['colcon_meta']
[0.110s] Level 1:colcon.colcon_core.package_identification:_identify(Agricultural_Bot/ros2_ws/src/agri_base_kinematics/launch) by extension 'colcon_meta'
[0.110s] Level 1:colcon.colcon_core.package_identification:_identify(Agricultural_Bot/ros2_ws/src/agri_base_kinematics/launch) by extensions ['ros']
[0.110s] Level 1:colcon.colcon_core.package_identification:_identify(Agricultural_Bot/ros2_ws/src/agri_base_kinematics/launch) by extension 'ros'
[0.110s] Level 1:colcon.colcon_core.package_identification:_identify(Agricultural_Bot/ros2_ws/src/agri_base_kinematics/launch) by extensions ['cmake', 'python']
[0.110s] Level 1:colcon.colcon_core.package_identification:_identify(Agricultural_Bot/ros2_ws/src/agri_base_kinematics/launch) by extension 'cmake'
[0.110s] Level 1:colcon.colcon_core.package_identification:_identify(Agricultural_Bot/ros2_ws/src/agri_base_kinematics/launch) by extension 'python'
[0.110s] Level 1:colcon.colcon_core.package_identification:_identify(Agricultural_Bot/ros2_ws/src/agri_base_kinematics/launch) by extensions ['python_setup_py']
[0.110s] Level 1:colcon.colcon_core.package_identification:_identify(Agricultural_Bot/ros2_ws/src/agri_base_kinematics/launch) by extension 'python_setup_py'
[0.110s] Level 1:colcon.colcon_core.package_identification:_identify(Agricultural_Bot/ros2_ws/src/agri_base_kinematics/test) by extensions ['ignore', 'ignore_ament_install']
[0.110s] Level 1:colcon.colcon_core.package_identification:_identify(Agricultural_Bot/ros2_ws/src/agri_base_kinematics/test) by extension 'ignore'
[0.110s] Level 1:colcon.colcon_core.package_identification:_identify(Agricultural_Bot/ros2_ws/src/agri_base_kinematics/test) by extension 'ignore_ament_install'
[0.110s] Level 1:colcon.colcon_core.package_identification:_identify(Agricultural_Bot/ros2_ws/src/agri_base_kinematics/test) by extensions ['colcon_pkg']
[0.110s] Level 1:colcon.colcon_core.package_identification:_identify(Agricultural_Bot/ros2_ws/src/agri_base_kinematics/test) by extension 'colcon_pkg'
[0.110s] Level 1:colcon.colcon_core.package_identification:_identify(Agricultural_Bot/ros2_ws/src/agri_base_kinematics/test) by extensions ['colcon_meta']
[0.110s] Level 1:colcon.colcon_core.package_identification:_identify(Agricultural_Bot/ros2_ws/src/agri_base_kinematics/test) by extension 'colcon_meta'
[0.110s] Level 1:colcon.colcon_core.package_identification:_identify(Agricultural_Bot/ros2_ws/src/agri_base_kinematics/test) by extensions ['ros']
[0.110s] Level 1:colcon.colcon_core.package_identification:_identify(Agricultural_Bot/ros2_ws/src/agri_base_kinematics/test) by extension 'ros'
[0.110s] Level 1:colcon.colcon_core.package_identification:_identify(Agricultural_Bot/ros2_ws/src/agri_base_kinematics/test) by extensions ['cmake', 'python']
[0.110s] Level 1:colcon.colcon_core.package_identification:_identify(Agricultural_Bot/ros2_ws/src/agri_base_kinematics/test) by extension 'cmake'
[0.110s] Level 1:colcon.colcon_core.package_identification:_identify(Agricultural_Bot/ros2_ws/src/agri_base_kinematics/test) by extension 'python'
[0.110s] Level 1:colcon.colcon_core.package_identification:_identify(Agricultural_Bot/ros2_ws/src/agri_base_kinematics/test) by extensions ['python_setup_py']
[0.110s] Level 1:colcon.colcon_core.package_identification:_identify(Agricultural_Bot/ros2_ws/src/agri_base_kinematics/test) by extension 'python_setup_py'
[0.110s] Level 1:colcon.colcon_core.package_identification:_identify(Agricultural_Bot/ros2_ws/src/agri_bringup) by extensions ['ignore', 'ignore_ament_install']
[0.111s] Level 1:colcon.colcon_core.package_identification:_identify(Agricultural_Bot/ros2_ws/src/agri_bringup) by extension 'ignore'
[0.111s] Level 1:colcon.colcon_core.package_identification:_identify(Agricultural_Bot/ros2_ws/src/agri_bringup) by extension 'ignore_ament_install'
[0.111s] Level 1:colcon.colcon_core.package_identification:_identify(Agricultural_Bot/ros2_ws/src/agri_bringup) by extensions ['colcon_pkg']
[0.111s] Level 1:colcon.colcon_core.package_identification:_identify(Agricultural_Bot/ros2_ws/src/agri_bringup) by extension 'colcon_pkg'
[0.111s] Level 1:colcon.colcon_core.package_identification:_identify(Agricultural_Bot/ros2_ws/src/agri_bringup) by extensions ['colcon_meta']
[0.111s] Level 1:colcon.colcon_core.package_identification:_identify(Agricultural_Bot/ros2_ws/src/agri_bringup) by extension 'colcon_meta'
[0.111s] Level 1:colcon.colcon_core.package_identification:_identify(Agricultural_Bot/ros2_ws/src/agri_bringup) by extensions ['ros']
[0.111s] Level 1:colcon.colcon_core.package_identification:_identify(Agricultural_Bot/ros2_ws/src/agri_bringup) by extension 'ros'
[0.111s] Level 1:colcon.colcon_core.package_identification:_identify(Agricultural_Bot/ros2_ws/src/agri_bringup) by extensions ['cmake', 'python']
[0.111s] Level 1:colcon.colcon_core.package_identification:_identify(Agricultural_Bot/ros2_ws/src/agri_bringup) by extension 'cmake'
[0.111s] Level 1:colcon.colcon_core.package_identification:_identify(Agricultural_Bot/ros2_ws/src/agri_bringup) by extension 'python'
[0.111s] Level 1:colcon.colcon_core.package_identification:_identify(Agricultural_Bot/ros2_ws/src/agri_bringup) by extensions ['python_setup_py']
[0.111s] Level 1:colcon.colcon_core.package_identification:_identify(Agricultural_Bot/ros2_ws/src/agri_bringup) by extension 'python_setup_py'
[0.111s] Level 1:colcon.colcon_core.package_identification:_identify(Agricultural_Bot/ros2_ws/src/agri_bringup/config) by extensions ['ignore', 'ignore_ament_install']
[0.111s] Level 1:colcon.colcon_core.package_identification:_identify(Agricultural_Bot/ros2_ws/src/agri_bringup/config) by extension 'ignore'
[0.111s] Level 1:colcon.colcon_core.package_identification:_identify(Agricultural_Bot/ros2_ws/src/agri_bringup/config) by extension 'ignore_ament_install'
[0.111s] Level 1:colcon.colcon_core.package_identification:_identify(Agricultural_Bot/ros2_ws/src/agri_bringup/config) by extensions ['colcon_pkg']
[0.111s] Level 1:colcon.colcon_core.package_identification:_identify(Agricultural_Bot/ros2_ws/src/agri_bringup/config) by extension 'colcon_pkg'
[0.111s] Level 1:colcon.colcon_core.package_identification:_identify(Agricultural_Bot/ros2_ws/src/agri_bringup/config) by extensions ['colcon_meta']
[0.111s] Level 1:colcon.colcon_core.package_identification:_identify(Agricultural_Bot/ros2_ws/src/agri_bringup/config) by extension 'colcon_meta'
[0.111s] Level 1:colcon.colcon_core.package_identification:_identify(Agricultural_Bot/ros2_ws/src/agri_bringup/config) by extensions ['ros']
[0.111s] Level 1:colcon.colcon_core.package_identification:_identify(Agricultural_Bot/ros2_ws/src/agri_bringup/config) by extension 'ros'
[0.111s] Level 1:colcon.colcon_core.package_identification:_identify(Agricultural_Bot/ros2_ws/src/agri_bringup/config) by extensions ['cmake', 'python']
[0.111s] Level 1:colcon.colcon_core.package_identification:_identify(Agricultural_Bot/ros2_ws/src/agri_bringup/config) by extension 'cmake'
[0.111s] Level 1:colcon.colcon_core.package_identification:_identify(Agricultural_Bot/ros2_ws/src/agri_bringup/config) by extension 'python'
[0.111s] Level 1:colcon.colcon_core.package_identification:_identify(Agricultural_Bot/ros2_ws/src/agri_bringup/config) by extensions ['python_setup_py']
[0.111s] Level 1:colcon.colcon_core.package_identification:_identify(Agricultural_Bot/ros2_ws/src/agri_bringup/config) by extension 'python_setup_py'
[0.111s] Level 1:colcon.colcon_core.package_identification:_identify(Agricultural_Bot/ros2_ws/src/agri_bringup/launch) by extensions ['ignore', 'ignore_ament_install']
[0.111s] Level 1:colcon.colcon_core.package_identification:_identify(Agricultural_Bot/ros2_ws/src/agri_bringup/launch) by extension 'ignore'
[0.111s] Level 1:colcon.colcon_core.package_identification:_identify(Agricultural_Bot/ros2_ws/src/agri_bringup/launch) by extension 'ignore_ament_install'
[0.111s] Level 1:colcon.colcon_core.package_identification:_identify(Agricultural_Bot/ros2_ws/src/agri_bringup/launch) by extensions ['colcon_pkg']
[0.111s] Level 1:colcon.colcon_core.package_identification:_identify(Agricultural_Bot/ros2_ws/src/agri_bringup/launch) by extension 'colcon_pkg'
[0.111s] Level 1:colcon.colcon_core.package_identification:_identify(Agricultural_Bot/ros2_ws/src/agri_bringup/launch) by extensions ['colcon_meta']
[0.111s] Level 1:colcon.colcon_core.package_identification:_identify(Agricultural_Bot/ros2_ws/src/agri_bringup/launch) by extension 'colcon_meta'
[0.111s] Level 1:colcon.colcon_core.package_identification:_identify(Agricultural_Bot/ros2_ws/src/agri_bringup/launch) by extensions ['ros']
[0.112s] Level 1:colcon.colcon_core.package_identification:_identify(Agricultural_Bot/ros2_ws/src/agri_bringup/launch) by extension 'ros'
[0.112s] Level 1:colcon.colcon_core.package_identification:_identify(Agricultural_Bot/ros2_ws/src/agri_bringup/launch) by extensions ['cmake', 'python']
[0.112s] Level 1:colcon.colcon_core.package_identification:_identify(Agricultural_Bot/ros2_ws/src/agri_bringup/launch) by extension 'cmake'
[0.112s] Level 1:colcon.colcon_core.package_identification:_identify(Agricultural_Bot/ros2_ws/src/agri_bringup/launch) by extension 'python'
[0.112s] Level 1:colcon.colcon_core.package_identification:_identify(Agricultural_Bot/ros2_ws/src/agri_bringup/launch) by extensions ['python_setup_py']
[0.112s] Level 1:colcon.colcon_core.package_identification:_identify(Agricultural_Bot/ros2_ws/src/agri_bringup/launch) by extension 'python_setup_py'
[0.112s] Level 1:colcon.colcon_core.package_identification:_identify(Agricultural_Bot/ros2_ws/src/agri_bringup/test) by extensions ['ignore', 'ignore_ament_install']
[0.112s] Level 1:colcon.colcon_core.package_identification:_identify(Agricultural_Bot/ros2_ws/src/agri_bringup/test) by extension 'ignore'
[0.112s] Level 1:colcon.colcon_core.package_identification:_identify(Agricultural_Bot/ros2_ws/src/agri_bringup/test) by extension 'ignore_ament_install'
[0.112s] Level 1:colcon.colcon_core.package_identification:_identify(Agricultural_Bot/ros2_ws/src/agri_bringup/test) by extensions ['colcon_pkg']
[0.112s] Level 1:colcon.colcon_core.package_identification:_identify(Agricultural_Bot/ros2_ws/src/agri_bringup/test) by extension 'colcon_pkg'
[0.112s] Level 1:colcon.colcon_core.package_identification:_identify(Agricultural_Bot/ros2_ws/src/agri_bringup/test) by extensions ['colcon_meta']
[0.112s] Level 1:colcon.colcon_core.package_identification:_identify(Agricultural_Bot/ros2_ws/src/agri_bringup/test) by extension 'colcon_meta'
[0.112s] Level 1:colcon.colcon_core.package_identification:_identify(Agricultural_Bot/ros2_ws/src/agri_bringup/test) by extensions ['ros']
[0.112s] Level 1:colcon.colcon_core.package_identification:_identify(Agricultural_Bot/ros2_ws/src/agri_bringup/test) by extension 'ros'
[0.112s] Level 1:colcon.colcon_core.package_identification:_identify(Agricultural_Bot/ros2_ws/src/agri_bringup/test) by extensions ['cmake', 'python']
[0.112s] Level 1:colcon.colcon_core.package_identification:_identify(Agricultural_Bot/ros2_ws/src/agri_bringup/test) by extension 'cmake'
[0.112s] Level 1:colcon.colcon_core.package_identification:_identify(Agricultural_Bot/ros2_ws/src/agri_bringup/test) by extension 'python'
[0.112s] Level 1:colcon.colcon_core.package_identification:_identify(Agricultural_Bot/ros2_ws/src/agri_bringup/test) by extensions ['python_setup_py']
[0.112s] Level 1:colcon.colcon_core.package_identification:_identify(Agricultural_Bot/ros2_ws/src/agri_bringup/test) by extension 'python_setup_py'
[0.112s] Level 1:colcon.colcon_core.package_identification:_identify(Agricultural_Bot/ros2_ws/src/agri_camera_adapter) by extensions ['ignore', 'ignore_ament_install']
[0.112s] Level 1:colcon.colcon_core.package_identification:_identify(Agricultural_Bot/ros2_ws/src/agri_camera_adapter) by extension 'ignore'
[0.112s] Level 1:colcon.colcon_core.package_identification:_identify(Agricultural_Bot/ros2_ws/src/agri_camera_adapter) by extension 'ignore_ament_install'
[0.112s] Level 1:colcon.colcon_core.package_identification:_identify(Agricultural_Bot/ros2_ws/src/agri_camera_adapter) by extensions ['colcon_pkg']
[0.112s] Level 1:colcon.colcon_core.package_identification:_identify(Agricultural_Bot/ros2_ws/src/agri_camera_adapter) by extension 'colcon_pkg'
[0.112s] Level 1:colcon.colcon_core.package_identification:_identify(Agricultural_Bot/ros2_ws/src/agri_camera_adapter) by extensions ['colcon_meta']
[0.112s] Level 1:colcon.colcon_core.package_identification:_identify(Agricultural_Bot/ros2_ws/src/agri_camera_adapter) by extension 'colcon_meta'
[0.112s] Level 1:colcon.colcon_core.package_identification:_identify(Agricultural_Bot/ros2_ws/src/agri_camera_adapter) by extensions ['ros']
[0.112s] Level 1:colcon.colcon_core.package_identification:_identify(Agricultural_Bot/ros2_ws/src/agri_camera_adapter) by extension 'ros'
[0.112s] Level 1:colcon.colcon_core.package_identification:_identify(Agricultural_Bot/ros2_ws/src/agri_camera_adapter) by extensions ['cmake', 'python']
[0.112s] Level 1:colcon.colcon_core.package_identification:_identify(Agricultural_Bot/ros2_ws/src/agri_camera_adapter) by extension 'cmake'
[0.112s] Level 1:colcon.colcon_core.package_identification:_identify(Agricultural_Bot/ros2_ws/src/agri_camera_adapter) by extension 'python'
[0.112s] Level 1:colcon.colcon_core.package_identification:_identify(Agricultural_Bot/ros2_ws/src/agri_camera_adapter) by extensions ['python_setup_py']
[0.112s] Level 1:colcon.colcon_core.package_identification:_identify(Agricultural_Bot/ros2_ws/src/agri_camera_adapter) by extension 'python_setup_py'
[0.112s] Level 1:colcon.colcon_core.package_identification:_identify(Agricultural_Bot/ros2_ws/src/agri_camera_adapter/agri_camera_adapter) by extensions ['ignore', 'ignore_ament_install']
[0.113s] Level 1:colcon.colcon_core.package_identification:_identify(Agricultural_Bot/ros2_ws/src/agri_camera_adapter/agri_camera_adapter) by extension 'ignore'
[0.113s] Level 1:colcon.colcon_core.package_identification:_identify(Agricultural_Bot/ros2_ws/src/agri_camera_adapter/agri_camera_adapter) by extension 'ignore_ament_install'
[0.113s] Level 1:colcon.colcon_core.package_identification:_identify(Agricultural_Bot/ros2_ws/src/agri_camera_adapter/agri_camera_adapter) by extensions ['colcon_pkg']
[0.113s] Level 1:colcon.colcon_core.package_identification:_identify(Agricultural_Bot/ros2_ws/src/agri_camera_adapter/agri_camera_adapter) by extension 'colcon_pkg'
[0.113s] Level 1:colcon.colcon_core.package_identification:_identify(Agricultural_Bot/ros2_ws/src/agri_camera_adapter/agri_camera_adapter) by extensions ['colcon_meta']
[0.113s] Level 1:colcon.colcon_core.package_identification:_identify(Agricultural_Bot/ros2_ws/src/agri_camera_adapter/agri_camera_adapter) by extension 'colcon_meta'
[0.113s] Level 1:colcon.colcon_core.package_identification:_identify(Agricultural_Bot/ros2_ws/src/agri_camera_adapter/agri_camera_adapter) by extensions ['ros']
[0.113s] Level 1:colcon.colcon_core.package_identification:_identify(Agricultural_Bot/ros2_ws/src/agri_camera_adapter/agri_camera_adapter) by extension 'ros'
[0.113s] Level 1:colcon.colcon_core.package_identification:_identify(Agricultural_Bot/ros2_ws/src/agri_camera_adapter/agri_camera_adapter) by extensions ['cmake', 'python']
[0.113s] Level 1:colcon.colcon_core.package_identification:_identify(Agricultural_Bot/ros2_ws/src/agri_camera_adapter/agri_camera_adapter) by extension 'cmake'
[0.113s] Level 1:colcon.colcon_core.package_identification:_identify(Agricultural_Bot/ros2_ws/src/agri_camera_adapter/agri_camera_adapter) by extension 'python'
[0.113s] Level 1:colcon.colcon_core.package_identification:_identify(Agricultural_Bot/ros2_ws/src/agri_camera_adapter/agri_camera_adapter) by extensions ['python_setup_py']
[0.113s] Level 1:colcon.colcon_core.package_identification:_identify(Agricultural_Bot/ros2_ws/src/agri_camera_adapter/agri_camera_adapter) by extension 'python_setup_py'
[0.113s] Level 1:colcon.colcon_core.package_identification:_identify(Agricultural_Bot/ros2_ws/src/agri_camera_adapter/config) by extensions ['ignore', 'ignore_ament_install']
[0.113s] Level 1:colcon.colcon_core.package_identification:_identify(Agricultural_Bot/ros2_ws/src/agri_camera_adapter/config) by extension 'ignore'
[0.113s] Level 1:colcon.colcon_core.package_identification:_identify(Agricultural_Bot/ros2_ws/src/agri_camera_adapter/config) by extension 'ignore_ament_install'
[0.113s] Level 1:colcon.colcon_core.package_identification:_identify(Agricultural_Bot/ros2_ws/src/agri_camera_adapter/config) by extensions ['colcon_pkg']
[0.113s] Level 1:colcon.colcon_core.package_identification:_identify(Agricultural_Bot/ros2_ws/src/agri_camera_adapter/config) by extension 'colcon_pkg'
[0.113s] Level 1:colcon.colcon_core.package_identification:_identify(Agricultural_Bot/ros2_ws/src/agri_camera_adapter/config) by extensions ['colcon_meta']
[0.113s] Level 1:colcon.colcon_core.package_identification:_identify(Agricultural_Bot/ros2_ws/src/agri_camera_adapter/config) by extension 'colcon_meta'
[0.113s] Level 1:colcon.colcon_core.package_identification:_identify(Agricultural_Bot/ros2_ws/src/agri_camera_adapter/config) by extensions ['ros']
[0.113s] Level 1:colcon.colcon_core.package_identification:_identify(Agricultural_Bot/ros2_ws/src/agri_camera_adapter/config) by extension 'ros'
[0.113s] Level 1:colcon.colcon_core.package_identification:_identify(Agricultural_Bot/ros2_ws/src/agri_camera_adapter/config) by extensions ['cmake', 'python']
[0.113s] Level 1:colcon.colcon_core.package_identification:_identify(Agricultural_Bot/ros2_ws/src/agri_camera_adapter/config) by extension 'cmake'
[0.113s] Level 1:colcon.colcon_core.package_identification:_identify(Agricultural_Bot/ros2_ws/src/agri_camera_adapter/config) by extension 'python'
[0.113s] Level 1:colcon.colcon_core.package_identification:_identify(Agricultural_Bot/ros2_ws/src/agri_camera_adapter/config) by extensions ['python_setup_py']
[0.113s] Level 1:colcon.colcon_core.package_identification:_identify(Agricultural_Bot/ros2_ws/src/agri_camera_adapter/config) by extension 'python_setup_py'
[0.113s] Level 1:colcon.colcon_core.package_identification:_identify(Agricultural_Bot/ros2_ws/src/agri_camera_adapter/launch) by extensions ['ignore', 'ignore_ament_install']
[0.113s] Level 1:colcon.colcon_core.package_identification:_identify(Agricultural_Bot/ros2_ws/src/agri_camera_adapter/launch) by extension 'ignore'
[0.113s] Level 1:colcon.colcon_core.package_identification:_identify(Agricultural_Bot/ros2_ws/src/agri_camera_adapter/launch) by extension 'ignore_ament_install'
[0.113s] Level 1:colcon.colcon_core.package_identification:_identify(Agricultural_Bot/ros2_ws/src/agri_camera_adapter/launch) by extensions ['colcon_pkg']
[0.113s] Level 1:colcon.colcon_core.package_identification:_identify(Agricultural_Bot/ros2_ws/src/agri_camera_adapter/launch) by extension 'colcon_pkg'
[0.113s] Level 1:colcon.colcon_core.package_identification:_identify(Agricultural_Bot/ros2_ws/src/agri_camera_adapter/launch) by extensions ['colcon_meta']
[0.113s] Level 1:colcon.colcon_core.package_identification:_identify(Agricultural_Bot/ros2_ws/src/agri_camera_adapter/launch) by extension 'colcon_meta'
[0.113s] Level 1:colcon.colcon_core.package_identification:_identify(Agricultural_Bot/ros2_ws/src/agri_camera_adapter/launch) by extensions ['ros']
[0.114s] Level 1:colcon.colcon_core.package_identification:_identify(Agricultural_Bot/ros2_ws/src/agri_camera_adapter/launch) by extension 'ros'
[0.114s] Level 1:colcon.colcon_core.package_identification:_identify(Agricultural_Bot/ros2_ws/src/agri_camera_adapter/launch) by extensions ['cmake', 'python']
[0.114s] Level 1:colcon.colcon_core.package_identification:_identify(Agricultural_Bot/ros2_ws/src/agri_camera_adapter/launch) by extension 'cmake'
[0.114s] Level 1:colcon.colcon_core.package_identification:_identify(Agricultural_Bot/ros2_ws/src/agri_camera_adapter/launch) by extension 'python'
[0.114s] Level 1:colcon.colcon_core.package_identification:_identify(Agricultural_Bot/ros2_ws/src/agri_camera_adapter/launch) by extensions ['python_setup_py']
[0.114s] Level 1:colcon.colcon_core.package_identification:_identify(Agricultural_Bot/ros2_ws/src/agri_camera_adapter/launch) by extension 'python_setup_py'
[0.114s] Level 1:colcon.colcon_core.package_identification:_identify(Agricultural_Bot/ros2_ws/src/agri_camera_adapter/test) by extensions ['ignore', 'ignore_ament_install']
[0.114s] Level 1:colcon.colcon_core.package_identification:_identify(Agricultural_Bot/ros2_ws/src/agri_camera_adapter/test) by extension 'ignore'
[0.114s] Level 1:colcon.colcon_core.package_identification:_identify(Agricultural_Bot/ros2_ws/src/agri_camera_adapter/test) by extension 'ignore_ament_install'
[0.114s] Level 1:colcon.colcon_core.package_identification:_identify(Agricultural_Bot/ros2_ws/src/agri_camera_adapter/test) by extensions ['colcon_pkg']
[0.114s] Level 1:colcon.colcon_core.package_identification:_identify(Agricultural_Bot/ros2_ws/src/agri_camera_adapter/test) by extension 'colcon_pkg'
[0.114s] Level 1:colcon.colcon_core.package_identification:_identify(Agricultural_Bot/ros2_ws/src/agri_camera_adapter/test) by extensions ['colcon_meta']
[0.114s] Level 1:colcon.colcon_core.package_identification:_identify(Agricultural_Bot/ros2_ws/src/agri_camera_adapter/test) by extension 'colcon_meta'
[0.114s] Level 1:colcon.colcon_core.package_identification:_identify(Agricultural_Bot/ros2_ws/src/agri_camera_adapter/test) by extensions ['ros']
[0.114s] Level 1:colcon.colcon_core.package_identification:_identify(Agricultural_Bot/ros2_ws/src/agri_camera_adapter/test) by extension 'ros'
[0.114s] Level 1:colcon.colcon_core.package_identification:_identify(Agricultural_Bot/ros2_ws/src/agri_camera_adapter/test) by extensions ['cmake', 'python']
[0.114s] Level 1:colcon.colcon_core.package_identification:_identify(Agricultural_Bot/ros2_ws/src/agri_camera_adapter/test) by extension 'cmake'
[0.114s] Level 1:colcon.colcon_core.package_identification:_identify(Agricultural_Bot/ros2_ws/src/agri_camera_adapter/test) by extension 'python'
[0.114s] Level 1:colcon.colcon_core.package_identification:_identify(Agricultural_Bot/ros2_ws/src/agri_camera_adapter/test) by extensions ['python_setup_py']
[0.114s] Level 1:colcon.colcon_core.package_identification:_identify(Agricultural_Bot/ros2_ws/src/agri_camera_adapter/test) by extension 'python_setup_py'
[0.114s] Level 1:colcon.colcon_core.package_identification:_identify(Agricultural_Bot/ros2_ws/src/agri_gripper_adapter) by extensions ['ignore', 'ignore_ament_install']
[0.114s] Level 1:colcon.colcon_core.package_identification:_identify(Agricultural_Bot/ros2_ws/src/agri_gripper_adapter) by extension 'ignore'
[0.114s] Level 1:colcon.colcon_core.package_identification:_identify(Agricultural_Bot/ros2_ws/src/agri_gripper_adapter) by extension 'ignore_ament_install'
[0.114s] Level 1:colcon.colcon_core.package_identification:_identify(Agricultural_Bot/ros2_ws/src/agri_gripper_adapter) by extensions ['colcon_pkg']
[0.114s] Level 1:colcon.colcon_core.package_identification:_identify(Agricultural_Bot/ros2_ws/src/agri_gripper_adapter) by extension 'colcon_pkg'
[0.114s] Level 1:colcon.colcon_core.package_identification:_identify(Agricultural_Bot/ros2_ws/src/agri_gripper_adapter) by extensions ['colcon_meta']
[0.114s] Level 1:colcon.colcon_core.package_identification:_identify(Agricultural_Bot/ros2_ws/src/agri_gripper_adapter) by extension 'colcon_meta'
[0.114s] Level 1:colcon.colcon_core.package_identification:_identify(Agricultural_Bot/ros2_ws/src/agri_gripper_adapter) by extensions ['ros']
[0.114s] Level 1:colcon.colcon_core.package_identification:_identify(Agricultural_Bot/ros2_ws/src/agri_gripper_adapter) by extension 'ros'
[0.114s] Level 1:colcon.colcon_core.package_identification:_identify(Agricultural_Bot/ros2_ws/src/agri_gripper_adapter) by extensions ['cmake', 'python']
[0.114s] Level 1:colcon.colcon_core.package_identification:_identify(Agricultural_Bot/ros2_ws/src/agri_gripper_adapter) by extension 'cmake'
[0.114s] Level 1:colcon.colcon_core.package_identification:_identify(Agricultural_Bot/ros2_ws/src/agri_gripper_adapter) by extension 'python'
[0.114s] Level 1:colcon.colcon_core.package_identification:_identify(Agricultural_Bot/ros2_ws/src/agri_gripper_adapter) by extensions ['python_setup_py']
[0.114s] Level 1:colcon.colcon_core.package_identification:_identify(Agricultural_Bot/ros2_ws/src/agri_gripper_adapter) by extension 'python_setup_py'
[0.114s] Level 1:colcon.colcon_core.package_identification:_identify(Agricultural_Bot/ros2_ws/src/agri_gripper_adapter/agri_gripper_adapter) by extensions ['ignore', 'ignore_ament_install']
[0.115s] Level 1:colcon.colcon_core.package_identification:_identify(Agricultural_Bot/ros2_ws/src/agri_gripper_adapter/agri_gripper_adapter) by extension 'ignore'
[0.115s] Level 1:colcon.colcon_core.package_identification:_identify(Agricultural_Bot/ros2_ws/src/agri_gripper_adapter/agri_gripper_adapter) by extension 'ignore_ament_install'
[0.115s] Level 1:colcon.colcon_core.package_identification:_identify(Agricultural_Bot/ros2_ws/src/agri_gripper_adapter/agri_gripper_adapter) by extensions ['colcon_pkg']
[0.115s] Level 1:colcon.colcon_core.package_identification:_identify(Agricultural_Bot/ros2_ws/src/agri_gripper_adapter/agri_gripper_adapter) by extension 'colcon_pkg'
[0.115s] Level 1:colcon.colcon_core.package_identification:_identify(Agricultural_Bot/ros2_ws/src/agri_gripper_adapter/agri_gripper_adapter) by extensions ['colcon_meta']
[0.115s] Level 1:colcon.colcon_core.package_identification:_identify(Agricultural_Bot/ros2_ws/src/agri_gripper_adapter/agri_gripper_adapter) by extension 'colcon_meta'
[0.115s] Level 1:colcon.colcon_core.package_identification:_identify(Agricultural_Bot/ros2_ws/src/agri_gripper_adapter/agri_gripper_adapter) by extensions ['ros']
[0.115s] Level 1:colcon.colcon_core.package_identification:_identify(Agricultural_Bot/ros2_ws/src/agri_gripper_adapter/agri_gripper_adapter) by extension 'ros'
[0.115s] Level 1:colcon.colcon_core.package_identification:_identify(Agricultural_Bot/ros2_ws/src/agri_gripper_adapter/agri_gripper_adapter) by extensions ['cmake', 'python']
[0.115s] Level 1:colcon.colcon_core.package_identification:_identify(Agricultural_Bot/ros2_ws/src/agri_gripper_adapter/agri_gripper_adapter) by extension 'cmake'
[0.115s] Level 1:colcon.colcon_core.package_identification:_identify(Agricultural_Bot/ros2_ws/src/agri_gripper_adapter/agri_gripper_adapter) by extension 'python'
[0.115s] Level 1:colcon.colcon_core.package_identification:_identify(Agricultural_Bot/ros2_ws/src/agri_gripper_adapter/agri_gripper_adapter) by extensions ['python_setup_py']
[0.115s] Level 1:colcon.colcon_core.package_identification:_identify(Agricultural_Bot/ros2_ws/src/agri_gripper_adapter/agri_gripper_adapter) by extension 'python_setup_py'
[0.115s] Level 1:colcon.colcon_core.package_identification:_identify(Agricultural_Bot/ros2_ws/src/agri_gripper_adapter/config) by extensions ['ignore', 'ignore_ament_install']
[0.115s] Level 1:colcon.colcon_core.package_identification:_identify(Agricultural_Bot/ros2_ws/src/agri_gripper_adapter/config) by extension 'ignore'
[0.115s] Level 1:colcon.colcon_core.package_identification:_identify(Agricultural_Bot/ros2_ws/src/agri_gripper_adapter/config) by extension 'ignore_ament_install'
[0.115s] Level 1:colcon.colcon_core.package_identification:_identify(Agricultural_Bot/ros2_ws/src/agri_gripper_adapter/config) by extensions ['colcon_pkg']
[0.115s] Level 1:colcon.colcon_core.package_identification:_identify(Agricultural_Bot/ros2_ws/src/agri_gripper_adapter/config) by extension 'colcon_pkg'
[0.115s] Level 1:colcon.colcon_core.package_identification:_identify(Agricultural_Bot/ros2_ws/src/agri_gripper_adapter/config) by extensions ['colcon_meta']
[0.115s] Level 1:colcon.colcon_core.package_identification:_identify(Agricultural_Bot/ros2_ws/src/agri_gripper_adapter/config) by extension 'colcon_meta'
[0.115s] Level 1:colcon.colcon_core.package_identification:_identify(Agricultural_Bot/ros2_ws/src/agri_gripper_adapter/config) by extensions ['ros']
[0.115s] Level 1:colcon.colcon_core.package_identification:_identify(Agricultural_Bot/ros2_ws/src/agri_gripper_adapter/config) by extension 'ros'
[0.115s] Level 1:colcon.colcon_core.package_identification:_identify(Agricultural_Bot/ros2_ws/src/agri_gripper_adapter/config) by extensions ['cmake', 'python']
[0.115s] Level 1:colcon.colcon_core.package_identification:_identify(Agricultural_Bot/ros2_ws/src/agri_gripper_adapter/config) by extension 'cmake'
[0.115s] Level 1:colcon.colcon_core.package_identification:_identify(Agricultural_Bot/ros2_ws/src/agri_gripper_adapter/config) by extension 'python'
[0.115s] Level 1:colcon.colcon_core.package_identification:_identify(Agricultural_Bot/ros2_ws/src/agri_gripper_adapter/config) by extensions ['python_setup_py']
[0.115s] Level 1:colcon.colcon_core.package_identification:_identify(Agricultural_Bot/ros2_ws/src/agri_gripper_adapter/config) by extension 'python_setup_py'
[0.115s] Level 1:colcon.colcon_core.package_identification:_identify(Agricultural_Bot/ros2_ws/src/agri_gripper_adapter/launch) by extensions ['ignore', 'ignore_ament_install']
[0.115s] Level 1:colcon.colcon_core.package_identification:_identify(Agricultural_Bot/ros2_ws/src/agri_gripper_adapter/launch) by extension 'ignore'
[0.115s] Level 1:colcon.colcon_core.package_identification:_identify(Agricultural_Bot/ros2_ws/src/agri_gripper_adapter/launch) by extension 'ignore_ament_install'
[0.115s] Level 1:colcon.colcon_core.package_identification:_identify(Agricultural_Bot/ros2_ws/src/agri_gripper_adapter/launch) by extensions ['colcon_pkg']
[0.115s] Level 1:colcon.colcon_core.package_identification:_identify(Agricultural_Bot/ros2_ws/src/agri_gripper_adapter/launch) by extension 'colcon_pkg'
[0.115s] Level 1:colcon.colcon_core.package_identification:_identify(Agricultural_Bot/ros2_ws/src/agri_gripper_adapter/launch) by extensions ['colcon_meta']
[0.115s] Level 1:colcon.colcon_core.package_identification:_identify(Agricultural_Bot/ros2_ws/src/agri_gripper_adapter/launch) by extension 'colcon_meta'
[0.115s] Level 1:colcon.colcon_core.package_identification:_identify(Agricultural_Bot/ros2_ws/src/agri_gripper_adapter/launch) by extensions ['ros']
[0.115s] Level 1:colcon.colcon_core.package_identification:_identify(Agricultural_Bot/ros2_ws/src/agri_gripper_adapter/launch) by extension 'ros'
[0.116s] Level 1:colcon.colcon_core.package_identification:_identify(Agricultural_Bot/ros2_ws/src/agri_gripper_adapter/launch) by extensions ['cmake', 'python']
[0.116s] Level 1:colcon.colcon_core.package_identification:_identify(Agricultural_Bot/ros2_ws/src/agri_gripper_adapter/launch) by extension 'cmake'
[0.116s] Level 1:colcon.colcon_core.package_identification:_identify(Agricultural_Bot/ros2_ws/src/agri_gripper_adapter/launch) by extension 'python'
[0.116s] Level 1:colcon.colcon_core.package_identification:_identify(Agricultural_Bot/ros2_ws/src/agri_gripper_adapter/launch) by extensions ['python_setup_py']
[0.116s] Level 1:colcon.colcon_core.package_identification:_identify(Agricultural_Bot/ros2_ws/src/agri_gripper_adapter/launch) by extension 'python_setup_py'
[0.116s] Level 1:colcon.colcon_core.package_identification:_identify(Agricultural_Bot/ros2_ws/src/agri_gripper_adapter/test) by extensions ['ignore', 'ignore_ament_install']
[0.116s] Level 1:colcon.colcon_core.package_identification:_identify(Agricultural_Bot/ros2_ws/src/agri_gripper_adapter/test) by extension 'ignore'
[0.116s] Level 1:colcon.colcon_core.package_identification:_identify(Agricultural_Bot/ros2_ws/src/agri_gripper_adapter/test) by extension 'ignore_ament_install'
[0.116s] Level 1:colcon.colcon_core.package_identification:_identify(Agricultural_Bot/ros2_ws/src/agri_gripper_adapter/test) by extensions ['colcon_pkg']
[0.116s] Level 1:colcon.colcon_core.package_identification:_identify(Agricultural_Bot/ros2_ws/src/agri_gripper_adapter/test) by extension 'colcon_pkg'
[0.116s] Level 1:colcon.colcon_core.package_identification:_identify(Agricultural_Bot/ros2_ws/src/agri_gripper_adapter/test) by extensions ['colcon_meta']
[0.116s] Level 1:colcon.colcon_core.package_identification:_identify(Agricultural_Bot/ros2_ws/src/agri_gripper_adapter/test) by extension 'colcon_meta'
[0.116s] Level 1:colcon.colcon_core.package_identification:_identify(Agricultural_Bot/ros2_ws/src/agri_gripper_adapter/test) by extensions ['ros']
[0.116s] Level 1:colcon.colcon_core.package_identification:_identify(Agricultural_Bot/ros2_ws/src/agri_gripper_adapter/test) by extension 'ros'
[0.116s] Level 1:colcon.colcon_core.package_identification:_identify(Agricultural_Bot/ros2_ws/src/agri_gripper_adapter/test) by extensions ['cmake', 'python']
[0.116s] Level 1:colcon.colcon_core.package_identification:_identify(Agricultural_Bot/ros2_ws/src/agri_gripper_adapter/test) by extension 'cmake'
[0.116s] Level 1:colcon.colcon_core.package_identification:_identify(Agricultural_Bot/ros2_ws/src/agri_gripper_adapter/test) by extension 'python'
[0.116s] Level 1:colcon.colcon_core.package_identification:_identify(Agricultural_Bot/ros2_ws/src/agri_gripper_adapter/test) by extensions ['python_setup_py']
[0.116s] Level 1:colcon.colcon_core.package_identification:_identify(Agricultural_Bot/ros2_ws/src/agri_gripper_adapter/test) by extension 'python_setup_py'
[0.116s] Level 1:colcon.colcon_core.package_identification:_identify(Agricultural_Bot/ros2_ws/src/agri_interfaces) by extensions ['ignore', 'ignore_ament_install']
[0.116s] Level 1:colcon.colcon_core.package_identification:_identify(Agricultural_Bot/ros2_ws/src/agri_interfaces) by extension 'ignore'
[0.116s] Level 1:colcon.colcon_core.package_identification:_identify(Agricultural_Bot/ros2_ws/src/agri_interfaces) by extension 'ignore_ament_install'
[0.116s] Level 1:colcon.colcon_core.package_identification:_identify(Agricultural_Bot/ros2_ws/src/agri_interfaces) by extensions ['colcon_pkg']
[0.116s] Level 1:colcon.colcon_core.package_identification:_identify(Agricultural_Bot/ros2_ws/src/agri_interfaces) by extension 'colcon_pkg'
[0.116s] Level 1:colcon.colcon_core.package_identification:_identify(Agricultural_Bot/ros2_ws/src/agri_interfaces) by extensions ['colcon_meta']
[0.116s] Level 1:colcon.colcon_core.package_identification:_identify(Agricultural_Bot/ros2_ws/src/agri_interfaces) by extension 'colcon_meta'
[0.116s] Level 1:colcon.colcon_core.package_identification:_identify(Agricultural_Bot/ros2_ws/src/agri_interfaces) by extensions ['ros']
[0.116s] Level 1:colcon.colcon_core.package_identification:_identify(Agricultural_Bot/ros2_ws/src/agri_interfaces) by extension 'ros'
[0.116s] Level 1:colcon.colcon_core.package_identification:_identify(Agricultural_Bot/ros2_ws/src/agri_interfaces) by extensions ['cmake', 'python']
[0.116s] Level 1:colcon.colcon_core.package_identification:_identify(Agricultural_Bot/ros2_ws/src/agri_interfaces) by extension 'cmake'
[0.116s] Level 1:colcon.colcon_core.package_identification:_identify(Agricultural_Bot/ros2_ws/src/agri_interfaces) by extension 'python'
[0.116s] Level 1:colcon.colcon_core.package_identification:_identify(Agricultural_Bot/ros2_ws/src/agri_interfaces) by extensions ['python_setup_py']
[0.116s] Level 1:colcon.colcon_core.package_identification:_identify(Agricultural_Bot/ros2_ws/src/agri_interfaces) by extension 'python_setup_py'
[0.116s] Level 1:colcon.colcon_core.package_identification:_identify(Agricultural_Bot/ros2_ws/src/agri_interfaces/action) by extensions ['ignore', 'ignore_ament_install']
[0.116s] Level 1:colcon.colcon_core.package_identification:_identify(Agricultural_Bot/ros2_ws/src/agri_interfaces/action) by extension 'ignore'
[0.117s] Level 1:colcon.colcon_core.package_identification:_identify(Agricultural_Bot/ros2_ws/src/agri_interfaces/action) by extension 'ignore_ament_install'
[0.117s] Level 1:colcon.colcon_core.package_identification:_identify(Agricultural_Bot/ros2_ws/src/agri_interfaces/action) by extensions ['colcon_pkg']
[0.117s] Level 1:colcon.colcon_core.package_identification:_identify(Agricultural_Bot/ros2_ws/src/agri_interfaces/action) by extension 'colcon_pkg'
[0.117s] Level 1:colcon.colcon_core.package_identification:_identify(Agricultural_Bot/ros2_ws/src/agri_interfaces/action) by extensions ['colcon_meta']
[0.117s] Level 1:colcon.colcon_core.package_identification:_identify(Agricultural_Bot/ros2_ws/src/agri_interfaces/action) by extension 'colcon_meta'
[0.117s] Level 1:colcon.colcon_core.package_identification:_identify(Agricultural_Bot/ros2_ws/src/agri_interfaces/action) by extensions ['ros']
[0.117s] Level 1:colcon.colcon_core.package_identification:_identify(Agricultural_Bot/ros2_ws/src/agri_interfaces/action) by extension 'ros'
[0.117s] Level 1:colcon.colcon_core.package_identification:_identify(Agricultural_Bot/ros2_ws/src/agri_interfaces/action) by extensions ['cmake', 'python']
[0.117s] Level 1:colcon.colcon_core.package_identification:_identify(Agricultural_Bot/ros2_ws/src/agri_interfaces/action) by extension 'cmake'
[0.117s] Level 1:colcon.colcon_core.package_identification:_identify(Agricultural_Bot/ros2_ws/src/agri_interfaces/action) by extension 'python'
[0.117s] Level 1:colcon.colcon_core.package_identification:_identify(Agricultural_Bot/ros2_ws/src/agri_interfaces/action) by extensions ['python_setup_py']
[0.117s] Level 1:colcon.colcon_core.package_identification:_identify(Agricultural_Bot/ros2_ws/src/agri_interfaces/action) by extension 'python_setup_py'
[0.117s] Level 1:colcon.colcon_core.package_identification:_identify(Agricultural_Bot/ros2_ws/src/agri_interfaces/msg) by extensions ['ignore', 'ignore_ament_install']
[0.117s] Level 1:colcon.colcon_core.package_identification:_identify(Agricultural_Bot/ros2_ws/src/agri_interfaces/msg) by extension 'ignore'
[0.117s] Level 1:colcon.colcon_core.package_identification:_identify(Agricultural_Bot/ros2_ws/src/agri_interfaces/msg) by extension 'ignore_ament_install'
[0.117s] Level 1:colcon.colcon_core.package_identification:_identify(Agricultural_Bot/ros2_ws/src/agri_interfaces/msg) by extensions ['colcon_pkg']
[0.117s] Level 1:colcon.colcon_core.package_identification:_identify(Agricultural_Bot/ros2_ws/src/agri_interfaces/msg) by extension 'colcon_pkg'
[0.117s] Level 1:colcon.colcon_core.package_identification:_identify(Agricultural_Bot/ros2_ws/src/agri_interfaces/msg) by extensions ['colcon_meta']
[0.117s] Level 1:colcon.colcon_core.package_identification:_identify(Agricultural_Bot/ros2_ws/src/agri_interfaces/msg) by extension 'colcon_meta'
[0.117s] Level 1:colcon.colcon_core.package_identification:_identify(Agricultural_Bot/ros2_ws/src/agri_interfaces/msg) by extensions ['ros']
[0.117s] Level 1:colcon.colcon_core.package_identification:_identify(Agricultural_Bot/ros2_ws/src/agri_interfaces/msg) by extension 'ros'
[0.117s] Level 1:colcon.colcon_core.package_identification:_identify(Agricultural_Bot/ros2_ws/src/agri_interfaces/msg) by extensions ['cmake', 'python']
[0.117s] Level 1:colcon.colcon_core.package_identification:_identify(Agricultural_Bot/ros2_ws/src/agri_interfaces/msg) by extension 'cmake'
[0.117s] Level 1:colcon.colcon_core.package_identification:_identify(Agricultural_Bot/ros2_ws/src/agri_interfaces/msg) by extension 'python'
[0.117s] Level 1:colcon.colcon_core.package_identification:_identify(Agricultural_Bot/ros2_ws/src/agri_interfaces/msg) by extensions ['python_setup_py']
[0.117s] Level 1:colcon.colcon_core.package_identification:_identify(Agricultural_Bot/ros2_ws/src/agri_interfaces/msg) by extension 'python_setup_py'
[0.117s] Level 1:colcon.colcon_core.package_identification:_identify(Agricultural_Bot/ros2_ws/src/agri_interfaces/srv) by extensions ['ignore', 'ignore_ament_install']
[0.117s] Level 1:colcon.colcon_core.package_identification:_identify(Agricultural_Bot/ros2_ws/src/agri_interfaces/srv) by extension 'ignore'
[0.117s] Level 1:colcon.colcon_core.package_identification:_identify(Agricultural_Bot/ros2_ws/src/agri_interfaces/srv) by extension 'ignore_ament_install'
[0.117s] Level 1:colcon.colcon_core.package_identification:_identify(Agricultural_Bot/ros2_ws/src/agri_interfaces/srv) by extensions ['colcon_pkg']
[0.117s] Level 1:colcon.colcon_core.package_identification:_identify(Agricultural_Bot/ros2_ws/src/agri_interfaces/srv) by extension 'colcon_pkg'
[0.117s] Level 1:colcon.colcon_core.package_identification:_identify(Agricultural_Bot/ros2_ws/src/agri_interfaces/srv) by extensions ['colcon_meta']
[0.117s] Level 1:colcon.colcon_core.package_identification:_identify(Agricultural_Bot/ros2_ws/src/agri_interfaces/srv) by extension 'colcon_meta'
[0.117s] Level 1:colcon.colcon_core.package_identification:_identify(Agricultural_Bot/ros2_ws/src/agri_interfaces/srv) by extensions ['ros']
[0.117s] Level 1:colcon.colcon_core.package_identification:_identify(Agricultural_Bot/ros2_ws/src/agri_interfaces/srv) by extension 'ros'
[0.118s] Level 1:colcon.colcon_core.package_identification:_identify(Agricultural_Bot/ros2_ws/src/agri_interfaces/srv) by extensions ['cmake', 'python']
[0.118s] Level 1:colcon.colcon_core.package_identification:_identify(Agricultural_Bot/ros2_ws/src/agri_interfaces/srv) by extension 'cmake'
[0.118s] Level 1:colcon.colcon_core.package_identification:_identify(Agricultural_Bot/ros2_ws/src/agri_interfaces/srv) by extension 'python'
[0.118s] Level 1:colcon.colcon_core.package_identification:_identify(Agricultural_Bot/ros2_ws/src/agri_interfaces/srv) by extensions ['python_setup_py']
[0.118s] Level 1:colcon.colcon_core.package_identification:_identify(Agricultural_Bot/ros2_ws/src/agri_interfaces/srv) by extension 'python_setup_py'
[0.118s] Level 1:colcon.colcon_core.package_identification:_identify(Agricultural_Bot/ros2_ws/src/agri_lidar_adapter) by extensions ['ignore', 'ignore_ament_install']
[0.118s] Level 1:colcon.colcon_core.package_identification:_identify(Agricultural_Bot/ros2_ws/src/agri_lidar_adapter) by extension 'ignore'
[0.118s] Level 1:colcon.colcon_core.package_identification:_identify(Agricultural_Bot/ros2_ws/src/agri_lidar_adapter) by extension 'ignore_ament_install'
[0.118s] Level 1:colcon.colcon_core.package_identification:_identify(Agricultural_Bot/ros2_ws/src/agri_lidar_adapter) by extensions ['colcon_pkg']
[0.118s] Level 1:colcon.colcon_core.package_identification:_identify(Agricultural_Bot/ros2_ws/src/agri_lidar_adapter) by extension 'colcon_pkg'
[0.118s] Level 1:colcon.colcon_core.package_identification:_identify(Agricultural_Bot/ros2_ws/src/agri_lidar_adapter) by extensions ['colcon_meta']
[0.118s] Level 1:colcon.colcon_core.package_identification:_identify(Agricultural_Bot/ros2_ws/src/agri_lidar_adapter) by extension 'colcon_meta'
[0.118s] Level 1:colcon.colcon_core.package_identification:_identify(Agricultural_Bot/ros2_ws/src/agri_lidar_adapter) by extensions ['ros']
[0.118s] Level 1:colcon.colcon_core.package_identification:_identify(Agricultural_Bot/ros2_ws/src/agri_lidar_adapter) by extension 'ros'
[0.118s] Level 1:colcon.colcon_core.package_identification:_identify(Agricultural_Bot/ros2_ws/src/agri_lidar_adapter) by extensions ['cmake', 'python']
[0.118s] Level 1:colcon.colcon_core.package_identification:_identify(Agricultural_Bot/ros2_ws/src/agri_lidar_adapter) by extension 'cmake'
[0.118s] Level 1:colcon.colcon_core.package_identification:_identify(Agricultural_Bot/ros2_ws/src/agri_lidar_adapter) by extension 'python'
[0.118s] Level 1:colcon.colcon_core.package_identification:_identify(Agricultural_Bot/ros2_ws/src/agri_lidar_adapter) by extensions ['python_setup_py']
[0.118s] Level 1:colcon.colcon_core.package_identification:_identify(Agricultural_Bot/ros2_ws/src/agri_lidar_adapter) by extension 'python_setup_py'
[0.118s] Level 1:colcon.colcon_core.package_identification:_identify(Agricultural_Bot/ros2_ws/src/agri_lidar_adapter/agri_lidar_adapter) by extensions ['ignore', 'ignore_ament_install']
[0.118s] Level 1:colcon.colcon_core.package_identification:_identify(Agricultural_Bot/ros2_ws/src/agri_lidar_adapter/agri_lidar_adapter) by extension 'ignore'
[0.118s] Level 1:colcon.colcon_core.package_identification:_identify(Agricultural_Bot/ros2_ws/src/agri_lidar_adapter/agri_lidar_adapter) by extension 'ignore_ament_install'
[0.118s] Level 1:colcon.colcon_core.package_identification:_identify(Agricultural_Bot/ros2_ws/src/agri_lidar_adapter/agri_lidar_adapter) by extensions ['colcon_pkg']
[0.118s] Level 1:colcon.colcon_core.package_identification:_identify(Agricultural_Bot/ros2_ws/src/agri_lidar_adapter/agri_lidar_adapter) by extension 'colcon_pkg'
[0.118s] Level 1:colcon.colcon_core.package_identification:_identify(Agricultural_Bot/ros2_ws/src/agri_lidar_adapter/agri_lidar_adapter) by extensions ['colcon_meta']
[0.118s] Level 1:colcon.colcon_core.package_identification:_identify(Agricultural_Bot/ros2_ws/src/agri_lidar_adapter/agri_lidar_adapter) by extension 'colcon_meta'
[0.118s] Level 1:colcon.colcon_core.package_identification:_identify(Agricultural_Bot/ros2_ws/src/agri_lidar_adapter/agri_lidar_adapter) by extensions ['ros']
[0.118s] Level 1:colcon.colcon_core.package_identification:_identify(Agricultural_Bot/ros2_ws/src/agri_lidar_adapter/agri_lidar_adapter) by extension 'ros'
[0.118s] Level 1:colcon.colcon_core.package_identification:_identify(Agricultural_Bot/ros2_ws/src/agri_lidar_adapter/agri_lidar_adapter) by extensions ['cmake', 'python']
[0.118s] Level 1:colcon.colcon_core.package_identification:_identify(Agricultural_Bot/ros2_ws/src/agri_lidar_adapter/agri_lidar_adapter) by extension 'cmake'
[0.118s] Level 1:colcon.colcon_core.package_identification:_identify(Agricultural_Bot/ros2_ws/src/agri_lidar_adapter/agri_lidar_adapter) by extension 'python'
[0.118s] Level 1:colcon.colcon_core.package_identification:_identify(Agricultural_Bot/ros2_ws/src/agri_lidar_adapter/agri_lidar_adapter) by extensions ['python_setup_py']
[0.118s] Level 1:colcon.colcon_core.package_identification:_identify(Agricultural_Bot/ros2_ws/src/agri_lidar_adapter/agri_lidar_adapter) by extension 'python_setup_py'
[0.118s] Level 1:colcon.colcon_core.package_identification:_identify(Agricultural_Bot/ros2_ws/src/agri_lidar_adapter/config) by extensions ['ignore', 'ignore_ament_install']
[0.118s] Level 1:colcon.colcon_core.package_identification:_identify(Agricultural_Bot/ros2_ws/src/agri_lidar_adapter/config) by extension 'ignore'
[0.119s] Level 1:colcon.colcon_core.package_identification:_identify(Agricultural_Bot/ros2_ws/src/agri_lidar_adapter/config) by extension 'ignore_ament_install'
[0.119s] Level 1:colcon.colcon_core.package_identification:_identify(Agricultural_Bot/ros2_ws/src/agri_lidar_adapter/config) by extensions ['colcon_pkg']
[0.119s] Level 1:colcon.colcon_core.package_identification:_identify(Agricultural_Bot/ros2_ws/src/agri_lidar_adapter/config) by extension 'colcon_pkg'
[0.119s] Level 1:colcon.colcon_core.package_identification:_identify(Agricultural_Bot/ros2_ws/src/agri_lidar_adapter/config) by extensions ['colcon_meta']
[0.119s] Level 1:colcon.colcon_core.package_identification:_identify(Agricultural_Bot/ros2_ws/src/agri_lidar_adapter/config) by extension 'colcon_meta'
[0.119s] Level 1:colcon.colcon_core.package_identification:_identify(Agricultural_Bot/ros2_ws/src/agri_lidar_adapter/config) by extensions ['ros']
[0.119s] Level 1:colcon.colcon_core.package_identification:_identify(Agricultural_Bot/ros2_ws/src/agri_lidar_adapter/config) by extension 'ros'
[0.119s] Level 1:colcon.colcon_core.package_identification:_identify(Agricultural_Bot/ros2_ws/src/agri_lidar_adapter/config) by extensions ['cmake', 'python']
[0.119s] Level 1:colcon.colcon_core.package_identification:_identify(Agricultural_Bot/ros2_ws/src/agri_lidar_adapter/config) by extension 'cmake'
[0.119s] Level 1:colcon.colcon_core.package_identification:_identify(Agricultural_Bot/ros2_ws/src/agri_lidar_adapter/config) by extension 'python'
[0.119s] Level 1:colcon.colcon_core.package_identification:_identify(Agricultural_Bot/ros2_ws/src/agri_lidar_adapter/config) by extensions ['python_setup_py']
[0.119s] Level 1:colcon.colcon_core.package_identification:_identify(Agricultural_Bot/ros2_ws/src/agri_lidar_adapter/config) by extension 'python_setup_py'
[0.119s] Level 1:colcon.colcon_core.package_identification:_identify(Agricultural_Bot/ros2_ws/src/agri_lidar_adapter/launch) by extensions ['ignore', 'ignore_ament_install']
[0.119s] Level 1:colcon.colcon_core.package_identification:_identify(Agricultural_Bot/ros2_ws/src/agri_lidar_adapter/launch) by extension 'ignore'
[0.119s] Level 1:colcon.colcon_core.package_identification:_identify(Agricultural_Bot/ros2_ws/src/agri_lidar_adapter/launch) by extension 'ignore_ament_install'
[0.119s] Level 1:colcon.colcon_core.package_identification:_identify(Agricultural_Bot/ros2_ws/src/agri_lidar_adapter/launch) by extensions ['colcon_pkg']
[0.119s] Level 1:colcon.colcon_core.package_identification:_identify(Agricultural_Bot/ros2_ws/src/agri_lidar_adapter/launch) by extension 'colcon_pkg'
[0.119s] Level 1:colcon.colcon_core.package_identification:_identify(Agricultural_Bot/ros2_ws/src/agri_lidar_adapter/launch) by extensions ['colcon_meta']
[0.119s] Level 1:colcon.colcon_core.package_identification:_identify(Agricultural_Bot/ros2_ws/src/agri_lidar_adapter/launch) by extension 'colcon_meta'
[0.119s] Level 1:colcon.colcon_core.package_identification:_identify(Agricultural_Bot/ros2_ws/src/agri_lidar_adapter/launch) by extensions ['ros']
[0.119s] Level 1:colcon.colcon_core.package_identification:_identify(Agricultural_Bot/ros2_ws/src/agri_lidar_adapter/launch) by extension 'ros'
[0.119s] Level 1:colcon.colcon_core.package_identification:_identify(Agricultural_Bot/ros2_ws/src/agri_lidar_adapter/launch) by extensions ['cmake', 'python']
[0.119s] Level 1:colcon.colcon_core.package_identification:_identify(Agricultural_Bot/ros2_ws/src/agri_lidar_adapter/launch) by extension 'cmake'
[0.119s] Level 1:colcon.colcon_core.package_identification:_identify(Agricultural_Bot/ros2_ws/src/agri_lidar_adapter/launch) by extension 'python'
[0.119s] Level 1:colcon.colcon_core.package_identification:_identify(Agricultural_Bot/ros2_ws/src/agri_lidar_adapter/launch) by extensions ['python_setup_py']
[0.119s] Level 1:colcon.colcon_core.package_identification:_identify(Agricultural_Bot/ros2_ws/src/agri_lidar_adapter/launch) by extension 'python_setup_py'
[0.119s] Level 1:colcon.colcon_core.package_identification:_identify(Agricultural_Bot/ros2_ws/src/agri_lidar_adapter/test) by extensions ['ignore', 'ignore_ament_install']
[0.119s] Level 1:colcon.colcon_core.package_identification:_identify(Agricultural_Bot/ros2_ws/src/agri_lidar_adapter/test) by extension 'ignore'
[0.119s] Level 1:colcon.colcon_core.package_identification:_identify(Agricultural_Bot/ros2_ws/src/agri_lidar_adapter/test) by extension 'ignore_ament_install'
[0.119s] Level 1:colcon.colcon_core.package_identification:_identify(Agricultural_Bot/ros2_ws/src/agri_lidar_adapter/test) by extensions ['colcon_pkg']
[0.119s] Level 1:colcon.colcon_core.package_identification:_identify(Agricultural_Bot/ros2_ws/src/agri_lidar_adapter/test) by extension 'colcon_pkg'
[0.119s] Level 1:colcon.colcon_core.package_identification:_identify(Agricultural_Bot/ros2_ws/src/agri_lidar_adapter/test) by extensions ['colcon_meta']
[0.119s] Level 1:colcon.colcon_core.package_identification:_identify(Agricultural_Bot/ros2_ws/src/agri_lidar_adapter/test) by extension 'colcon_meta'
[0.119s] Level 1:colcon.colcon_core.package_identification:_identify(Agricultural_Bot/ros2_ws/src/agri_lidar_adapter/test) by extensions ['ros']
[0.119s] Level 1:colcon.colcon_core.package_identification:_identify(Agricultural_Bot/ros2_ws/src/agri_lidar_adapter/test) by extension 'ros'
[0.119s] Level 1:colcon.colcon_core.package_identification:_identify(Agricultural_Bot/ros2_ws/src/agri_lidar_adapter/test) by extensions ['cmake', 'python']
[0.119s] Level 1:colcon.colcon_core.package_identification:_identify(Agricultural_Bot/ros2_ws/src/agri_lidar_adapter/test) by extension 'cmake'
[0.119s] Level 1:colcon.colcon_core.package_identification:_identify(Agricultural_Bot/ros2_ws/src/agri_lidar_adapter/test) by extension 'python'
[0.120s] Level 1:colcon.colcon_core.package_identification:_identify(Agricultural_Bot/ros2_ws/src/agri_lidar_adapter/test) by extensions ['python_setup_py']
[0.120s] Level 1:colcon.colcon_core.package_identification:_identify(Agricultural_Bot/ros2_ws/src/agri_lidar_adapter/test) by extension 'python_setup_py'
[0.120s] Level 1:colcon.colcon_core.package_identification:_identify(Agricultural_Bot/ros2_ws/src/agri_manipulation) by extensions ['ignore', 'ignore_ament_install']
[0.120s] Level 1:colcon.colcon_core.package_identification:_identify(Agricultural_Bot/ros2_ws/src/agri_manipulation) by extension 'ignore'
[0.120s] Level 1:colcon.colcon_core.package_identification:_identify(Agricultural_Bot/ros2_ws/src/agri_manipulation) by extension 'ignore_ament_install'
[0.120s] Level 1:colcon.colcon_core.package_identification:_identify(Agricultural_Bot/ros2_ws/src/agri_manipulation) by extensions ['colcon_pkg']
[0.120s] Level 1:colcon.colcon_core.package_identification:_identify(Agricultural_Bot/ros2_ws/src/agri_manipulation) by extension 'colcon_pkg'
[0.120s] Level 1:colcon.colcon_core.package_identification:_identify(Agricultural_Bot/ros2_ws/src/agri_manipulation) by extensions ['colcon_meta']
[0.120s] Level 1:colcon.colcon_core.package_identification:_identify(Agricultural_Bot/ros2_ws/src/agri_manipulation) by extension 'colcon_meta'
[0.120s] Level 1:colcon.colcon_core.package_identification:_identify(Agricultural_Bot/ros2_ws/src/agri_manipulation) by extensions ['ros']
[0.120s] Level 1:colcon.colcon_core.package_identification:_identify(Agricultural_Bot/ros2_ws/src/agri_manipulation) by extension 'ros'
[0.120s] Level 1:colcon.colcon_core.package_identification:_identify(Agricultural_Bot/ros2_ws/src/agri_manipulation) by extensions ['cmake', 'python']
[0.120s] Level 1:colcon.colcon_core.package_identification:_identify(Agricultural_Bot/ros2_ws/src/agri_manipulation) by extension 'cmake'
[0.120s] Level 1:colcon.colcon_core.package_identification:_identify(Agricultural_Bot/ros2_ws/src/agri_manipulation) by extension 'python'
[0.120s] Level 1:colcon.colcon_core.package_identification:_identify(Agricultural_Bot/ros2_ws/src/agri_manipulation) by extensions ['python_setup_py']
[0.120s] Level 1:colcon.colcon_core.package_identification:_identify(Agricultural_Bot/ros2_ws/src/agri_manipulation) by extension 'python_setup_py'
[0.120s] Level 1:colcon.colcon_core.package_identification:_identify(Agricultural_Bot/ros2_ws/src/agri_manipulation/agri_manipulation) by extensions ['ignore', 'ignore_ament_install']
[0.120s] Level 1:colcon.colcon_core.package_identification:_identify(Agricultural_Bot/ros2_ws/src/agri_manipulation/agri_manipulation) by extension 'ignore'
[0.120s] Level 1:colcon.colcon_core.package_identification:_identify(Agricultural_Bot/ros2_ws/src/agri_manipulation/agri_manipulation) by extension 'ignore_ament_install'
[0.120s] Level 1:colcon.colcon_core.package_identification:_identify(Agricultural_Bot/ros2_ws/src/agri_manipulation/agri_manipulation) by extensions ['colcon_pkg']
[0.120s] Level 1:colcon.colcon_core.package_identification:_identify(Agricultural_Bot/ros2_ws/src/agri_manipulation/agri_manipulation) by extension 'colcon_pkg'
[0.120s] Level 1:colcon.colcon_core.package_identification:_identify(Agricultural_Bot/ros2_ws/src/agri_manipulation/agri_manipulation) by extensions ['colcon_meta']
[0.120s] Level 1:colcon.colcon_core.package_identification:_identify(Agricultural_Bot/ros2_ws/src/agri_manipulation/agri_manipulation) by extension 'colcon_meta'
[0.120s] Level 1:colcon.colcon_core.package_identification:_identify(Agricultural_Bot/ros2_ws/src/agri_manipulation/agri_manipulation) by extensions ['ros']
[0.120s] Level 1:colcon.colcon_core.package_identification:_identify(Agricultural_Bot/ros2_ws/src/agri_manipulation/agri_manipulation) by extension 'ros'
[0.120s] Level 1:colcon.colcon_core.package_identification:_identify(Agricultural_Bot/ros2_ws/src/agri_manipulation/agri_manipulation) by extensions ['cmake', 'python']
[0.120s] Level 1:colcon.colcon_core.package_identification:_identify(Agricultural_Bot/ros2_ws/src/agri_manipulation/agri_manipulation) by extension 'cmake'
[0.120s] Level 1:colcon.colcon_core.package_identification:_identify(Agricultural_Bot/ros2_ws/src/agri_manipulation/agri_manipulation) by extension 'python'
[0.120s] Level 1:colcon.colcon_core.package_identification:_identify(Agricultural_Bot/ros2_ws/src/agri_manipulation/agri_manipulation) by extensions ['python_setup_py']
[0.120s] Level 1:colcon.colcon_core.package_identification:_identify(Agricultural_Bot/ros2_ws/src/agri_manipulation/agri_manipulation) by extension 'python_setup_py'
[0.120s] Level 1:colcon.colcon_core.package_identification:_identify(Agricultural_Bot/ros2_ws/src/agri_manipulation/config) by extensions ['ignore', 'ignore_ament_install']
[0.120s] Level 1:colcon.colcon_core.package_identification:_identify(Agricultural_Bot/ros2_ws/src/agri_manipulation/config) by extension 'ignore'
[0.120s] Level 1:colcon.colcon_core.package_identification:_identify(Agricultural_Bot/ros2_ws/src/agri_manipulation/config) by extension 'ignore_ament_install'
[0.120s] Level 1:colcon.colcon_core.package_identification:_identify(Agricultural_Bot/ros2_ws/src/agri_manipulation/config) by extensions ['colcon_pkg']
[0.121s] Level 1:colcon.colcon_core.package_identification:_identify(Agricultural_Bot/ros2_ws/src/agri_manipulation/config) by extension 'colcon_pkg'
[0.121s] Level 1:colcon.colcon_core.package_identification:_identify(Agricultural_Bot/ros2_ws/src/agri_manipulation/config) by extensions ['colcon_meta']
[0.121s] Level 1:colcon.colcon_core.package_identification:_identify(Agricultural_Bot/ros2_ws/src/agri_manipulation/config) by extension 'colcon_meta'
[0.121s] Level 1:colcon.colcon_core.package_identification:_identify(Agricultural_Bot/ros2_ws/src/agri_manipulation/config) by extensions ['ros']
[0.121s] Level 1:colcon.colcon_core.package_identification:_identify(Agricultural_Bot/ros2_ws/src/agri_manipulation/config) by extension 'ros'
[0.121s] Level 1:colcon.colcon_core.package_identification:_identify(Agricultural_Bot/ros2_ws/src/agri_manipulation/config) by extensions ['cmake', 'python']
[0.121s] Level 1:colcon.colcon_core.package_identification:_identify(Agricultural_Bot/ros2_ws/src/agri_manipulation/config) by extension 'cmake'
[0.121s] Level 1:colcon.colcon_core.package_identification:_identify(Agricultural_Bot/ros2_ws/src/agri_manipulation/config) by extension 'python'
[0.121s] Level 1:colcon.colcon_core.package_identification:_identify(Agricultural_Bot/ros2_ws/src/agri_manipulation/config) by extensions ['python_setup_py']
[0.121s] Level 1:colcon.colcon_core.package_identification:_identify(Agricultural_Bot/ros2_ws/src/agri_manipulation/config) by extension 'python_setup_py'
[0.121s] Level 1:colcon.colcon_core.package_identification:_identify(Agricultural_Bot/ros2_ws/src/agri_manipulation/launch) by extensions ['ignore', 'ignore_ament_install']
[0.121s] Level 1:colcon.colcon_core.package_identification:_identify(Agricultural_Bot/ros2_ws/src/agri_manipulation/launch) by extension 'ignore'
[0.121s] Level 1:colcon.colcon_core.package_identification:_identify(Agricultural_Bot/ros2_ws/src/agri_manipulation/launch) by extension 'ignore_ament_install'
[0.121s] Level 1:colcon.colcon_core.package_identification:_identify(Agricultural_Bot/ros2_ws/src/agri_manipulation/launch) by extensions ['colcon_pkg']
[0.121s] Level 1:colcon.colcon_core.package_identification:_identify(Agricultural_Bot/ros2_ws/src/agri_manipulation/launch) by extension 'colcon_pkg'
[0.121s] Level 1:colcon.colcon_core.package_identification:_identify(Agricultural_Bot/ros2_ws/src/agri_manipulation/launch) by extensions ['colcon_meta']
[0.121s] Level 1:colcon.colcon_core.package_identification:_identify(Agricultural_Bot/ros2_ws/src/agri_manipulation/launch) by extension 'colcon_meta'
[0.121s] Level 1:colcon.colcon_core.package_identification:_identify(Agricultural_Bot/ros2_ws/src/agri_manipulation/launch) by extensions ['ros']
[0.121s] Level 1:colcon.colcon_core.package_identification:_identify(Agricultural_Bot/ros2_ws/src/agri_manipulation/launch) by extension 'ros'
[0.121s] Level 1:colcon.colcon_core.package_identification:_identify(Agricultural_Bot/ros2_ws/src/agri_manipulation/launch) by extensions ['cmake', 'python']
[0.121s] Level 1:colcon.colcon_core.package_identification:_identify(Agricultural_Bot/ros2_ws/src/agri_manipulation/launch) by extension 'cmake'
[0.121s] Level 1:colcon.colcon_core.package_identification:_identify(Agricultural_Bot/ros2_ws/src/agri_manipulation/launch) by extension 'python'
[0.121s] Level 1:colcon.colcon_core.package_identification:_identify(Agricultural_Bot/ros2_ws/src/agri_manipulation/launch) by extensions ['python_setup_py']
[0.121s] Level 1:colcon.colcon_core.package_identification:_identify(Agricultural_Bot/ros2_ws/src/agri_manipulation/launch) by extension 'python_setup_py'
[0.121s] Level 1:colcon.colcon_core.package_identification:_identify(Agricultural_Bot/ros2_ws/src/agri_manipulation/test) by extensions ['ignore', 'ignore_ament_install']
[0.121s] Level 1:colcon.colcon_core.package_identification:_identify(Agricultural_Bot/ros2_ws/src/agri_manipulation/test) by extension 'ignore'
[0.121s] Level 1:colcon.colcon_core.package_identification:_identify(Agricultural_Bot/ros2_ws/src/agri_manipulation/test) by extension 'ignore_ament_install'
[0.121s] Level 1:colcon.colcon_core.package_identification:_identify(Agricultural_Bot/ros2_ws/src/agri_manipulation/test) by extensions ['colcon_pkg']
[0.121s] Level 1:colcon.colcon_core.package_identification:_identify(Agricultural_Bot/ros2_ws/src/agri_manipulation/test) by extension 'colcon_pkg'
[0.121s] Level 1:colcon.colcon_core.package_identification:_identify(Agricultural_Bot/ros2_ws/src/agri_manipulation/test) by extensions ['colcon_meta']
[0.121s] Level 1:colcon.colcon_core.package_identification:_identify(Agricultural_Bot/ros2_ws/src/agri_manipulation/test) by extension 'colcon_meta'
[0.121s] Level 1:colcon.colcon_core.package_identification:_identify(Agricultural_Bot/ros2_ws/src/agri_manipulation/test) by extensions ['ros']
[0.121s] Level 1:colcon.colcon_core.package_identification:_identify(Agricultural_Bot/ros2_ws/src/agri_manipulation/test) by extension 'ros'
[0.122s] Level 1:colcon.colcon_core.package_identification:_identify(Agricultural_Bot/ros2_ws/src/agri_manipulation/test) by extensions ['cmake', 'python']
[0.122s] Level 1:colcon.colcon_core.package_identification:_identify(Agricultural_Bot/ros2_ws/src/agri_manipulation/test) by extension 'cmake'
[0.122s] Level 1:colcon.colcon_core.package_identification:_identify(Agricultural_Bot/ros2_ws/src/agri_manipulation/test) by extension 'python'
[0.122s] Level 1:colcon.colcon_core.package_identification:_identify(Agricultural_Bot/ros2_ws/src/agri_manipulation/test) by extensions ['python_setup_py']
[0.122s] Level 1:colcon.colcon_core.package_identification:_identify(Agricultural_Bot/ros2_ws/src/agri_manipulation/test) by extension 'python_setup_py'
[0.122s] Level 1:colcon.colcon_core.package_identification:_identify(Agricultural_Bot/ros2_ws/src/agri_navigation) by extensions ['ignore', 'ignore_ament_install']
[0.122s] Level 1:colcon.colcon_core.package_identification:_identify(Agricultural_Bot/ros2_ws/src/agri_navigation) by extension 'ignore'
[0.122s] Level 1:colcon.colcon_core.package_identification:_identify(Agricultural_Bot/ros2_ws/src/agri_navigation) by extension 'ignore_ament_install'
[0.122s] Level 1:colcon.colcon_core.package_identification:_identify(Agricultural_Bot/ros2_ws/src/agri_navigation) by extensions ['colcon_pkg']
[0.122s] Level 1:colcon.colcon_core.package_identification:_identify(Agricultural_Bot/ros2_ws/src/agri_navigation) by extension 'colcon_pkg'
[0.122s] Level 1:colcon.colcon_core.package_identification:_identify(Agricultural_Bot/ros2_ws/src/agri_navigation) by extensions ['colcon_meta']
[0.122s] Level 1:colcon.colcon_core.package_identification:_identify(Agricultural_Bot/ros2_ws/src/agri_navigation) by extension 'colcon_meta'
[0.122s] Level 1:colcon.colcon_core.package_identification:_identify(Agricultural_Bot/ros2_ws/src/agri_navigation) by extensions ['ros']
[0.122s] Level 1:colcon.colcon_core.package_identification:_identify(Agricultural_Bot/ros2_ws/src/agri_navigation) by extension 'ros'
[0.122s] Level 1:colcon.colcon_core.package_identification:_identify(Agricultural_Bot/ros2_ws/src/agri_navigation) by extensions ['cmake', 'python']
[0.122s] Level 1:colcon.colcon_core.package_identification:_identify(Agricultural_Bot/ros2_ws/src/agri_navigation) by extension 'cmake'
[0.122s] Level 1:colcon.colcon_core.package_identification:_identify(Agricultural_Bot/ros2_ws/src/agri_navigation) by extension 'python'
[0.122s] Level 1:colcon.colcon_core.package_identification:_identify(Agricultural_Bot/ros2_ws/src/agri_navigation) by extensions ['python_setup_py']
[0.122s] Level 1:colcon.colcon_core.package_identification:_identify(Agricultural_Bot/ros2_ws/src/agri_navigation) by extension 'python_setup_py'
[0.122s] Level 1:colcon.colcon_core.package_identification:_identify(Agricultural_Bot/ros2_ws/src/agri_navigation/agri_navigation) by extensions ['ignore', 'ignore_ament_install']
[0.122s] Level 1:colcon.colcon_core.package_identification:_identify(Agricultural_Bot/ros2_ws/src/agri_navigation/agri_navigation) by extension 'ignore'
[0.122s] Level 1:colcon.colcon_core.package_identification:_identify(Agricultural_Bot/ros2_ws/src/agri_navigation/agri_navigation) by extension 'ignore_ament_install'
[0.122s] Level 1:colcon.colcon_core.package_identification:_identify(Agricultural_Bot/ros2_ws/src/agri_navigation/agri_navigation) by extensions ['colcon_pkg']
[0.122s] Level 1:colcon.colcon_core.package_identification:_identify(Agricultural_Bot/ros2_ws/src/agri_navigation/agri_navigation) by extension 'colcon_pkg'
[0.122s] Level 1:colcon.colcon_core.package_identification:_identify(Agricultural_Bot/ros2_ws/src/agri_navigation/agri_navigation) by extensions ['colcon_meta']
[0.122s] Level 1:colcon.colcon_core.package_identification:_identify(Agricultural_Bot/ros2_ws/src/agri_navigation/agri_navigation) by extension 'colcon_meta'
[0.122s] Level 1:colcon.colcon_core.package_identification:_identify(Agricultural_Bot/ros2_ws/src/agri_navigation/agri_navigation) by extensions ['ros']
[0.122s] Level 1:colcon.colcon_core.package_identification:_identify(Agricultural_Bot/ros2_ws/src/agri_navigation/agri_navigation) by extension 'ros'
[0.122s] Level 1:colcon.colcon_core.package_identification:_identify(Agricultural_Bot/ros2_ws/src/agri_navigation/agri_navigation) by extensions ['cmake', 'python']
[0.122s] Level 1:colcon.colcon_core.package_identification:_identify(Agricultural_Bot/ros2_ws/src/agri_navigation/agri_navigation) by extension 'cmake'
[0.122s] Level 1:colcon.colcon_core.package_identification:_identify(Agricultural_Bot/ros2_ws/src/agri_navigation/agri_navigation) by extension 'python'
[0.122s] Level 1:colcon.colcon_core.package_identification:_identify(Agricultural_Bot/ros2_ws/src/agri_navigation/agri_navigation) by extensions ['python_setup_py']
[0.122s] Level 1:colcon.colcon_core.package_identification:_identify(Agricultural_Bot/ros2_ws/src/agri_navigation/agri_navigation) by extension 'python_setup_py'
[0.122s] Level 1:colcon.colcon_core.package_identification:_identify(Agricultural_Bot/ros2_ws/src/agri_navigation/config) by extensions ['ignore', 'ignore_ament_install']
[0.123s] Level 1:colcon.colcon_core.package_identification:_identify(Agricultural_Bot/ros2_ws/src/agri_navigation/config) by extension 'ignore'
[0.123s] Level 1:colcon.colcon_core.package_identification:_identify(Agricultural_Bot/ros2_ws/src/agri_navigation/config) by extension 'ignore_ament_install'
[0.123s] Level 1:colcon.colcon_core.package_identification:_identify(Agricultural_Bot/ros2_ws/src/agri_navigation/config) by extensions ['colcon_pkg']
[0.123s] Level 1:colcon.colcon_core.package_identification:_identify(Agricultural_Bot/ros2_ws/src/agri_navigation/config) by extension 'colcon_pkg'
[0.123s] Level 1:colcon.colcon_core.package_identification:_identify(Agricultural_Bot/ros2_ws/src/agri_navigation/config) by extensions ['colcon_meta']
[0.123s] Level 1:colcon.colcon_core.package_identification:_identify(Agricultural_Bot/ros2_ws/src/agri_navigation/config) by extension 'colcon_meta'
[0.123s] Level 1:colcon.colcon_core.package_identification:_identify(Agricultural_Bot/ros2_ws/src/agri_navigation/config) by extensions ['ros']
[0.123s] Level 1:colcon.colcon_core.package_identification:_identify(Agricultural_Bot/ros2_ws/src/agri_navigation/config) by extension 'ros'
[0.123s] Level 1:colcon.colcon_core.package_identification:_identify(Agricultural_Bot/ros2_ws/src/agri_navigation/config) by extensions ['cmake', 'python']
[0.123s] Level 1:colcon.colcon_core.package_identification:_identify(Agricultural_Bot/ros2_ws/src/agri_navigation/config) by extension 'cmake'
[0.123s] Level 1:colcon.colcon_core.package_identification:_identify(Agricultural_Bot/ros2_ws/src/agri_navigation/config) by extension 'python'
[0.123s] Level 1:colcon.colcon_core.package_identification:_identify(Agricultural_Bot/ros2_ws/src/agri_navigation/config) by extensions ['python_setup_py']
[0.123s] Level 1:colcon.colcon_core.package_identification:_identify(Agricultural_Bot/ros2_ws/src/agri_navigation/config) by extension 'python_setup_py'
[0.123s] Level 1:colcon.colcon_core.package_identification:_identify(Agricultural_Bot/ros2_ws/src/agri_navigation/launch) by extensions ['ignore', 'ignore_ament_install']
[0.123s] Level 1:colcon.colcon_core.package_identification:_identify(Agricultural_Bot/ros2_ws/src/agri_navigation/launch) by extension 'ignore'
[0.123s] Level 1:colcon.colcon_core.package_identification:_identify(Agricultural_Bot/ros2_ws/src/agri_navigation/launch) by extension 'ignore_ament_install'
[0.123s] Level 1:colcon.colcon_core.package_identification:_identify(Agricultural_Bot/ros2_ws/src/agri_navigation/launch) by extensions ['colcon_pkg']
[0.123s] Level 1:colcon.colcon_core.package_identification:_identify(Agricultural_Bot/ros2_ws/src/agri_navigation/launch) by extension 'colcon_pkg'
[0.123s] Level 1:colcon.colcon_core.package_identification:_identify(Agricultural_Bot/ros2_ws/src/agri_navigation/launch) by extensions ['colcon_meta']
[0.123s] Level 1:colcon.colcon_core.package_identification:_identify(Agricultural_Bot/ros2_ws/src/agri_navigation/launch) by extension 'colcon_meta'
[0.123s] Level 1:colcon.colcon_core.package_identification:_identify(Agricultural_Bot/ros2_ws/src/agri_navigation/launch) by extensions ['ros']
[0.123s] Level 1:colcon.colcon_core.package_identification:_identify(Agricultural_Bot/ros2_ws/src/agri_navigation/launch) by extension 'ros'
[0.123s] Level 1:colcon.colcon_core.package_identification:_identify(Agricultural_Bot/ros2_ws/src/agri_navigation/launch) by extensions ['cmake', 'python']
[0.123s] Level 1:colcon.colcon_core.package_identification:_identify(Agricultural_Bot/ros2_ws/src/agri_navigation/launch) by extension 'cmake'
[0.123s] Level 1:colcon.colcon_core.package_identification:_identify(Agricultural_Bot/ros2_ws/src/agri_navigation/launch) by extension 'python'
[0.123s] Level 1:colcon.colcon_core.package_identification:_identify(Agricultural_Bot/ros2_ws/src/agri_navigation/launch) by extensions ['python_setup_py']
[0.123s] Level 1:colcon.colcon_core.package_identification:_identify(Agricultural_Bot/ros2_ws/src/agri_navigation/launch) by extension 'python_setup_py'
[0.123s] Level 1:colcon.colcon_core.package_identification:_identify(Agricultural_Bot/ros2_ws/src/agri_navigation/maps) by extensions ['ignore', 'ignore_ament_install']
[0.123s] Level 1:colcon.colcon_core.package_identification:_identify(Agricultural_Bot/ros2_ws/src/agri_navigation/maps) by extension 'ignore'
[0.123s] Level 1:colcon.colcon_core.package_identification:_identify(Agricultural_Bot/ros2_ws/src/agri_navigation/maps) by extension 'ignore_ament_install'
[0.123s] Level 1:colcon.colcon_core.package_identification:_identify(Agricultural_Bot/ros2_ws/src/agri_navigation/maps) by extensions ['colcon_pkg']
[0.123s] Level 1:colcon.colcon_core.package_identification:_identify(Agricultural_Bot/ros2_ws/src/agri_navigation/maps) by extension 'colcon_pkg'
[0.123s] Level 1:colcon.colcon_core.package_identification:_identify(Agricultural_Bot/ros2_ws/src/agri_navigation/maps) by extensions ['colcon_meta']
[0.123s] Level 1:colcon.colcon_core.package_identification:_identify(Agricultural_Bot/ros2_ws/src/agri_navigation/maps) by extension 'colcon_meta'
[0.123s] Level 1:colcon.colcon_core.package_identification:_identify(Agricultural_Bot/ros2_ws/src/agri_navigation/maps) by extensions ['ros']
[0.124s] Level 1:colcon.colcon_core.package_identification:_identify(Agricultural_Bot/ros2_ws/src/agri_navigation/maps) by extension 'ros'
[0.124s] Level 1:colcon.colcon_core.package_identification:_identify(Agricultural_Bot/ros2_ws/src/agri_navigation/maps) by extensions ['cmake', 'python']
[0.124s] Level 1:colcon.colcon_core.package_identification:_identify(Agricultural_Bot/ros2_ws/src/agri_navigation/maps) by extension 'cmake'
[0.124s] Level 1:colcon.colcon_core.package_identification:_identify(Agricultural_Bot/ros2_ws/src/agri_navigation/maps) by extension 'python'
[0.124s] Level 1:colcon.colcon_core.package_identification:_identify(Agricultural_Bot/ros2_ws/src/agri_navigation/maps) by extensions ['python_setup_py']
[0.124s] Level 1:colcon.colcon_core.package_identification:_identify(Agricultural_Bot/ros2_ws/src/agri_navigation/maps) by extension 'python_setup_py'
[0.124s] Level 1:colcon.colcon_core.package_identification:_identify(Agricultural_Bot/ros2_ws/src/agri_navigation/routes) by extensions ['ignore', 'ignore_ament_install']
[0.124s] Level 1:colcon.colcon_core.package_identification:_identify(Agricultural_Bot/ros2_ws/src/agri_navigation/routes) by extension 'ignore'
[0.124s] Level 1:colcon.colcon_core.package_identification:_identify(Agricultural_Bot/ros2_ws/src/agri_navigation/routes) by extension 'ignore_ament_install'
[0.124s] Level 1:colcon.colcon_core.package_identification:_identify(Agricultural_Bot/ros2_ws/src/agri_navigation/routes) by extensions ['colcon_pkg']
[0.124s] Level 1:colcon.colcon_core.package_identification:_identify(Agricultural_Bot/ros2_ws/src/agri_navigation/routes) by extension 'colcon_pkg'
[0.124s] Level 1:colcon.colcon_core.package_identification:_identify(Agricultural_Bot/ros2_ws/src/agri_navigation/routes) by extensions ['colcon_meta']
[0.124s] Level 1:colcon.colcon_core.package_identification:_identify(Agricultural_Bot/ros2_ws/src/agri_navigation/routes) by extension 'colcon_meta'
[0.124s] Level 1:colcon.colcon_core.package_identification:_identify(Agricultural_Bot/ros2_ws/src/agri_navigation/routes) by extensions ['ros']
[0.124s] Level 1:colcon.colcon_core.package_identification:_identify(Agricultural_Bot/ros2_ws/src/agri_navigation/routes) by extension 'ros'
[0.124s] Level 1:colcon.colcon_core.package_identification:_identify(Agricultural_Bot/ros2_ws/src/agri_navigation/routes) by extensions ['cmake', 'python']
[0.124s] Level 1:colcon.colcon_core.package_identification:_identify(Agricultural_Bot/ros2_ws/src/agri_navigation/routes) by extension 'cmake'
[0.124s] Level 1:colcon.colcon_core.package_identification:_identify(Agricultural_Bot/ros2_ws/src/agri_navigation/routes) by extension 'python'
[0.124s] Level 1:colcon.colcon_core.package_identification:_identify(Agricultural_Bot/ros2_ws/src/agri_navigation/routes) by extensions ['python_setup_py']
[0.124s] Level 1:colcon.colcon_core.package_identification:_identify(Agricultural_Bot/ros2_ws/src/agri_navigation/routes) by extension 'python_setup_py'
[0.124s] Level 1:colcon.colcon_core.package_identification:_identify(Agricultural_Bot/ros2_ws/src/agri_navigation/rviz) by extensions ['ignore', 'ignore_ament_install']
[0.124s] Level 1:colcon.colcon_core.package_identification:_identify(Agricultural_Bot/ros2_ws/src/agri_navigation/rviz) by extension 'ignore'
[0.124s] Level 1:colcon.colcon_core.package_identification:_identify(Agricultural_Bot/ros2_ws/src/agri_navigation/rviz) by extension 'ignore_ament_install'
[0.124s] Level 1:colcon.colcon_core.package_identification:_identify(Agricultural_Bot/ros2_ws/src/agri_navigation/rviz) by extensions ['colcon_pkg']
[0.124s] Level 1:colcon.colcon_core.package_identification:_identify(Agricultural_Bot/ros2_ws/src/agri_navigation/rviz) by extension 'colcon_pkg'
[0.124s] Level 1:colcon.colcon_core.package_identification:_identify(Agricultural_Bot/ros2_ws/src/agri_navigation/rviz) by extensions ['colcon_meta']
[0.124s] Level 1:colcon.colcon_core.package_identification:_identify(Agricultural_Bot/ros2_ws/src/agri_navigation/rviz) by extension 'colcon_meta'
[0.124s] Level 1:colcon.colcon_core.package_identification:_identify(Agricultural_Bot/ros2_ws/src/agri_navigation/rviz) by extensions ['ros']
[0.124s] Level 1:colcon.colcon_core.package_identification:_identify(Agricultural_Bot/ros2_ws/src/agri_navigation/rviz) by extension 'ros'
[0.124s] Level 1:colcon.colcon_core.package_identification:_identify(Agricultural_Bot/ros2_ws/src/agri_navigation/rviz) by extensions ['cmake', 'python']
[0.124s] Level 1:colcon.colcon_core.package_identification:_identify(Agricultural_Bot/ros2_ws/src/agri_navigation/rviz) by extension 'cmake'
[0.124s] Level 1:colcon.colcon_core.package_identification:_identify(Agricultural_Bot/ros2_ws/src/agri_navigation/rviz) by extension 'python'
[0.124s] Level 1:colcon.colcon_core.package_identification:_identify(Agricultural_Bot/ros2_ws/src/agri_navigation/rviz) by extensions ['python_setup_py']
[0.124s] Level 1:colcon.colcon_core.package_identification:_identify(Agricultural_Bot/ros2_ws/src/agri_navigation/rviz) by extension 'python_setup_py'
[0.124s] Level 1:colcon.colcon_core.package_identification:_identify(Agricultural_Bot/ros2_ws/src/agri_navigation/test) by extensions ['ignore', 'ignore_ament_install']
[0.124s] Level 1:colcon.colcon_core.package_identification:_identify(Agricultural_Bot/ros2_ws/src/agri_navigation/test) by extension 'ignore'
[0.125s] Level 1:colcon.colcon_core.package_identification:_identify(Agricultural_Bot/ros2_ws/src/agri_navigation/test) by extension 'ignore_ament_install'
[0.125s] Level 1:colcon.colcon_core.package_identification:_identify(Agricultural_Bot/ros2_ws/src/agri_navigation/test) by extensions ['colcon_pkg']
[0.125s] Level 1:colcon.colcon_core.package_identification:_identify(Agricultural_Bot/ros2_ws/src/agri_navigation/test) by extension 'colcon_pkg'
[0.125s] Level 1:colcon.colcon_core.package_identification:_identify(Agricultural_Bot/ros2_ws/src/agri_navigation/test) by extensions ['colcon_meta']
[0.125s] Level 1:colcon.colcon_core.package_identification:_identify(Agricultural_Bot/ros2_ws/src/agri_navigation/test) by extension 'colcon_meta'
[0.125s] Level 1:colcon.colcon_core.package_identification:_identify(Agricultural_Bot/ros2_ws/src/agri_navigation/test) by extensions ['ros']
[0.125s] Level 1:colcon.colcon_core.package_identification:_identify(Agricultural_Bot/ros2_ws/src/agri_navigation/test) by extension 'ros'
[0.125s] Level 1:colcon.colcon_core.package_identification:_identify(Agricultural_Bot/ros2_ws/src/agri_navigation/test) by extensions ['cmake', 'python']
[0.125s] Level 1:colcon.colcon_core.package_identification:_identify(Agricultural_Bot/ros2_ws/src/agri_navigation/test) by extension 'cmake'
[0.125s] Level 1:colcon.colcon_core.package_identification:_identify(Agricultural_Bot/ros2_ws/src/agri_navigation/test) by extension 'python'
[0.125s] Level 1:colcon.colcon_core.package_identification:_identify(Agricultural_Bot/ros2_ws/src/agri_navigation/test) by extensions ['python_setup_py']
[0.125s] Level 1:colcon.colcon_core.package_identification:_identify(Agricultural_Bot/ros2_ws/src/agri_navigation/test) by extension 'python_setup_py'
[0.125s] Level 1:colcon.colcon_core.package_identification:_identify(Agricultural_Bot/ros2_ws/src/agri_perception) by extensions ['ignore', 'ignore_ament_install']
[0.125s] Level 1:colcon.colcon_core.package_identification:_identify(Agricultural_Bot/ros2_ws/src/agri_perception) by extension 'ignore'
[0.125s] Level 1:colcon.colcon_core.package_identification:_identify(Agricultural_Bot/ros2_ws/src/agri_perception) by extension 'ignore_ament_install'
[0.125s] Level 1:colcon.colcon_core.package_identification:_identify(Agricultural_Bot/ros2_ws/src/agri_perception) by extensions ['colcon_pkg']
[0.125s] Level 1:colcon.colcon_core.package_identification:_identify(Agricultural_Bot/ros2_ws/src/agri_perception) by extension 'colcon_pkg'
[0.125s] Level 1:colcon.colcon_core.package_identification:_identify(Agricultural_Bot/ros2_ws/src/agri_perception) by extensions ['colcon_meta']
[0.125s] Level 1:colcon.colcon_core.package_identification:_identify(Agricultural_Bot/ros2_ws/src/agri_perception) by extension 'colcon_meta'
[0.125s] Level 1:colcon.colcon_core.package_identification:_identify(Agricultural_Bot/ros2_ws/src/agri_perception) by extensions ['ros']
[0.125s] Level 1:colcon.colcon_core.package_identification:_identify(Agricultural_Bot/ros2_ws/src/agri_perception) by extension 'ros'
[0.125s] Level 1:colcon.colcon_core.package_identification:_identify(Agricultural_Bot/ros2_ws/src/agri_perception) by extensions ['cmake', 'python']
[0.125s] Level 1:colcon.colcon_core.package_identification:_identify(Agricultural_Bot/ros2_ws/src/agri_perception) by extension 'cmake'
[0.125s] Level 1:colcon.colcon_core.package_identification:_identify(Agricultural_Bot/ros2_ws/src/agri_perception) by extension 'python'
[0.125s] Level 1:colcon.colcon_core.package_identification:_identify(Agricultural_Bot/ros2_ws/src/agri_perception) by extensions ['python_setup_py']
[0.125s] Level 1:colcon.colcon_core.package_identification:_identify(Agricultural_Bot/ros2_ws/src/agri_perception) by extension 'python_setup_py'
[0.125s] Level 1:colcon.colcon_core.package_identification:_identify(Agricultural_Bot/ros2_ws/src/agri_perception/agri_perception) by extensions ['ignore', 'ignore_ament_install']
[0.125s] Level 1:colcon.colcon_core.package_identification:_identify(Agricultural_Bot/ros2_ws/src/agri_perception/agri_perception) by extension 'ignore'
[0.125s] Level 1:colcon.colcon_core.package_identification:_identify(Agricultural_Bot/ros2_ws/src/agri_perception/agri_perception) by extension 'ignore_ament_install'
[0.125s] Level 1:colcon.colcon_core.package_identification:_identify(Agricultural_Bot/ros2_ws/src/agri_perception/agri_perception) by extensions ['colcon_pkg']
[0.125s] Level 1:colcon.colcon_core.package_identification:_identify(Agricultural_Bot/ros2_ws/src/agri_perception/agri_perception) by extension 'colcon_pkg'
[0.125s] Level 1:colcon.colcon_core.package_identification:_identify(Agricultural_Bot/ros2_ws/src/agri_perception/agri_perception) by extensions ['colcon_meta']
[0.125s] Level 1:colcon.colcon_core.package_identification:_identify(Agricultural_Bot/ros2_ws/src/agri_perception/agri_perception) by extension 'colcon_meta'
[0.125s] Level 1:colcon.colcon_core.package_identification:_identify(Agricultural_Bot/ros2_ws/src/agri_perception/agri_perception) by extensions ['ros']
[0.125s] Level 1:colcon.colcon_core.package_identification:_identify(Agricultural_Bot/ros2_ws/src/agri_perception/agri_perception) by extension 'ros'
[0.125s] Level 1:colcon.colcon_core.package_identification:_identify(Agricultural_Bot/ros2_ws/src/agri_perception/agri_perception) by extensions ['cmake', 'python']
[0.125s] Level 1:colcon.colcon_core.package_identification:_identify(Agricultural_Bot/ros2_ws/src/agri_perception/agri_perception) by extension 'cmake'
[0.126s] Level 1:colcon.colcon_core.package_identification:_identify(Agricultural_Bot/ros2_ws/src/agri_perception/agri_perception) by extension 'python'
[0.126s] Level 1:colcon.colcon_core.package_identification:_identify(Agricultural_Bot/ros2_ws/src/agri_perception/agri_perception) by extensions ['python_setup_py']
[0.126s] Level 1:colcon.colcon_core.package_identification:_identify(Agricultural_Bot/ros2_ws/src/agri_perception/agri_perception) by extension 'python_setup_py'
[0.126s] Level 1:colcon.colcon_core.package_identification:_identify(Agricultural_Bot/ros2_ws/src/agri_perception/config) by extensions ['ignore', 'ignore_ament_install']
[0.126s] Level 1:colcon.colcon_core.package_identification:_identify(Agricultural_Bot/ros2_ws/src/agri_perception/config) by extension 'ignore'
[0.126s] Level 1:colcon.colcon_core.package_identification:_identify(Agricultural_Bot/ros2_ws/src/agri_perception/config) by extension 'ignore_ament_install'
[0.126s] Level 1:colcon.colcon_core.package_identification:_identify(Agricultural_Bot/ros2_ws/src/agri_perception/config) by extensions ['colcon_pkg']
[0.126s] Level 1:colcon.colcon_core.package_identification:_identify(Agricultural_Bot/ros2_ws/src/agri_perception/config) by extension 'colcon_pkg'
[0.126s] Level 1:colcon.colcon_core.package_identification:_identify(Agricultural_Bot/ros2_ws/src/agri_perception/config) by extensions ['colcon_meta']
[0.126s] Level 1:colcon.colcon_core.package_identification:_identify(Agricultural_Bot/ros2_ws/src/agri_perception/config) by extension 'colcon_meta'
[0.126s] Level 1:colcon.colcon_core.package_identification:_identify(Agricultural_Bot/ros2_ws/src/agri_perception/config) by extensions ['ros']
[0.126s] Level 1:colcon.colcon_core.package_identification:_identify(Agricultural_Bot/ros2_ws/src/agri_perception/config) by extension 'ros'
[0.126s] Level 1:colcon.colcon_core.package_identification:_identify(Agricultural_Bot/ros2_ws/src/agri_perception/config) by extensions ['cmake', 'python']
[0.126s] Level 1:colcon.colcon_core.package_identification:_identify(Agricultural_Bot/ros2_ws/src/agri_perception/config) by extension 'cmake'
[0.126s] Level 1:colcon.colcon_core.package_identification:_identify(Agricultural_Bot/ros2_ws/src/agri_perception/config) by extension 'python'
[0.126s] Level 1:colcon.colcon_core.package_identification:_identify(Agricultural_Bot/ros2_ws/src/agri_perception/config) by extensions ['python_setup_py']
[0.126s] Level 1:colcon.colcon_core.package_identification:_identify(Agricultural_Bot/ros2_ws/src/agri_perception/config) by extension 'python_setup_py'
[0.126s] Level 1:colcon.colcon_core.package_identification:_identify(Agricultural_Bot/ros2_ws/src/agri_perception/launch) by extensions ['ignore', 'ignore_ament_install']
[0.126s] Level 1:colcon.colcon_core.package_identification:_identify(Agricultural_Bot/ros2_ws/src/agri_perception/launch) by extension 'ignore'
[0.126s] Level 1:colcon.colcon_core.package_identification:_identify(Agricultural_Bot/ros2_ws/src/agri_perception/launch) by extension 'ignore_ament_install'
[0.126s] Level 1:colcon.colcon_core.package_identification:_identify(Agricultural_Bot/ros2_ws/src/agri_perception/launch) by extensions ['colcon_pkg']
[0.126s] Level 1:colcon.colcon_core.package_identification:_identify(Agricultural_Bot/ros2_ws/src/agri_perception/launch) by extension 'colcon_pkg'
[0.126s] Level 1:colcon.colcon_core.package_identification:_identify(Agricultural_Bot/ros2_ws/src/agri_perception/launch) by extensions ['colcon_meta']
[0.126s] Level 1:colcon.colcon_core.package_identification:_identify(Agricultural_Bot/ros2_ws/src/agri_perception/launch) by extension 'colcon_meta'
[0.126s] Level 1:colcon.colcon_core.package_identification:_identify(Agricultural_Bot/ros2_ws/src/agri_perception/launch) by extensions ['ros']
[0.126s] Level 1:colcon.colcon_core.package_identification:_identify(Agricultural_Bot/ros2_ws/src/agri_perception/launch) by extension 'ros'
[0.126s] Level 1:colcon.colcon_core.package_identification:_identify(Agricultural_Bot/ros2_ws/src/agri_perception/launch) by extensions ['cmake', 'python']
[0.126s] Level 1:colcon.colcon_core.package_identification:_identify(Agricultural_Bot/ros2_ws/src/agri_perception/launch) by extension 'cmake'
[0.126s] Level 1:colcon.colcon_core.package_identification:_identify(Agricultural_Bot/ros2_ws/src/agri_perception/launch) by extension 'python'
[0.126s] Level 1:colcon.colcon_core.package_identification:_identify(Agricultural_Bot/ros2_ws/src/agri_perception/launch) by extensions ['python_setup_py']
[0.126s] Level 1:colcon.colcon_core.package_identification:_identify(Agricultural_Bot/ros2_ws/src/agri_perception/launch) by extension 'python_setup_py'
[0.126s] Level 1:colcon.colcon_core.package_identification:_identify(Agricultural_Bot/ros2_ws/src/agri_perception/test) by extensions ['ignore', 'ignore_ament_install']
[0.126s] Level 1:colcon.colcon_core.package_identification:_identify(Agricultural_Bot/ros2_ws/src/agri_perception/test) by extension 'ignore'
[0.126s] Level 1:colcon.colcon_core.package_identification:_identify(Agricultural_Bot/ros2_ws/src/agri_perception/test) by extension 'ignore_ament_install'
[0.127s] Level 1:colcon.colcon_core.package_identification:_identify(Agricultural_Bot/ros2_ws/src/agri_perception/test) by extensions ['colcon_pkg']
[0.127s] Level 1:colcon.colcon_core.package_identification:_identify(Agricultural_Bot/ros2_ws/src/agri_perception/test) by extension 'colcon_pkg'
[0.127s] Level 1:colcon.colcon_core.package_identification:_identify(Agricultural_Bot/ros2_ws/src/agri_perception/test) by extensions ['colcon_meta']
[0.127s] Level 1:colcon.colcon_core.package_identification:_identify(Agricultural_Bot/ros2_ws/src/agri_perception/test) by extension 'colcon_meta'
[0.127s] Level 1:colcon.colcon_core.package_identification:_identify(Agricultural_Bot/ros2_ws/src/agri_perception/test) by extensions ['ros']
[0.127s] Level 1:colcon.colcon_core.package_identification:_identify(Agricultural_Bot/ros2_ws/src/agri_perception/test) by extension 'ros'
[0.127s] Level 1:colcon.colcon_core.package_identification:_identify(Agricultural_Bot/ros2_ws/src/agri_perception/test) by extensions ['cmake', 'python']
[0.127s] Level 1:colcon.colcon_core.package_identification:_identify(Agricultural_Bot/ros2_ws/src/agri_perception/test) by extension 'cmake'
[0.127s] Level 1:colcon.colcon_core.package_identification:_identify(Agricultural_Bot/ros2_ws/src/agri_perception/test) by extension 'python'
[0.127s] Level 1:colcon.colcon_core.package_identification:_identify(Agricultural_Bot/ros2_ws/src/agri_perception/test) by extensions ['python_setup_py']
[0.127s] Level 1:colcon.colcon_core.package_identification:_identify(Agricultural_Bot/ros2_ws/src/agri_perception/test) by extension 'python_setup_py'
[0.127s] Level 1:colcon.colcon_core.package_identification:_identify(Agricultural_Bot/ros2_ws/src/agri_robot_description) by extensions ['ignore', 'ignore_ament_install']
[0.127s] Level 1:colcon.colcon_core.package_identification:_identify(Agricultural_Bot/ros2_ws/src/agri_robot_description) by extension 'ignore'
[0.127s] Level 1:colcon.colcon_core.package_identification:_identify(Agricultural_Bot/ros2_ws/src/agri_robot_description) by extension 'ignore_ament_install'
[0.127s] Level 1:colcon.colcon_core.package_identification:_identify(Agricultural_Bot/ros2_ws/src/agri_robot_description) by extensions ['colcon_pkg']
[0.127s] Level 1:colcon.colcon_core.package_identification:_identify(Agricultural_Bot/ros2_ws/src/agri_robot_description) by extension 'colcon_pkg'
[0.127s] Level 1:colcon.colcon_core.package_identification:_identify(Agricultural_Bot/ros2_ws/src/agri_robot_description) by extensions ['colcon_meta']
[0.127s] Level 1:colcon.colcon_core.package_identification:_identify(Agricultural_Bot/ros2_ws/src/agri_robot_description) by extension 'colcon_meta'
[0.127s] Level 1:colcon.colcon_core.package_identification:_identify(Agricultural_Bot/ros2_ws/src/agri_robot_description) by extensions ['ros']
[0.127s] Level 1:colcon.colcon_core.package_identification:_identify(Agricultural_Bot/ros2_ws/src/agri_robot_description) by extension 'ros'
[0.127s] Level 1:colcon.colcon_core.package_identification:_identify(Agricultural_Bot/ros2_ws/src/agri_robot_description) by extensions ['cmake', 'python']
[0.127s] Level 1:colcon.colcon_core.package_identification:_identify(Agricultural_Bot/ros2_ws/src/agri_robot_description) by extension 'cmake'
[0.127s] Level 1:colcon.colcon_core.package_identification:_identify(Agricultural_Bot/ros2_ws/src/agri_robot_description) by extension 'python'
[0.127s] Level 1:colcon.colcon_core.package_identification:_identify(Agricultural_Bot/ros2_ws/src/agri_robot_description) by extensions ['python_setup_py']
[0.127s] Level 1:colcon.colcon_core.package_identification:_identify(Agricultural_Bot/ros2_ws/src/agri_robot_description) by extension 'python_setup_py'
[0.127s] Level 1:colcon.colcon_core.package_identification:_identify(Agricultural_Bot/ros2_ws/src/agri_robot_description/config) by extensions ['ignore', 'ignore_ament_install']
[0.127s] Level 1:colcon.colcon_core.package_identification:_identify(Agricultural_Bot/ros2_ws/src/agri_robot_description/config) by extension 'ignore'
[0.127s] Level 1:colcon.colcon_core.package_identification:_identify(Agricultural_Bot/ros2_ws/src/agri_robot_description/config) by extension 'ignore_ament_install'
[0.127s] Level 1:colcon.colcon_core.package_identification:_identify(Agricultural_Bot/ros2_ws/src/agri_robot_description/config) by extensions ['colcon_pkg']
[0.127s] Level 1:colcon.colcon_core.package_identification:_identify(Agricultural_Bot/ros2_ws/src/agri_robot_description/config) by extension 'colcon_pkg'
[0.127s] Level 1:colcon.colcon_core.package_identification:_identify(Agricultural_Bot/ros2_ws/src/agri_robot_description/config) by extensions ['colcon_meta']
[0.127s] Level 1:colcon.colcon_core.package_identification:_identify(Agricultural_Bot/ros2_ws/src/agri_robot_description/config) by extension 'colcon_meta'
[0.127s] Level 1:colcon.colcon_core.package_identification:_identify(Agricultural_Bot/ros2_ws/src/agri_robot_description/config) by extensions ['ros']
[0.127s] Level 1:colcon.colcon_core.package_identification:_identify(Agricultural_Bot/ros2_ws/src/agri_robot_description/config) by extension 'ros'
[0.127s] Level 1:colcon.colcon_core.package_identification:_identify(Agricultural_Bot/ros2_ws/src/agri_robot_description/config) by extensions ['cmake', 'python']
[0.127s] Level 1:colcon.colcon_core.package_identification:_identify(Agricultural_Bot/ros2_ws/src/agri_robot_description/config) by extension 'cmake'
[0.128s] Level 1:colcon.colcon_core.package_identification:_identify(Agricultural_Bot/ros2_ws/src/agri_robot_description/config) by extension 'python'
[0.128s] Level 1:colcon.colcon_core.package_identification:_identify(Agricultural_Bot/ros2_ws/src/agri_robot_description/config) by extensions ['python_setup_py']
[0.128s] Level 1:colcon.colcon_core.package_identification:_identify(Agricultural_Bot/ros2_ws/src/agri_robot_description/config) by extension 'python_setup_py'
[0.128s] Level 1:colcon.colcon_core.package_identification:_identify(Agricultural_Bot/ros2_ws/src/agri_robot_description/launch) by extensions ['ignore', 'ignore_ament_install']
[0.128s] Level 1:colcon.colcon_core.package_identification:_identify(Agricultural_Bot/ros2_ws/src/agri_robot_description/launch) by extension 'ignore'
[0.128s] Level 1:colcon.colcon_core.package_identification:_identify(Agricultural_Bot/ros2_ws/src/agri_robot_description/launch) by extension 'ignore_ament_install'
[0.128s] Level 1:colcon.colcon_core.package_identification:_identify(Agricultural_Bot/ros2_ws/src/agri_robot_description/launch) by extensions ['colcon_pkg']
[0.128s] Level 1:colcon.colcon_core.package_identification:_identify(Agricultural_Bot/ros2_ws/src/agri_robot_description/launch) by extension 'colcon_pkg'
[0.128s] Level 1:colcon.colcon_core.package_identification:_identify(Agricultural_Bot/ros2_ws/src/agri_robot_description/launch) by extensions ['colcon_meta']
[0.128s] Level 1:colcon.colcon_core.package_identification:_identify(Agricultural_Bot/ros2_ws/src/agri_robot_description/launch) by extension 'colcon_meta'
[0.128s] Level 1:colcon.colcon_core.package_identification:_identify(Agricultural_Bot/ros2_ws/src/agri_robot_description/launch) by extensions ['ros']
[0.128s] Level 1:colcon.colcon_core.package_identification:_identify(Agricultural_Bot/ros2_ws/src/agri_robot_description/launch) by extension 'ros'
[0.128s] Level 1:colcon.colcon_core.package_identification:_identify(Agricultural_Bot/ros2_ws/src/agri_robot_description/launch) by extensions ['cmake', 'python']
[0.128s] Level 1:colcon.colcon_core.package_identification:_identify(Agricultural_Bot/ros2_ws/src/agri_robot_description/launch) by extension 'cmake'
[0.128s] Level 1:colcon.colcon_core.package_identification:_identify(Agricultural_Bot/ros2_ws/src/agri_robot_description/launch) by extension 'python'
[0.128s] Level 1:colcon.colcon_core.package_identification:_identify(Agricultural_Bot/ros2_ws/src/agri_robot_description/launch) by extensions ['python_setup_py']
[0.128s] Level 1:colcon.colcon_core.package_identification:_identify(Agricultural_Bot/ros2_ws/src/agri_robot_description/launch) by extension 'python_setup_py'
[0.128s] Level 1:colcon.colcon_core.package_identification:_identify(Agricultural_Bot/ros2_ws/src/agri_robot_description/meshes) by extensions ['ignore', 'ignore_ament_install']
[0.128s] Level 1:colcon.colcon_core.package_identification:_identify(Agricultural_Bot/ros2_ws/src/agri_robot_description/meshes) by extension 'ignore'
[0.128s] Level 1:colcon.colcon_core.package_identification:_identify(Agricultural_Bot/ros2_ws/src/agri_robot_description/meshes) by extension 'ignore_ament_install'
[0.128s] Level 1:colcon.colcon_core.package_identification:_identify(Agricultural_Bot/ros2_ws/src/agri_robot_description/meshes) by extensions ['colcon_pkg']
[0.128s] Level 1:colcon.colcon_core.package_identification:_identify(Agricultural_Bot/ros2_ws/src/agri_robot_description/meshes) by extension 'colcon_pkg'
[0.128s] Level 1:colcon.colcon_core.package_identification:_identify(Agricultural_Bot/ros2_ws/src/agri_robot_description/meshes) by extensions ['colcon_meta']
[0.128s] Level 1:colcon.colcon_core.package_identification:_identify(Agricultural_Bot/ros2_ws/src/agri_robot_description/meshes) by extension 'colcon_meta'
[0.128s] Level 1:colcon.colcon_core.package_identification:_identify(Agricultural_Bot/ros2_ws/src/agri_robot_description/meshes) by extensions ['ros']
[0.128s] Level 1:colcon.colcon_core.package_identification:_identify(Agricultural_Bot/ros2_ws/src/agri_robot_description/meshes) by extension 'ros'
[0.128s] Level 1:colcon.colcon_core.package_identification:_identify(Agricultural_Bot/ros2_ws/src/agri_robot_description/meshes) by extensions ['cmake', 'python']
[0.128s] Level 1:colcon.colcon_core.package_identification:_identify(Agricultural_Bot/ros2_ws/src/agri_robot_description/meshes) by extension 'cmake'
[0.128s] Level 1:colcon.colcon_core.package_identification:_identify(Agricultural_Bot/ros2_ws/src/agri_robot_description/meshes) by extension 'python'
[0.128s] Level 1:colcon.colcon_core.package_identification:_identify(Agricultural_Bot/ros2_ws/src/agri_robot_description/meshes) by extensions ['python_setup_py']
[0.128s] Level 1:colcon.colcon_core.package_identification:_identify(Agricultural_Bot/ros2_ws/src/agri_robot_description/meshes) by extension 'python_setup_py'
[0.128s] Level 1:colcon.colcon_core.package_identification:_identify(Agricultural_Bot/ros2_ws/src/agri_robot_description/meshes/collision) by extensions ['ignore', 'ignore_ament_install']
[0.128s] Level 1:colcon.colcon_core.package_identification:_identify(Agricultural_Bot/ros2_ws/src/agri_robot_description/meshes/collision) by extension 'ignore'
[0.128s] Level 1:colcon.colcon_core.package_identification:_identify(Agricultural_Bot/ros2_ws/src/agri_robot_description/meshes/collision) by extension 'ignore_ament_install'
[0.128s] Level 1:colcon.colcon_core.package_identification:_identify(Agricultural_Bot/ros2_ws/src/agri_robot_description/meshes/collision) by extensions ['colcon_pkg']
[0.129s] Level 1:colcon.colcon_core.package_identification:_identify(Agricultural_Bot/ros2_ws/src/agri_robot_description/meshes/collision) by extension 'colcon_pkg'
[0.129s] Level 1:colcon.colcon_core.package_identification:_identify(Agricultural_Bot/ros2_ws/src/agri_robot_description/meshes/collision) by extensions ['colcon_meta']
[0.129s] Level 1:colcon.colcon_core.package_identification:_identify(Agricultural_Bot/ros2_ws/src/agri_robot_description/meshes/collision) by extension 'colcon_meta'
[0.129s] Level 1:colcon.colcon_core.package_identification:_identify(Agricultural_Bot/ros2_ws/src/agri_robot_description/meshes/collision) by extensions ['ros']
[0.129s] Level 1:colcon.colcon_core.package_identification:_identify(Agricultural_Bot/ros2_ws/src/agri_robot_description/meshes/collision) by extension 'ros'
[0.129s] Level 1:colcon.colcon_core.package_identification:_identify(Agricultural_Bot/ros2_ws/src/agri_robot_description/meshes/collision) by extensions ['cmake', 'python']
[0.129s] Level 1:colcon.colcon_core.package_identification:_identify(Agricultural_Bot/ros2_ws/src/agri_robot_description/meshes/collision) by extension 'cmake'
[0.129s] Level 1:colcon.colcon_core.package_identification:_identify(Agricultural_Bot/ros2_ws/src/agri_robot_description/meshes/collision) by extension 'python'
[0.129s] Level 1:colcon.colcon_core.package_identification:_identify(Agricultural_Bot/ros2_ws/src/agri_robot_description/meshes/collision) by extensions ['python_setup_py']
[0.129s] Level 1:colcon.colcon_core.package_identification:_identify(Agricultural_Bot/ros2_ws/src/agri_robot_description/meshes/collision) by extension 'python_setup_py'
[0.129s] Level 1:colcon.colcon_core.package_identification:_identify(Agricultural_Bot/ros2_ws/src/agri_robot_description/meshes/visual) by extensions ['ignore', 'ignore_ament_install']
[0.129s] Level 1:colcon.colcon_core.package_identification:_identify(Agricultural_Bot/ros2_ws/src/agri_robot_description/meshes/visual) by extension 'ignore'
[0.129s] Level 1:colcon.colcon_core.package_identification:_identify(Agricultural_Bot/ros2_ws/src/agri_robot_description/meshes/visual) by extension 'ignore_ament_install'
[0.129s] Level 1:colcon.colcon_core.package_identification:_identify(Agricultural_Bot/ros2_ws/src/agri_robot_description/meshes/visual) by extensions ['colcon_pkg']
[0.129s] Level 1:colcon.colcon_core.package_identification:_identify(Agricultural_Bot/ros2_ws/src/agri_robot_description/meshes/visual) by extension 'colcon_pkg'
[0.129s] Level 1:colcon.colcon_core.package_identification:_identify(Agricultural_Bot/ros2_ws/src/agri_robot_description/meshes/visual) by extensions ['colcon_meta']
[0.129s] Level 1:colcon.colcon_core.package_identification:_identify(Agricultural_Bot/ros2_ws/src/agri_robot_description/meshes/visual) by extension 'colcon_meta'
[0.129s] Level 1:colcon.colcon_core.package_identification:_identify(Agricultural_Bot/ros2_ws/src/agri_robot_description/meshes/visual) by extensions ['ros']
[0.129s] Level 1:colcon.colcon_core.package_identification:_identify(Agricultural_Bot/ros2_ws/src/agri_robot_description/meshes/visual) by extension 'ros'
[0.129s] Level 1:colcon.colcon_core.package_identification:_identify(Agricultural_Bot/ros2_ws/src/agri_robot_description/meshes/visual) by extensions ['cmake', 'python']
[0.129s] Level 1:colcon.colcon_core.package_identification:_identify(Agricultural_Bot/ros2_ws/src/agri_robot_description/meshes/visual) by extension 'cmake'
[0.129s] Level 1:colcon.colcon_core.package_identification:_identify(Agricultural_Bot/ros2_ws/src/agri_robot_description/meshes/visual) by extension 'python'
[0.129s] Level 1:colcon.colcon_core.package_identification:_identify(Agricultural_Bot/ros2_ws/src/agri_robot_description/meshes/visual) by extensions ['python_setup_py']
[0.129s] Level 1:colcon.colcon_core.package_identification:_identify(Agricultural_Bot/ros2_ws/src/agri_robot_description/meshes/visual) by extension 'python_setup_py'
[0.129s] Level 1:colcon.colcon_core.package_identification:_identify(Agricultural_Bot/ros2_ws/src/agri_robot_description/rviz) by extensions ['ignore', 'ignore_ament_install']
[0.129s] Level 1:colcon.colcon_core.package_identification:_identify(Agricultural_Bot/ros2_ws/src/agri_robot_description/rviz) by extension 'ignore'
[0.129s] Level 1:colcon.colcon_core.package_identification:_identify(Agricultural_Bot/ros2_ws/src/agri_robot_description/rviz) by extension 'ignore_ament_install'
[0.129s] Level 1:colcon.colcon_core.package_identification:_identify(Agricultural_Bot/ros2_ws/src/agri_robot_description/rviz) by extensions ['colcon_pkg']
[0.129s] Level 1:colcon.colcon_core.package_identification:_identify(Agricultural_Bot/ros2_ws/src/agri_robot_description/rviz) by extension 'colcon_pkg'
[0.129s] Level 1:colcon.colcon_core.package_identification:_identify(Agricultural_Bot/ros2_ws/src/agri_robot_description/rviz) by extensions ['colcon_meta']
[0.129s] Level 1:colcon.colcon_core.package_identification:_identify(Agricultural_Bot/ros2_ws/src/agri_robot_description/rviz) by extension 'colcon_meta'
[0.129s] Level 1:colcon.colcon_core.package_identification:_identify(Agricultural_Bot/ros2_ws/src/agri_robot_description/rviz) by extensions ['ros']
[0.129s] Level 1:colcon.colcon_core.package_identification:_identify(Agricultural_Bot/ros2_ws/src/agri_robot_description/rviz) by extension 'ros'
[0.129s] Level 1:colcon.colcon_core.package_identification:_identify(Agricultural_Bot/ros2_ws/src/agri_robot_description/rviz) by extensions ['cmake', 'python']
[0.129s] Level 1:colcon.colcon_core.package_identification:_identify(Agricultural_Bot/ros2_ws/src/agri_robot_description/rviz) by extension 'cmake'
[0.129s] Level 1:colcon.colcon_core.package_identification:_identify(Agricultural_Bot/ros2_ws/src/agri_robot_description/rviz) by extension 'python'
[0.129s] Level 1:colcon.colcon_core.package_identification:_identify(Agricultural_Bot/ros2_ws/src/agri_robot_description/rviz) by extensions ['python_setup_py']
[0.129s] Level 1:colcon.colcon_core.package_identification:_identify(Agricultural_Bot/ros2_ws/src/agri_robot_description/rviz) by extension 'python_setup_py'
[0.130s] Level 1:colcon.colcon_core.package_identification:_identify(Agricultural_Bot/ros2_ws/src/agri_robot_description/urdf) by extensions ['ignore', 'ignore_ament_install']
[0.130s] Level 1:colcon.colcon_core.package_identification:_identify(Agricultural_Bot/ros2_ws/src/agri_robot_description/urdf) by extension 'ignore'
[0.130s] Level 1:colcon.colcon_core.package_identification:_identify(Agricultural_Bot/ros2_ws/src/agri_robot_description/urdf) by extension 'ignore_ament_install'
[0.130s] Level 1:colcon.colcon_core.package_identification:_identify(Agricultural_Bot/ros2_ws/src/agri_robot_description/urdf) by extensions ['colcon_pkg']
[0.130s] Level 1:colcon.colcon_core.package_identification:_identify(Agricultural_Bot/ros2_ws/src/agri_robot_description/urdf) by extension 'colcon_pkg'
[0.130s] Level 1:colcon.colcon_core.package_identification:_identify(Agricultural_Bot/ros2_ws/src/agri_robot_description/urdf) by extensions ['colcon_meta']
[0.130s] Level 1:colcon.colcon_core.package_identification:_identify(Agricultural_Bot/ros2_ws/src/agri_robot_description/urdf) by extension 'colcon_meta'
[0.130s] Level 1:colcon.colcon_core.package_identification:_identify(Agricultural_Bot/ros2_ws/src/agri_robot_description/urdf) by extensions ['ros']
[0.130s] Level 1:colcon.colcon_core.package_identification:_identify(Agricultural_Bot/ros2_ws/src/agri_robot_description/urdf) by extension 'ros'
[0.130s] Level 1:colcon.colcon_core.package_identification:_identify(Agricultural_Bot/ros2_ws/src/agri_robot_description/urdf) by extensions ['cmake', 'python']
[0.130s] Level 1:colcon.colcon_core.package_identification:_identify(Agricultural_Bot/ros2_ws/src/agri_robot_description/urdf) by extension 'cmake'
[0.130s] Level 1:colcon.colcon_core.package_identification:_identify(Agricultural_Bot/ros2_ws/src/agri_robot_description/urdf) by extension 'python'
[0.130s] Level 1:colcon.colcon_core.package_identification:_identify(Agricultural_Bot/ros2_ws/src/agri_robot_description/urdf) by extensions ['python_setup_py']
[0.130s] Level 1:colcon.colcon_core.package_identification:_identify(Agricultural_Bot/ros2_ws/src/agri_robot_description/urdf) by extension 'python_setup_py'
[0.130s] Level 1:colcon.colcon_core.package_identification:_identify(Agricultural_Bot/ros2_ws/src/agri_robot_moveit_config) by extensions ['ignore', 'ignore_ament_install']
[0.130s] Level 1:colcon.colcon_core.package_identification:_identify(Agricultural_Bot/ros2_ws/src/agri_robot_moveit_config) by extension 'ignore'
[0.130s] Level 1:colcon.colcon_core.package_identification:_identify(Agricultural_Bot/ros2_ws/src/agri_robot_moveit_config) by extension 'ignore_ament_install'
[0.130s] Level 1:colcon.colcon_core.package_identification:_identify(Agricultural_Bot/ros2_ws/src/agri_robot_moveit_config) by extensions ['colcon_pkg']
[0.130s] Level 1:colcon.colcon_core.package_identification:_identify(Agricultural_Bot/ros2_ws/src/agri_robot_moveit_config) by extension 'colcon_pkg'
[0.130s] Level 1:colcon.colcon_core.package_identification:_identify(Agricultural_Bot/ros2_ws/src/agri_robot_moveit_config) by extensions ['colcon_meta']
[0.130s] Level 1:colcon.colcon_core.package_identification:_identify(Agricultural_Bot/ros2_ws/src/agri_robot_moveit_config) by extension 'colcon_meta'
[0.130s] Level 1:colcon.colcon_core.package_identification:_identify(Agricultural_Bot/ros2_ws/src/agri_robot_moveit_config) by extensions ['ros']
[0.130s] Level 1:colcon.colcon_core.package_identification:_identify(Agricultural_Bot/ros2_ws/src/agri_robot_moveit_config) by extension 'ros'
[0.130s] Level 1:colcon.colcon_core.package_identification:_identify(Agricultural_Bot/ros2_ws/src/agri_robot_moveit_config) by extensions ['cmake', 'python']
[0.130s] Level 1:colcon.colcon_core.package_identification:_identify(Agricultural_Bot/ros2_ws/src/agri_robot_moveit_config) by extension 'cmake'
[0.130s] Level 1:colcon.colcon_core.package_identification:_identify(Agricultural_Bot/ros2_ws/src/agri_robot_moveit_config) by extension 'python'
[0.130s] Level 1:colcon.colcon_core.package_identification:_identify(Agricultural_Bot/ros2_ws/src/agri_robot_moveit_config) by extensions ['python_setup_py']
[0.130s] Level 1:colcon.colcon_core.package_identification:_identify(Agricultural_Bot/ros2_ws/src/agri_robot_moveit_config) by extension 'python_setup_py'
[0.130s] Level 1:colcon.colcon_core.package_identification:_identify(Agricultural_Bot/ros2_ws/src/agri_robot_moveit_config/config) by extensions ['ignore', 'ignore_ament_install']
[0.130s] Level 1:colcon.colcon_core.package_identification:_identify(Agricultural_Bot/ros2_ws/src/agri_robot_moveit_config/config) by extension 'ignore'
[0.130s] Level 1:colcon.colcon_core.package_identification:_identify(Agricultural_Bot/ros2_ws/src/agri_robot_moveit_config/config) by extension 'ignore_ament_install'
[0.130s] Level 1:colcon.colcon_core.package_identification:_identify(Agricultural_Bot/ros2_ws/src/agri_robot_moveit_config/config) by extensions ['colcon_pkg']
[0.130s] Level 1:colcon.colcon_core.package_identification:_identify(Agricultural_Bot/ros2_ws/src/agri_robot_moveit_config/config) by extension 'colcon_pkg'
[0.130s] Level 1:colcon.colcon_core.package_identification:_identify(Agricultural_Bot/ros2_ws/src/agri_robot_moveit_config/config) by extensions ['colcon_meta']
[0.130s] Level 1:colcon.colcon_core.package_identification:_identify(Agricultural_Bot/ros2_ws/src/agri_robot_moveit_config/config) by extension 'colcon_meta'
[0.130s] Level 1:colcon.colcon_core.package_identification:_identify(Agricultural_Bot/ros2_ws/src/agri_robot_moveit_config/config) by extensions ['ros']
[0.131s] Level 1:colcon.colcon_core.package_identification:_identify(Agricultural_Bot/ros2_ws/src/agri_robot_moveit_config/config) by extension 'ros'
[0.131s] Level 1:colcon.colcon_core.package_identification:_identify(Agricultural_Bot/ros2_ws/src/agri_robot_moveit_config/config) by extensions ['cmake', 'python']
[0.131s] Level 1:colcon.colcon_core.package_identification:_identify(Agricultural_Bot/ros2_ws/src/agri_robot_moveit_config/config) by extension 'cmake'
[0.131s] Level 1:colcon.colcon_core.package_identification:_identify(Agricultural_Bot/ros2_ws/src/agri_robot_moveit_config/config) by extension 'python'
[0.131s] Level 1:colcon.colcon_core.package_identification:_identify(Agricultural_Bot/ros2_ws/src/agri_robot_moveit_config/config) by extensions ['python_setup_py']
[0.131s] Level 1:colcon.colcon_core.package_identification:_identify(Agricultural_Bot/ros2_ws/src/agri_robot_moveit_config/config) by extension 'python_setup_py'
[0.131s] Level 1:colcon.colcon_core.package_identification:_identify(Agricultural_Bot/ros2_ws/src/agri_robot_moveit_config/launch) by extensions ['ignore', 'ignore_ament_install']
[0.131s] Level 1:colcon.colcon_core.package_identification:_identify(Agricultural_Bot/ros2_ws/src/agri_robot_moveit_config/launch) by extension 'ignore'
[0.131s] Level 1:colcon.colcon_core.package_identification:_identify(Agricultural_Bot/ros2_ws/src/agri_robot_moveit_config/launch) by extension 'ignore_ament_install'
[0.131s] Level 1:colcon.colcon_core.package_identification:_identify(Agricultural_Bot/ros2_ws/src/agri_robot_moveit_config/launch) by extensions ['colcon_pkg']
[0.131s] Level 1:colcon.colcon_core.package_identification:_identify(Agricultural_Bot/ros2_ws/src/agri_robot_moveit_config/launch) by extension 'colcon_pkg'
[0.131s] Level 1:colcon.colcon_core.package_identification:_identify(Agricultural_Bot/ros2_ws/src/agri_robot_moveit_config/launch) by extensions ['colcon_meta']
[0.131s] Level 1:colcon.colcon_core.package_identification:_identify(Agricultural_Bot/ros2_ws/src/agri_robot_moveit_config/launch) by extension 'colcon_meta'
[0.131s] Level 1:colcon.colcon_core.package_identification:_identify(Agricultural_Bot/ros2_ws/src/agri_robot_moveit_config/launch) by extensions ['ros']
[0.131s] Level 1:colcon.colcon_core.package_identification:_identify(Agricultural_Bot/ros2_ws/src/agri_robot_moveit_config/launch) by extension 'ros'
[0.131s] Level 1:colcon.colcon_core.package_identification:_identify(Agricultural_Bot/ros2_ws/src/agri_robot_moveit_config/launch) by extensions ['cmake', 'python']
[0.131s] Level 1:colcon.colcon_core.package_identification:_identify(Agricultural_Bot/ros2_ws/src/agri_robot_moveit_config/launch) by extension 'cmake'
[0.131s] Level 1:colcon.colcon_core.package_identification:_identify(Agricultural_Bot/ros2_ws/src/agri_robot_moveit_config/launch) by extension 'python'
[0.131s] Level 1:colcon.colcon_core.package_identification:_identify(Agricultural_Bot/ros2_ws/src/agri_robot_moveit_config/launch) by extensions ['python_setup_py']
[0.131s] Level 1:colcon.colcon_core.package_identification:_identify(Agricultural_Bot/ros2_ws/src/agri_robot_moveit_config/launch) by extension 'python_setup_py'
[0.131s] Level 1:colcon.colcon_core.package_identification:_identify(Agricultural_Bot/ros2_ws/src/agri_task_manager) by extensions ['ignore', 'ignore_ament_install']
[0.131s] Level 1:colcon.colcon_core.package_identification:_identify(Agricultural_Bot/ros2_ws/src/agri_task_manager) by extension 'ignore'
[0.131s] Level 1:colcon.colcon_core.package_identification:_identify(Agricultural_Bot/ros2_ws/src/agri_task_manager) by extension 'ignore_ament_install'
[0.131s] Level 1:colcon.colcon_core.package_identification:_identify(Agricultural_Bot/ros2_ws/src/agri_task_manager) by extensions ['colcon_pkg']
[0.131s] Level 1:colcon.colcon_core.package_identification:_identify(Agricultural_Bot/ros2_ws/src/agri_task_manager) by extension 'colcon_pkg'
[0.131s] Level 1:colcon.colcon_core.package_identification:_identify(Agricultural_Bot/ros2_ws/src/agri_task_manager) by extensions ['colcon_meta']
[0.131s] Level 1:colcon.colcon_core.package_identification:_identify(Agricultural_Bot/ros2_ws/src/agri_task_manager) by extension 'colcon_meta'
[0.131s] Level 1:colcon.colcon_core.package_identification:_identify(Agricultural_Bot/ros2_ws/src/agri_task_manager) by extensions ['ros']
[0.131s] Level 1:colcon.colcon_core.package_identification:_identify(Agricultural_Bot/ros2_ws/src/agri_task_manager) by extension 'ros'
[0.131s] Level 1:colcon.colcon_core.package_identification:_identify(Agricultural_Bot/ros2_ws/src/agri_task_manager) by extensions ['cmake', 'python']
[0.131s] Level 1:colcon.colcon_core.package_identification:_identify(Agricultural_Bot/ros2_ws/src/agri_task_manager) by extension 'cmake'
[0.131s] Level 1:colcon.colcon_core.package_identification:_identify(Agricultural_Bot/ros2_ws/src/agri_task_manager) by extension 'python'
[0.131s] Level 1:colcon.colcon_core.package_identification:_identify(Agricultural_Bot/ros2_ws/src/agri_task_manager) by extensions ['python_setup_py']
[0.131s] Level 1:colcon.colcon_core.package_identification:_identify(Agricultural_Bot/ros2_ws/src/agri_task_manager) by extension 'python_setup_py'
[0.131s] Level 1:colcon.colcon_core.package_identification:_identify(Agricultural_Bot/ros2_ws/src/agri_task_manager/agri_task_manager) by extensions ['ignore', 'ignore_ament_install']
[0.131s] Level 1:colcon.colcon_core.package_identification:_identify(Agricultural_Bot/ros2_ws/src/agri_task_manager/agri_task_manager) by extension 'ignore'
[0.132s] Level 1:colcon.colcon_core.package_identification:_identify(Agricultural_Bot/ros2_ws/src/agri_task_manager/agri_task_manager) by extension 'ignore_ament_install'
[0.132s] Level 1:colcon.colcon_core.package_identification:_identify(Agricultural_Bot/ros2_ws/src/agri_task_manager/agri_task_manager) by extensions ['colcon_pkg']
[0.132s] Level 1:colcon.colcon_core.package_identification:_identify(Agricultural_Bot/ros2_ws/src/agri_task_manager/agri_task_manager) by extension 'colcon_pkg'
[0.132s] Level 1:colcon.colcon_core.package_identification:_identify(Agricultural_Bot/ros2_ws/src/agri_task_manager/agri_task_manager) by extensions ['colcon_meta']
[0.132s] Level 1:colcon.colcon_core.package_identification:_identify(Agricultural_Bot/ros2_ws/src/agri_task_manager/agri_task_manager) by extension 'colcon_meta'
[0.132s] Level 1:colcon.colcon_core.package_identification:_identify(Agricultural_Bot/ros2_ws/src/agri_task_manager/agri_task_manager) by extensions ['ros']
[0.132s] Level 1:colcon.colcon_core.package_identification:_identify(Agricultural_Bot/ros2_ws/src/agri_task_manager/agri_task_manager) by extension 'ros'
[0.132s] Level 1:colcon.colcon_core.package_identification:_identify(Agricultural_Bot/ros2_ws/src/agri_task_manager/agri_task_manager) by extensions ['cmake', 'python']
[0.132s] Level 1:colcon.colcon_core.package_identification:_identify(Agricultural_Bot/ros2_ws/src/agri_task_manager/agri_task_manager) by extension 'cmake'
[0.132s] Level 1:colcon.colcon_core.package_identification:_identify(Agricultural_Bot/ros2_ws/src/agri_task_manager/agri_task_manager) by extension 'python'
[0.132s] Level 1:colcon.colcon_core.package_identification:_identify(Agricultural_Bot/ros2_ws/src/agri_task_manager/agri_task_manager) by extensions ['python_setup_py']
[0.132s] Level 1:colcon.colcon_core.package_identification:_identify(Agricultural_Bot/ros2_ws/src/agri_task_manager/agri_task_manager) by extension 'python_setup_py'
[0.132s] Level 1:colcon.colcon_core.package_identification:_identify(Agricultural_Bot/ros2_ws/src/agri_task_manager/config) by extensions ['ignore', 'ignore_ament_install']
[0.132s] Level 1:colcon.colcon_core.package_identification:_identify(Agricultural_Bot/ros2_ws/src/agri_task_manager/config) by extension 'ignore'
[0.132s] Level 1:colcon.colcon_core.package_identification:_identify(Agricultural_Bot/ros2_ws/src/agri_task_manager/config) by extension 'ignore_ament_install'
[0.132s] Level 1:colcon.colcon_core.package_identification:_identify(Agricultural_Bot/ros2_ws/src/agri_task_manager/config) by extensions ['colcon_pkg']
[0.132s] Level 1:colcon.colcon_core.package_identification:_identify(Agricultural_Bot/ros2_ws/src/agri_task_manager/config) by extension 'colcon_pkg'
[0.132s] Level 1:colcon.colcon_core.package_identification:_identify(Agricultural_Bot/ros2_ws/src/agri_task_manager/config) by extensions ['colcon_meta']
[0.132s] Level 1:colcon.colcon_core.package_identification:_identify(Agricultural_Bot/ros2_ws/src/agri_task_manager/config) by extension 'colcon_meta'
[0.132s] Level 1:colcon.colcon_core.package_identification:_identify(Agricultural_Bot/ros2_ws/src/agri_task_manager/config) by extensions ['ros']
[0.132s] Level 1:colcon.colcon_core.package_identification:_identify(Agricultural_Bot/ros2_ws/src/agri_task_manager/config) by extension 'ros'
[0.132s] Level 1:colcon.colcon_core.package_identification:_identify(Agricultural_Bot/ros2_ws/src/agri_task_manager/config) by extensions ['cmake', 'python']
[0.132s] Level 1:colcon.colcon_core.package_identification:_identify(Agricultural_Bot/ros2_ws/src/agri_task_manager/config) by extension 'cmake'
[0.132s] Level 1:colcon.colcon_core.package_identification:_identify(Agricultural_Bot/ros2_ws/src/agri_task_manager/config) by extension 'python'
[0.132s] Level 1:colcon.colcon_core.package_identification:_identify(Agricultural_Bot/ros2_ws/src/agri_task_manager/config) by extensions ['python_setup_py']
[0.132s] Level 1:colcon.colcon_core.package_identification:_identify(Agricultural_Bot/ros2_ws/src/agri_task_manager/config) by extension 'python_setup_py'
[0.132s] Level 1:colcon.colcon_core.package_identification:_identify(Agricultural_Bot/ros2_ws/src/agri_task_manager/config/missions) by extensions ['ignore', 'ignore_ament_install']
[0.132s] Level 1:colcon.colcon_core.package_identification:_identify(Agricultural_Bot/ros2_ws/src/agri_task_manager/config/missions) by extension 'ignore'
[0.132s] Level 1:colcon.colcon_core.package_identification:_identify(Agricultural_Bot/ros2_ws/src/agri_task_manager/config/missions) by extension 'ignore_ament_install'
[0.132s] Level 1:colcon.colcon_core.package_identification:_identify(Agricultural_Bot/ros2_ws/src/agri_task_manager/config/missions) by extensions ['colcon_pkg']
[0.132s] Level 1:colcon.colcon_core.package_identification:_identify(Agricultural_Bot/ros2_ws/src/agri_task_manager/config/missions) by extension 'colcon_pkg'
[0.132s] Level 1:colcon.colcon_core.package_identification:_identify(Agricultural_Bot/ros2_ws/src/agri_task_manager/config/missions) by extensions ['colcon_meta']
[0.132s] Level 1:colcon.colcon_core.package_identification:_identify(Agricultural_Bot/ros2_ws/src/agri_task_manager/config/missions) by extension 'colcon_meta'
[0.132s] Level 1:colcon.colcon_core.package_identification:_identify(Agricultural_Bot/ros2_ws/src/agri_task_manager/config/missions) by extensions ['ros']
[0.132s] Level 1:colcon.colcon_core.package_identification:_identify(Agricultural_Bot/ros2_ws/src/agri_task_manager/config/missions) by extension 'ros'
[0.133s] Level 1:colcon.colcon_core.package_identification:_identify(Agricultural_Bot/ros2_ws/src/agri_task_manager/config/missions) by extensions ['cmake', 'python']
[0.133s] Level 1:colcon.colcon_core.package_identification:_identify(Agricultural_Bot/ros2_ws/src/agri_task_manager/config/missions) by extension 'cmake'
[0.133s] Level 1:colcon.colcon_core.package_identification:_identify(Agricultural_Bot/ros2_ws/src/agri_task_manager/config/missions) by extension 'python'
[0.133s] Level 1:colcon.colcon_core.package_identification:_identify(Agricultural_Bot/ros2_ws/src/agri_task_manager/config/missions) by extensions ['python_setup_py']
[0.133s] Level 1:colcon.colcon_core.package_identification:_identify(Agricultural_Bot/ros2_ws/src/agri_task_manager/config/missions) by extension 'python_setup_py'
[0.133s] Level 1:colcon.colcon_core.package_identification:_identify(Agricultural_Bot/ros2_ws/src/agri_task_manager/launch) by extensions ['ignore', 'ignore_ament_install']
[0.133s] Level 1:colcon.colcon_core.package_identification:_identify(Agricultural_Bot/ros2_ws/src/agri_task_manager/launch) by extension 'ignore'
[0.133s] Level 1:colcon.colcon_core.package_identification:_identify(Agricultural_Bot/ros2_ws/src/agri_task_manager/launch) by extension 'ignore_ament_install'
[0.133s] Level 1:colcon.colcon_core.package_identification:_identify(Agricultural_Bot/ros2_ws/src/agri_task_manager/launch) by extensions ['colcon_pkg']
[0.133s] Level 1:colcon.colcon_core.package_identification:_identify(Agricultural_Bot/ros2_ws/src/agri_task_manager/launch) by extension 'colcon_pkg'
[0.133s] Level 1:colcon.colcon_core.package_identification:_identify(Agricultural_Bot/ros2_ws/src/agri_task_manager/launch) by extensions ['colcon_meta']
[0.133s] Level 1:colcon.colcon_core.package_identification:_identify(Agricultural_Bot/ros2_ws/src/agri_task_manager/launch) by extension 'colcon_meta'
[0.133s] Level 1:colcon.colcon_core.package_identification:_identify(Agricultural_Bot/ros2_ws/src/agri_task_manager/launch) by extensions ['ros']
[0.133s] Level 1:colcon.colcon_core.package_identification:_identify(Agricultural_Bot/ros2_ws/src/agri_task_manager/launch) by extension 'ros'
[0.133s] Level 1:colcon.colcon_core.package_identification:_identify(Agricultural_Bot/ros2_ws/src/agri_task_manager/launch) by extensions ['cmake', 'python']
[0.133s] Level 1:colcon.colcon_core.package_identification:_identify(Agricultural_Bot/ros2_ws/src/agri_task_manager/launch) by extension 'cmake'
[0.133s] Level 1:colcon.colcon_core.package_identification:_identify(Agricultural_Bot/ros2_ws/src/agri_task_manager/launch) by extension 'python'
[0.133s] Level 1:colcon.colcon_core.package_identification:_identify(Agricultural_Bot/ros2_ws/src/agri_task_manager/launch) by extensions ['python_setup_py']
[0.133s] Level 1:colcon.colcon_core.package_identification:_identify(Agricultural_Bot/ros2_ws/src/agri_task_manager/launch) by extension 'python_setup_py'
[0.133s] Level 1:colcon.colcon_core.package_identification:_identify(Agricultural_Bot/ros2_ws/src/agri_task_manager/test) by extensions ['ignore', 'ignore_ament_install']
[0.133s] Level 1:colcon.colcon_core.package_identification:_identify(Agricultural_Bot/ros2_ws/src/agri_task_manager/test) by extension 'ignore'
[0.133s] Level 1:colcon.colcon_core.package_identification:_identify(Agricultural_Bot/ros2_ws/src/agri_task_manager/test) by extension 'ignore_ament_install'
[0.133s] Level 1:colcon.colcon_core.package_identification:_identify(Agricultural_Bot/ros2_ws/src/agri_task_manager/test) by extensions ['colcon_pkg']
[0.133s] Level 1:colcon.colcon_core.package_identification:_identify(Agricultural_Bot/ros2_ws/src/agri_task_manager/test) by extension 'colcon_pkg'
[0.133s] Level 1:colcon.colcon_core.package_identification:_identify(Agricultural_Bot/ros2_ws/src/agri_task_manager/test) by extensions ['colcon_meta']
[0.133s] Level 1:colcon.colcon_core.package_identification:_identify(Agricultural_Bot/ros2_ws/src/agri_task_manager/test) by extension 'colcon_meta'
[0.133s] Level 1:colcon.colcon_core.package_identification:_identify(Agricultural_Bot/ros2_ws/src/agri_task_manager/test) by extensions ['ros']
[0.133s] Level 1:colcon.colcon_core.package_identification:_identify(Agricultural_Bot/ros2_ws/src/agri_task_manager/test) by extension 'ros'
[0.133s] Level 1:colcon.colcon_core.package_identification:_identify(Agricultural_Bot/ros2_ws/src/agri_task_manager/test) by extensions ['cmake', 'python']
[0.133s] Level 1:colcon.colcon_core.package_identification:_identify(Agricultural_Bot/ros2_ws/src/agri_task_manager/test) by extension 'cmake'
[0.133s] Level 1:colcon.colcon_core.package_identification:_identify(Agricultural_Bot/ros2_ws/src/agri_task_manager/test) by extension 'python'
[0.133s] Level 1:colcon.colcon_core.package_identification:_identify(Agricultural_Bot/ros2_ws/src/agri_task_manager/test) by extensions ['python_setup_py']
[0.133s] Level 1:colcon.colcon_core.package_identification:_identify(Agricultural_Bot/ros2_ws/src/agri_task_manager/test) by extension 'python_setup_py'
[0.133s] Level 1:colcon.colcon_core.package_identification:_identify(Agricultural_Bot/ros2_ws/src/agri_tests) by extensions ['ignore', 'ignore_ament_install']
[0.133s] Level 1:colcon.colcon_core.package_identification:_identify(Agricultural_Bot/ros2_ws/src/agri_tests) by extension 'ignore'
[0.133s] Level 1:colcon.colcon_core.package_identification:_identify(Agricultural_Bot/ros2_ws/src/agri_tests) by extension 'ignore_ament_install'
[0.133s] Level 1:colcon.colcon_core.package_identification:_identify(Agricultural_Bot/ros2_ws/src/agri_tests) by extensions ['colcon_pkg']
[0.134s] Level 1:colcon.colcon_core.package_identification:_identify(Agricultural_Bot/ros2_ws/src/agri_tests) by extension 'colcon_pkg'
[0.134s] Level 1:colcon.colcon_core.package_identification:_identify(Agricultural_Bot/ros2_ws/src/agri_tests) by extensions ['colcon_meta']
[0.134s] Level 1:colcon.colcon_core.package_identification:_identify(Agricultural_Bot/ros2_ws/src/agri_tests) by extension 'colcon_meta'
[0.134s] Level 1:colcon.colcon_core.package_identification:_identify(Agricultural_Bot/ros2_ws/src/agri_tests) by extensions ['ros']
[0.134s] Level 1:colcon.colcon_core.package_identification:_identify(Agricultural_Bot/ros2_ws/src/agri_tests) by extension 'ros'
[0.134s] Level 1:colcon.colcon_core.package_identification:_identify(Agricultural_Bot/ros2_ws/src/agri_tests) by extensions ['cmake', 'python']
[0.134s] Level 1:colcon.colcon_core.package_identification:_identify(Agricultural_Bot/ros2_ws/src/agri_tests) by extension 'cmake'
[0.134s] Level 1:colcon.colcon_core.package_identification:_identify(Agricultural_Bot/ros2_ws/src/agri_tests) by extension 'python'
[0.134s] Level 1:colcon.colcon_core.package_identification:_identify(Agricultural_Bot/ros2_ws/src/agri_tests) by extensions ['python_setup_py']
[0.134s] Level 1:colcon.colcon_core.package_identification:_identify(Agricultural_Bot/ros2_ws/src/agri_tests) by extension 'python_setup_py'
[0.134s] Level 1:colcon.colcon_core.package_identification:_identify(Agricultural_Bot/ros2_ws/src/agri_tests/test) by extensions ['ignore', 'ignore_ament_install']
[0.134s] Level 1:colcon.colcon_core.package_identification:_identify(Agricultural_Bot/ros2_ws/src/agri_tests/test) by extension 'ignore'
[0.134s] Level 1:colcon.colcon_core.package_identification:_identify(Agricultural_Bot/ros2_ws/src/agri_tests/test) by extension 'ignore_ament_install'
[0.134s] Level 1:colcon.colcon_core.package_identification:_identify(Agricultural_Bot/ros2_ws/src/agri_tests/test) by extensions ['colcon_pkg']
[0.134s] Level 1:colcon.colcon_core.package_identification:_identify(Agricultural_Bot/ros2_ws/src/agri_tests/test) by extension 'colcon_pkg'
[0.134s] Level 1:colcon.colcon_core.package_identification:_identify(Agricultural_Bot/ros2_ws/src/agri_tests/test) by extensions ['colcon_meta']
[0.134s] Level 1:colcon.colcon_core.package_identification:_identify(Agricultural_Bot/ros2_ws/src/agri_tests/test) by extension 'colcon_meta'
[0.134s] Level 1:colcon.colcon_core.package_identification:_identify(Agricultural_Bot/ros2_ws/src/agri_tests/test) by extensions ['ros']
[0.134s] Level 1:colcon.colcon_core.package_identification:_identify(Agricultural_Bot/ros2_ws/src/agri_tests/test) by extension 'ros'
[0.134s] Level 1:colcon.colcon_core.package_identification:_identify(Agricultural_Bot/ros2_ws/src/agri_tests/test) by extensions ['cmake', 'python']
[0.134s] Level 1:colcon.colcon_core.package_identification:_identify(Agricultural_Bot/ros2_ws/src/agri_tests/test) by extension 'cmake'
[0.134s] Level 1:colcon.colcon_core.package_identification:_identify(Agricultural_Bot/ros2_ws/src/agri_tests/test) by extension 'python'
[0.134s] Level 1:colcon.colcon_core.package_identification:_identify(Agricultural_Bot/ros2_ws/src/agri_tests/test) by extensions ['python_setup_py']
[0.134s] Level 1:colcon.colcon_core.package_identification:_identify(Agricultural_Bot/ros2_ws/src/agri_tests/test) by extension 'python_setup_py'
[0.134s] Level 1:colcon.colcon_core.package_identification:_identify(Agricultural_Bot/ros2_ws/src/agri_tests/test_data) by extensions ['ignore', 'ignore_ament_install']
[0.134s] Level 1:colcon.colcon_core.package_identification:_identify(Agricultural_Bot/ros2_ws/src/agri_tests/test_data) by extension 'ignore'
[0.134s] Level 1:colcon.colcon_core.package_identification:_identify(Agricultural_Bot/ros2_ws/src/agri_tests/test_data) by extension 'ignore_ament_install'
[0.134s] Level 1:colcon.colcon_core.package_identification:_identify(Agricultural_Bot/ros2_ws/src/agri_tests/test_data) by extensions ['colcon_pkg']
[0.134s] Level 1:colcon.colcon_core.package_identification:_identify(Agricultural_Bot/ros2_ws/src/agri_tests/test_data) by extension 'colcon_pkg'
[0.134s] Level 1:colcon.colcon_core.package_identification:_identify(Agricultural_Bot/ros2_ws/src/agri_tests/test_data) by extensions ['colcon_meta']
[0.134s] Level 1:colcon.colcon_core.package_identification:_identify(Agricultural_Bot/ros2_ws/src/agri_tests/test_data) by extension 'colcon_meta'
[0.134s] Level 1:colcon.colcon_core.package_identification:_identify(Agricultural_Bot/ros2_ws/src/agri_tests/test_data) by extensions ['ros']
[0.134s] Level 1:colcon.colcon_core.package_identification:_identify(Agricultural_Bot/ros2_ws/src/agri_tests/test_data) by extension 'ros'
[0.134s] Level 1:colcon.colcon_core.package_identification:_identify(Agricultural_Bot/ros2_ws/src/agri_tests/test_data) by extensions ['cmake', 'python']
[0.134s] Level 1:colcon.colcon_core.package_identification:_identify(Agricultural_Bot/ros2_ws/src/agri_tests/test_data) by extension 'cmake'
[0.134s] Level 1:colcon.colcon_core.package_identification:_identify(Agricultural_Bot/ros2_ws/src/agri_tests/test_data) by extension 'python'
[0.134s] Level 1:colcon.colcon_core.package_identification:_identify(Agricultural_Bot/ros2_ws/src/agri_tests/test_data) by extensions ['python_setup_py']
[0.134s] Level 1:colcon.colcon_core.package_identification:_identify(Agricultural_Bot/ros2_ws/src/agri_tests/test_data) by extension 'python_setup_py'
[0.135s] Level 1:colcon.colcon_core.package_identification:_identify(Agricultural_Bot/sim_ws/src) by extensions ['ignore', 'ignore_ament_install']
[0.135s] Level 1:colcon.colcon_core.package_identification:_identify(Agricultural_Bot/sim_ws/src) by extension 'ignore'
[0.135s] Level 1:colcon.colcon_core.package_identification:_identify(Agricultural_Bot/sim_ws/src) by extension 'ignore_ament_install'
[0.135s] Level 1:colcon.colcon_core.package_identification:_identify(Agricultural_Bot/sim_ws/src) by extensions ['colcon_pkg']
[0.135s] Level 1:colcon.colcon_core.package_identification:_identify(Agricultural_Bot/sim_ws/src) by extension 'colcon_pkg'
[0.135s] Level 1:colcon.colcon_core.package_identification:_identify(Agricultural_Bot/sim_ws/src) by extensions ['colcon_meta']
[0.135s] Level 1:colcon.colcon_core.package_identification:_identify(Agricultural_Bot/sim_ws/src) by extension 'colcon_meta'
[0.135s] Level 1:colcon.colcon_core.package_identification:_identify(Agricultural_Bot/sim_ws/src) by extensions ['ros']
[0.135s] Level 1:colcon.colcon_core.package_identification:_identify(Agricultural_Bot/sim_ws/src) by extension 'ros'
[0.135s] Level 1:colcon.colcon_core.package_identification:_identify(Agricultural_Bot/sim_ws/src) by extensions ['cmake', 'python']
[0.135s] Level 1:colcon.colcon_core.package_identification:_identify(Agricultural_Bot/sim_ws/src) by extension 'cmake'
[0.135s] Level 1:colcon.colcon_core.package_identification:_identify(Agricultural_Bot/sim_ws/src) by extension 'python'
[0.135s] Level 1:colcon.colcon_core.package_identification:_identify(Agricultural_Bot/sim_ws/src) by extensions ['python_setup_py']
[0.135s] Level 1:colcon.colcon_core.package_identification:_identify(Agricultural_Bot/sim_ws/src) by extension 'python_setup_py'
[0.135s] Level 1:colcon.colcon_core.package_identification:_identify(Agricultural_Bot/sim_ws/src/agri_greenhouse_worlds) by extensions ['ignore', 'ignore_ament_install']
[0.135s] Level 1:colcon.colcon_core.package_identification:_identify(Agricultural_Bot/sim_ws/src/agri_greenhouse_worlds) by extension 'ignore'
[0.135s] Level 1:colcon.colcon_core.package_identification:_identify(Agricultural_Bot/sim_ws/src/agri_greenhouse_worlds) by extension 'ignore_ament_install'
[0.135s] Level 1:colcon.colcon_core.package_identification:_identify(Agricultural_Bot/sim_ws/src/agri_greenhouse_worlds) by extensions ['colcon_pkg']
[0.135s] Level 1:colcon.colcon_core.package_identification:_identify(Agricultural_Bot/sim_ws/src/agri_greenhouse_worlds) by extension 'colcon_pkg'
[0.135s] Level 1:colcon.colcon_core.package_identification:_identify(Agricultural_Bot/sim_ws/src/agri_greenhouse_worlds) by extensions ['colcon_meta']
[0.135s] Level 1:colcon.colcon_core.package_identification:_identify(Agricultural_Bot/sim_ws/src/agri_greenhouse_worlds) by extension 'colcon_meta'
[0.135s] Level 1:colcon.colcon_core.package_identification:_identify(Agricultural_Bot/sim_ws/src/agri_greenhouse_worlds) by extensions ['ros']
[0.135s] Level 1:colcon.colcon_core.package_identification:_identify(Agricultural_Bot/sim_ws/src/agri_greenhouse_worlds) by extension 'ros'
[0.135s] Level 1:colcon.colcon_core.package_identification:_identify(Agricultural_Bot/sim_ws/src/agri_greenhouse_worlds) by extensions ['cmake', 'python']
[0.135s] Level 1:colcon.colcon_core.package_identification:_identify(Agricultural_Bot/sim_ws/src/agri_greenhouse_worlds) by extension 'cmake'
[0.135s] Level 1:colcon.colcon_core.package_identification:_identify(Agricultural_Bot/sim_ws/src/agri_greenhouse_worlds) by extension 'python'
[0.135s] Level 1:colcon.colcon_core.package_identification:_identify(Agricultural_Bot/sim_ws/src/agri_greenhouse_worlds) by extensions ['python_setup_py']
[0.135s] Level 1:colcon.colcon_core.package_identification:_identify(Agricultural_Bot/sim_ws/src/agri_greenhouse_worlds) by extension 'python_setup_py'
[0.135s] Level 1:colcon.colcon_core.package_identification:_identify(Agricultural_Bot/sim_ws/src/agri_greenhouse_worlds/config) by extensions ['ignore', 'ignore_ament_install']
[0.135s] Level 1:colcon.colcon_core.package_identification:_identify(Agricultural_Bot/sim_ws/src/agri_greenhouse_worlds/config) by extension 'ignore'
[0.135s] Level 1:colcon.colcon_core.package_identification:_identify(Agricultural_Bot/sim_ws/src/agri_greenhouse_worlds/config) by extension 'ignore_ament_install'
[0.135s] Level 1:colcon.colcon_core.package_identification:_identify(Agricultural_Bot/sim_ws/src/agri_greenhouse_worlds/config) by extensions ['colcon_pkg']
[0.135s] Level 1:colcon.colcon_core.package_identification:_identify(Agricultural_Bot/sim_ws/src/agri_greenhouse_worlds/config) by extension 'colcon_pkg'
[0.136s] Level 1:colcon.colcon_core.package_identification:_identify(Agricultural_Bot/sim_ws/src/agri_greenhouse_worlds/config) by extensions ['colcon_meta']
[0.136s] Level 1:colcon.colcon_core.package_identification:_identify(Agricultural_Bot/sim_ws/src/agri_greenhouse_worlds/config) by extension 'colcon_meta'
[0.136s] Level 1:colcon.colcon_core.package_identification:_identify(Agricultural_Bot/sim_ws/src/agri_greenhouse_worlds/config) by extensions ['ros']
[0.136s] Level 1:colcon.colcon_core.package_identification:_identify(Agricultural_Bot/sim_ws/src/agri_greenhouse_worlds/config) by extension 'ros'
[0.136s] Level 1:colcon.colcon_core.package_identification:_identify(Agricultural_Bot/sim_ws/src/agri_greenhouse_worlds/config) by extensions ['cmake', 'python']
[0.136s] Level 1:colcon.colcon_core.package_identification:_identify(Agricultural_Bot/sim_ws/src/agri_greenhouse_worlds/config) by extension 'cmake'
[0.136s] Level 1:colcon.colcon_core.package_identification:_identify(Agricultural_Bot/sim_ws/src/agri_greenhouse_worlds/config) by extension 'python'
[0.136s] Level 1:colcon.colcon_core.package_identification:_identify(Agricultural_Bot/sim_ws/src/agri_greenhouse_worlds/config) by extensions ['python_setup_py']
[0.136s] Level 1:colcon.colcon_core.package_identification:_identify(Agricultural_Bot/sim_ws/src/agri_greenhouse_worlds/config) by extension 'python_setup_py'
[0.136s] Level 1:colcon.colcon_core.package_identification:_identify(Agricultural_Bot/sim_ws/src/agri_greenhouse_worlds/models) by extensions ['ignore', 'ignore_ament_install']
[0.136s] Level 1:colcon.colcon_core.package_identification:_identify(Agricultural_Bot/sim_ws/src/agri_greenhouse_worlds/models) by extension 'ignore'
[0.136s] Level 1:colcon.colcon_core.package_identification:_identify(Agricultural_Bot/sim_ws/src/agri_greenhouse_worlds/models) by extension 'ignore_ament_install'
[0.136s] Level 1:colcon.colcon_core.package_identification:_identify(Agricultural_Bot/sim_ws/src/agri_greenhouse_worlds/models) by extensions ['colcon_pkg']
[0.136s] Level 1:colcon.colcon_core.package_identification:_identify(Agricultural_Bot/sim_ws/src/agri_greenhouse_worlds/models) by extension 'colcon_pkg'
[0.136s] Level 1:colcon.colcon_core.package_identification:_identify(Agricultural_Bot/sim_ws/src/agri_greenhouse_worlds/models) by extensions ['colcon_meta']
[0.136s] Level 1:colcon.colcon_core.package_identification:_identify(Agricultural_Bot/sim_ws/src/agri_greenhouse_worlds/models) by extension 'colcon_meta'
[0.136s] Level 1:colcon.colcon_core.package_identification:_identify(Agricultural_Bot/sim_ws/src/agri_greenhouse_worlds/models) by extensions ['ros']
[0.136s] Level 1:colcon.colcon_core.package_identification:_identify(Agricultural_Bot/sim_ws/src/agri_greenhouse_worlds/models) by extension 'ros'
[0.136s] Level 1:colcon.colcon_core.package_identification:_identify(Agricultural_Bot/sim_ws/src/agri_greenhouse_worlds/models) by extensions ['cmake', 'python']
[0.136s] Level 1:colcon.colcon_core.package_identification:_identify(Agricultural_Bot/sim_ws/src/agri_greenhouse_worlds/models) by extension 'cmake'
[0.136s] Level 1:colcon.colcon_core.package_identification:_identify(Agricultural_Bot/sim_ws/src/agri_greenhouse_worlds/models) by extension 'python'
[0.136s] Level 1:colcon.colcon_core.package_identification:_identify(Agricultural_Bot/sim_ws/src/agri_greenhouse_worlds/models) by extensions ['python_setup_py']
[0.136s] Level 1:colcon.colcon_core.package_identification:_identify(Agricultural_Bot/sim_ws/src/agri_greenhouse_worlds/models) by extension 'python_setup_py'
[0.136s] Level 1:colcon.colcon_core.package_identification:_identify(Agricultural_Bot/sim_ws/src/agri_greenhouse_worlds/scripts) by extensions ['ignore', 'ignore_ament_install']
[0.136s] Level 1:colcon.colcon_core.package_identification:_identify(Agricultural_Bot/sim_ws/src/agri_greenhouse_worlds/scripts) by extension 'ignore'
[0.136s] Level 1:colcon.colcon_core.package_identification:_identify(Agricultural_Bot/sim_ws/src/agri_greenhouse_worlds/scripts) by extension 'ignore_ament_install'
[0.136s] Level 1:colcon.colcon_core.package_identification:_identify(Agricultural_Bot/sim_ws/src/agri_greenhouse_worlds/scripts) by extensions ['colcon_pkg']
[0.136s] Level 1:colcon.colcon_core.package_identification:_identify(Agricultural_Bot/sim_ws/src/agri_greenhouse_worlds/scripts) by extension 'colcon_pkg'
[0.136s] Level 1:colcon.colcon_core.package_identification:_identify(Agricultural_Bot/sim_ws/src/agri_greenhouse_worlds/scripts) by extensions ['colcon_meta']
[0.136s] Level 1:colcon.colcon_core.package_identification:_identify(Agricultural_Bot/sim_ws/src/agri_greenhouse_worlds/scripts) by extension 'colcon_meta'
[0.136s] Level 1:colcon.colcon_core.package_identification:_identify(Agricultural_Bot/sim_ws/src/agri_greenhouse_worlds/scripts) by extensions ['ros']
[0.136s] Level 1:colcon.colcon_core.package_identification:_identify(Agricultural_Bot/sim_ws/src/agri_greenhouse_worlds/scripts) by extension 'ros'
[0.136s] Level 1:colcon.colcon_core.package_identification:_identify(Agricultural_Bot/sim_ws/src/agri_greenhouse_worlds/scripts) by extensions ['cmake', 'python']
[0.136s] Level 1:colcon.colcon_core.package_identification:_identify(Agricultural_Bot/sim_ws/src/agri_greenhouse_worlds/scripts) by extension 'cmake'
[0.136s] Level 1:colcon.colcon_core.package_identification:_identify(Agricultural_Bot/sim_ws/src/agri_greenhouse_worlds/scripts) by extension 'python'
[0.136s] Level 1:colcon.colcon_core.package_identification:_identify(Agricultural_Bot/sim_ws/src/agri_greenhouse_worlds/scripts) by extensions ['python_setup_py']
[0.137s] Level 1:colcon.colcon_core.package_identification:_identify(Agricultural_Bot/sim_ws/src/agri_greenhouse_worlds/scripts) by extension 'python_setup_py'
[0.137s] Level 1:colcon.colcon_core.package_identification:_identify(Agricultural_Bot/sim_ws/src/agri_greenhouse_worlds/worlds) by extensions ['ignore', 'ignore_ament_install']
[0.137s] Level 1:colcon.colcon_core.package_identification:_identify(Agricultural_Bot/sim_ws/src/agri_greenhouse_worlds/worlds) by extension 'ignore'
[0.137s] Level 1:colcon.colcon_core.package_identification:_identify(Agricultural_Bot/sim_ws/src/agri_greenhouse_worlds/worlds) by extension 'ignore_ament_install'
[0.137s] Level 1:colcon.colcon_core.package_identification:_identify(Agricultural_Bot/sim_ws/src/agri_greenhouse_worlds/worlds) by extensions ['colcon_pkg']
[0.137s] Level 1:colcon.colcon_core.package_identification:_identify(Agricultural_Bot/sim_ws/src/agri_greenhouse_worlds/worlds) by extension 'colcon_pkg'
[0.137s] Level 1:colcon.colcon_core.package_identification:_identify(Agricultural_Bot/sim_ws/src/agri_greenhouse_worlds/worlds) by extensions ['colcon_meta']
[0.137s] Level 1:colcon.colcon_core.package_identification:_identify(Agricultural_Bot/sim_ws/src/agri_greenhouse_worlds/worlds) by extension 'colcon_meta'
[0.137s] Level 1:colcon.colcon_core.package_identification:_identify(Agricultural_Bot/sim_ws/src/agri_greenhouse_worlds/worlds) by extensions ['ros']
[0.137s] Level 1:colcon.colcon_core.package_identification:_identify(Agricultural_Bot/sim_ws/src/agri_greenhouse_worlds/worlds) by extension 'ros'
[0.137s] Level 1:colcon.colcon_core.package_identification:_identify(Agricultural_Bot/sim_ws/src/agri_greenhouse_worlds/worlds) by extensions ['cmake', 'python']
[0.137s] Level 1:colcon.colcon_core.package_identification:_identify(Agricultural_Bot/sim_ws/src/agri_greenhouse_worlds/worlds) by extension 'cmake'
[0.137s] Level 1:colcon.colcon_core.package_identification:_identify(Agricultural_Bot/sim_ws/src/agri_greenhouse_worlds/worlds) by extension 'python'
[0.137s] Level 1:colcon.colcon_core.package_identification:_identify(Agricultural_Bot/sim_ws/src/agri_greenhouse_worlds/worlds) by extensions ['python_setup_py']
[0.137s] Level 1:colcon.colcon_core.package_identification:_identify(Agricultural_Bot/sim_ws/src/agri_greenhouse_worlds/worlds) by extension 'python_setup_py'
[0.137s] Level 1:colcon.colcon_core.package_identification:_identify(Agricultural_Bot/sim_ws/src/agri_sim_assets) by extensions ['ignore', 'ignore_ament_install']
[0.137s] Level 1:colcon.colcon_core.package_identification:_identify(Agricultural_Bot/sim_ws/src/agri_sim_assets) by extension 'ignore'
[0.137s] Level 1:colcon.colcon_core.package_identification:_identify(Agricultural_Bot/sim_ws/src/agri_sim_assets) by extension 'ignore_ament_install'
[0.137s] Level 1:colcon.colcon_core.package_identification:_identify(Agricultural_Bot/sim_ws/src/agri_sim_assets) by extensions ['colcon_pkg']
[0.137s] Level 1:colcon.colcon_core.package_identification:_identify(Agricultural_Bot/sim_ws/src/agri_sim_assets) by extension 'colcon_pkg'
[0.137s] Level 1:colcon.colcon_core.package_identification:_identify(Agricultural_Bot/sim_ws/src/agri_sim_assets) by extensions ['colcon_meta']
[0.137s] Level 1:colcon.colcon_core.package_identification:_identify(Agricultural_Bot/sim_ws/src/agri_sim_assets) by extension 'colcon_meta'
[0.137s] Level 1:colcon.colcon_core.package_identification:_identify(Agricultural_Bot/sim_ws/src/agri_sim_assets) by extensions ['ros']
[0.137s] Level 1:colcon.colcon_core.package_identification:_identify(Agricultural_Bot/sim_ws/src/agri_sim_assets) by extension 'ros'
[0.137s] Level 1:colcon.colcon_core.package_identification:_identify(Agricultural_Bot/sim_ws/src/agri_sim_assets) by extensions ['cmake', 'python']
[0.137s] Level 1:colcon.colcon_core.package_identification:_identify(Agricultural_Bot/sim_ws/src/agri_sim_assets) by extension 'cmake'
[0.137s] Level 1:colcon.colcon_core.package_identification:_identify(Agricultural_Bot/sim_ws/src/agri_sim_assets) by extension 'python'
[0.137s] Level 1:colcon.colcon_core.package_identification:_identify(Agricultural_Bot/sim_ws/src/agri_sim_assets) by extensions ['python_setup_py']
[0.137s] Level 1:colcon.colcon_core.package_identification:_identify(Agricultural_Bot/sim_ws/src/agri_sim_assets) by extension 'python_setup_py'
[0.137s] Level 1:colcon.colcon_core.package_identification:_identify(Agricultural_Bot/sim_ws/src/agri_sim_assets/materials) by extensions ['ignore', 'ignore_ament_install']
[0.137s] Level 1:colcon.colcon_core.package_identification:_identify(Agricultural_Bot/sim_ws/src/agri_sim_assets/materials) by extension 'ignore'
[0.137s] Level 1:colcon.colcon_core.package_identification:_identify(Agricultural_Bot/sim_ws/src/agri_sim_assets/materials) by extension 'ignore_ament_install'
[0.137s] Level 1:colcon.colcon_core.package_identification:_identify(Agricultural_Bot/sim_ws/src/agri_sim_assets/materials) by extensions ['colcon_pkg']
[0.137s] Level 1:colcon.colcon_core.package_identification:_identify(Agricultural_Bot/sim_ws/src/agri_sim_assets/materials) by extension 'colcon_pkg'
[0.137s] Level 1:colcon.colcon_core.package_identification:_identify(Agricultural_Bot/sim_ws/src/agri_sim_assets/materials) by extensions ['colcon_meta']
[0.137s] Level 1:colcon.colcon_core.package_identification:_identify(Agricultural_Bot/sim_ws/src/agri_sim_assets/materials) by extension 'colcon_meta'
[0.138s] Level 1:colcon.colcon_core.package_identification:_identify(Agricultural_Bot/sim_ws/src/agri_sim_assets/materials) by extensions ['ros']
[0.138s] Level 1:colcon.colcon_core.package_identification:_identify(Agricultural_Bot/sim_ws/src/agri_sim_assets/materials) by extension 'ros'
[0.138s] Level 1:colcon.colcon_core.package_identification:_identify(Agricultural_Bot/sim_ws/src/agri_sim_assets/materials) by extensions ['cmake', 'python']
[0.138s] Level 1:colcon.colcon_core.package_identification:_identify(Agricultural_Bot/sim_ws/src/agri_sim_assets/materials) by extension 'cmake'
[0.138s] Level 1:colcon.colcon_core.package_identification:_identify(Agricultural_Bot/sim_ws/src/agri_sim_assets/materials) by extension 'python'
[0.138s] Level 1:colcon.colcon_core.package_identification:_identify(Agricultural_Bot/sim_ws/src/agri_sim_assets/materials) by extensions ['python_setup_py']
[0.138s] Level 1:colcon.colcon_core.package_identification:_identify(Agricultural_Bot/sim_ws/src/agri_sim_assets/materials) by extension 'python_setup_py'
[0.138s] Level 1:colcon.colcon_core.package_identification:_identify(Agricultural_Bot/sim_ws/src/agri_sim_assets/materials/textures) by extensions ['ignore', 'ignore_ament_install']
[0.138s] Level 1:colcon.colcon_core.package_identification:_identify(Agricultural_Bot/sim_ws/src/agri_sim_assets/materials/textures) by extension 'ignore'
[0.138s] Level 1:colcon.colcon_core.package_identification:_identify(Agricultural_Bot/sim_ws/src/agri_sim_assets/materials/textures) by extension 'ignore_ament_install'
[0.138s] Level 1:colcon.colcon_core.package_identification:_identify(Agricultural_Bot/sim_ws/src/agri_sim_assets/materials/textures) by extensions ['colcon_pkg']
[0.138s] Level 1:colcon.colcon_core.package_identification:_identify(Agricultural_Bot/sim_ws/src/agri_sim_assets/materials/textures) by extension 'colcon_pkg'
[0.138s] Level 1:colcon.colcon_core.package_identification:_identify(Agricultural_Bot/sim_ws/src/agri_sim_assets/materials/textures) by extensions ['colcon_meta']
[0.138s] Level 1:colcon.colcon_core.package_identification:_identify(Agricultural_Bot/sim_ws/src/agri_sim_assets/materials/textures) by extension 'colcon_meta'
[0.138s] Level 1:colcon.colcon_core.package_identification:_identify(Agricultural_Bot/sim_ws/src/agri_sim_assets/materials/textures) by extensions ['ros']
[0.138s] Level 1:colcon.colcon_core.package_identification:_identify(Agricultural_Bot/sim_ws/src/agri_sim_assets/materials/textures) by extension 'ros'
[0.138s] Level 1:colcon.colcon_core.package_identification:_identify(Agricultural_Bot/sim_ws/src/agri_sim_assets/materials/textures) by extensions ['cmake', 'python']
[0.138s] Level 1:colcon.colcon_core.package_identification:_identify(Agricultural_Bot/sim_ws/src/agri_sim_assets/materials/textures) by extension 'cmake'
[0.138s] Level 1:colcon.colcon_core.package_identification:_identify(Agricultural_Bot/sim_ws/src/agri_sim_assets/materials/textures) by extension 'python'
[0.138s] Level 1:colcon.colcon_core.package_identification:_identify(Agricultural_Bot/sim_ws/src/agri_sim_assets/materials/textures) by extensions ['python_setup_py']
[0.138s] Level 1:colcon.colcon_core.package_identification:_identify(Agricultural_Bot/sim_ws/src/agri_sim_assets/materials/textures) by extension 'python_setup_py'
[0.138s] Level 1:colcon.colcon_core.package_identification:_identify(Agricultural_Bot/sim_ws/src/agri_sim_assets/meshes) by extensions ['ignore', 'ignore_ament_install']
[0.138s] Level 1:colcon.colcon_core.package_identification:_identify(Agricultural_Bot/sim_ws/src/agri_sim_assets/meshes) by extension 'ignore'
[0.138s] Level 1:colcon.colcon_core.package_identification:_identify(Agricultural_Bot/sim_ws/src/agri_sim_assets/meshes) by extension 'ignore_ament_install'
[0.138s] Level 1:colcon.colcon_core.package_identification:_identify(Agricultural_Bot/sim_ws/src/agri_sim_assets/meshes) by extensions ['colcon_pkg']
[0.138s] Level 1:colcon.colcon_core.package_identification:_identify(Agricultural_Bot/sim_ws/src/agri_sim_assets/meshes) by extension 'colcon_pkg'
[0.138s] Level 1:colcon.colcon_core.package_identification:_identify(Agricultural_Bot/sim_ws/src/agri_sim_assets/meshes) by extensions ['colcon_meta']
[0.138s] Level 1:colcon.colcon_core.package_identification:_identify(Agricultural_Bot/sim_ws/src/agri_sim_assets/meshes) by extension 'colcon_meta'
[0.138s] Level 1:colcon.colcon_core.package_identification:_identify(Agricultural_Bot/sim_ws/src/agri_sim_assets/meshes) by extensions ['ros']
[0.138s] Level 1:colcon.colcon_core.package_identification:_identify(Agricultural_Bot/sim_ws/src/agri_sim_assets/meshes) by extension 'ros'
[0.138s] Level 1:colcon.colcon_core.package_identification:_identify(Agricultural_Bot/sim_ws/src/agri_sim_assets/meshes) by extensions ['cmake', 'python']
[0.139s] Level 1:colcon.colcon_core.package_identification:_identify(Agricultural_Bot/sim_ws/src/agri_sim_assets/meshes) by extension 'cmake'
[0.139s] Level 1:colcon.colcon_core.package_identification:_identify(Agricultural_Bot/sim_ws/src/agri_sim_assets/meshes) by extension 'python'
[0.139s] Level 1:colcon.colcon_core.package_identification:_identify(Agricultural_Bot/sim_ws/src/agri_sim_assets/meshes) by extensions ['python_setup_py']
[0.139s] Level 1:colcon.colcon_core.package_identification:_identify(Agricultural_Bot/sim_ws/src/agri_sim_assets/meshes) by extension 'python_setup_py'
[0.139s] Level 1:colcon.colcon_core.package_identification:_identify(Agricultural_Bot/sim_ws/src/agri_sim_assets/models) by extensions ['ignore', 'ignore_ament_install']
[0.139s] Level 1:colcon.colcon_core.package_identification:_identify(Agricultural_Bot/sim_ws/src/agri_sim_assets/models) by extension 'ignore'
[0.139s] Level 1:colcon.colcon_core.package_identification:_identify(Agricultural_Bot/sim_ws/src/agri_sim_assets/models) by extension 'ignore_ament_install'
[0.139s] Level 1:colcon.colcon_core.package_identification:_identify(Agricultural_Bot/sim_ws/src/agri_sim_assets/models) by extensions ['colcon_pkg']
[0.139s] Level 1:colcon.colcon_core.package_identification:_identify(Agricultural_Bot/sim_ws/src/agri_sim_assets/models) by extension 'colcon_pkg'
[0.139s] Level 1:colcon.colcon_core.package_identification:_identify(Agricultural_Bot/sim_ws/src/agri_sim_assets/models) by extensions ['colcon_meta']
[0.139s] Level 1:colcon.colcon_core.package_identification:_identify(Agricultural_Bot/sim_ws/src/agri_sim_assets/models) by extension 'colcon_meta'
[0.139s] Level 1:colcon.colcon_core.package_identification:_identify(Agricultural_Bot/sim_ws/src/agri_sim_assets/models) by extensions ['ros']
[0.139s] Level 1:colcon.colcon_core.package_identification:_identify(Agricultural_Bot/sim_ws/src/agri_sim_assets/models) by extension 'ros'
[0.139s] Level 1:colcon.colcon_core.package_identification:_identify(Agricultural_Bot/sim_ws/src/agri_sim_assets/models) by extensions ['cmake', 'python']
[0.139s] Level 1:colcon.colcon_core.package_identification:_identify(Agricultural_Bot/sim_ws/src/agri_sim_assets/models) by extension 'cmake'
[0.139s] Level 1:colcon.colcon_core.package_identification:_identify(Agricultural_Bot/sim_ws/src/agri_sim_assets/models) by extension 'python'
[0.139s] Level 1:colcon.colcon_core.package_identification:_identify(Agricultural_Bot/sim_ws/src/agri_sim_assets/models) by extensions ['python_setup_py']
[0.139s] Level 1:colcon.colcon_core.package_identification:_identify(Agricultural_Bot/sim_ws/src/agri_sim_assets/models) by extension 'python_setup_py'
[0.139s] Level 1:colcon.colcon_core.package_identification:_identify(Agricultural_Bot/sim_ws/src/agri_sim_bringup) by extensions ['ignore', 'ignore_ament_install']
[0.139s] Level 1:colcon.colcon_core.package_identification:_identify(Agricultural_Bot/sim_ws/src/agri_sim_bringup) by extension 'ignore'
[0.139s] Level 1:colcon.colcon_core.package_identification:_identify(Agricultural_Bot/sim_ws/src/agri_sim_bringup) by extension 'ignore_ament_install'
[0.139s] Level 1:colcon.colcon_core.package_identification:_identify(Agricultural_Bot/sim_ws/src/agri_sim_bringup) by extensions ['colcon_pkg']
[0.139s] Level 1:colcon.colcon_core.package_identification:_identify(Agricultural_Bot/sim_ws/src/agri_sim_bringup) by extension 'colcon_pkg'
[0.139s] Level 1:colcon.colcon_core.package_identification:_identify(Agricultural_Bot/sim_ws/src/agri_sim_bringup) by extensions ['colcon_meta']
[0.139s] Level 1:colcon.colcon_core.package_identification:_identify(Agricultural_Bot/sim_ws/src/agri_sim_bringup) by extension 'colcon_meta'
[0.139s] Level 1:colcon.colcon_core.package_identification:_identify(Agricultural_Bot/sim_ws/src/agri_sim_bringup) by extensions ['ros']
[0.140s] Level 1:colcon.colcon_core.package_identification:_identify(Agricultural_Bot/sim_ws/src/agri_sim_bringup) by extension 'ros'
[0.140s] Level 1:colcon.colcon_core.package_identification:_identify(Agricultural_Bot/sim_ws/src/agri_sim_bringup) by extensions ['cmake', 'python']
[0.140s] Level 1:colcon.colcon_core.package_identification:_identify(Agricultural_Bot/sim_ws/src/agri_sim_bringup) by extension 'cmake'
[0.140s] Level 1:colcon.colcon_core.package_identification:_identify(Agricultural_Bot/sim_ws/src/agri_sim_bringup) by extension 'python'
[0.140s] Level 1:colcon.colcon_core.package_identification:_identify(Agricultural_Bot/sim_ws/src/agri_sim_bringup) by extensions ['python_setup_py']
[0.140s] Level 1:colcon.colcon_core.package_identification:_identify(Agricultural_Bot/sim_ws/src/agri_sim_bringup) by extension 'python_setup_py'
[0.140s] Level 1:colcon.colcon_core.package_identification:_identify(Agricultural_Bot/sim_ws/src/agri_sim_bringup/config) by extensions ['ignore', 'ignore_ament_install']
[0.140s] Level 1:colcon.colcon_core.package_identification:_identify(Agricultural_Bot/sim_ws/src/agri_sim_bringup/config) by extension 'ignore'
[0.140s] Level 1:colcon.colcon_core.package_identification:_identify(Agricultural_Bot/sim_ws/src/agri_sim_bringup/config) by extension 'ignore_ament_install'
[0.140s] Level 1:colcon.colcon_core.package_identification:_identify(Agricultural_Bot/sim_ws/src/agri_sim_bringup/config) by extensions ['colcon_pkg']
[0.140s] Level 1:colcon.colcon_core.package_identification:_identify(Agricultural_Bot/sim_ws/src/agri_sim_bringup/config) by extension 'colcon_pkg'
[0.140s] Level 1:colcon.colcon_core.package_identification:_identify(Agricultural_Bot/sim_ws/src/agri_sim_bringup/config) by extensions ['colcon_meta']
[0.140s] Level 1:colcon.colcon_core.package_identification:_identify(Agricultural_Bot/sim_ws/src/agri_sim_bringup/config) by extension 'colcon_meta'
[0.140s] Level 1:colcon.colcon_core.package_identification:_identify(Agricultural_Bot/sim_ws/src/agri_sim_bringup/config) by extensions ['ros']
[0.140s] Level 1:colcon.colcon_core.package_identification:_identify(Agricultural_Bot/sim_ws/src/agri_sim_bringup/config) by extension 'ros'
[0.140s] Level 1:colcon.colcon_core.package_identification:_identify(Agricultural_Bot/sim_ws/src/agri_sim_bringup/config) by extensions ['cmake', 'python']
[0.140s] Level 1:colcon.colcon_core.package_identification:_identify(Agricultural_Bot/sim_ws/src/agri_sim_bringup/config) by extension 'cmake'
[0.140s] Level 1:colcon.colcon_core.package_identification:_identify(Agricultural_Bot/sim_ws/src/agri_sim_bringup/config) by extension 'python'
[0.140s] Level 1:colcon.colcon_core.package_identification:_identify(Agricultural_Bot/sim_ws/src/agri_sim_bringup/config) by extensions ['python_setup_py']
[0.140s] Level 1:colcon.colcon_core.package_identification:_identify(Agricultural_Bot/sim_ws/src/agri_sim_bringup/config) by extension 'python_setup_py'
[0.140s] Level 1:colcon.colcon_core.package_identification:_identify(Agricultural_Bot/sim_ws/src/agri_sim_bringup/launch) by extensions ['ignore', 'ignore_ament_install']
[0.140s] Level 1:colcon.colcon_core.package_identification:_identify(Agricultural_Bot/sim_ws/src/agri_sim_bringup/launch) by extension 'ignore'
[0.140s] Level 1:colcon.colcon_core.package_identification:_identify(Agricultural_Bot/sim_ws/src/agri_sim_bringup/launch) by extension 'ignore_ament_install'
[0.140s] Level 1:colcon.colcon_core.package_identification:_identify(Agricultural_Bot/sim_ws/src/agri_sim_bringup/launch) by extensions ['colcon_pkg']
[0.140s] Level 1:colcon.colcon_core.package_identification:_identify(Agricultural_Bot/sim_ws/src/agri_sim_bringup/launch) by extension 'colcon_pkg'
[0.141s] Level 1:colcon.colcon_core.package_identification:_identify(Agricultural_Bot/sim_ws/src/agri_sim_bringup/launch) by extensions ['colcon_meta']
[0.141s] Level 1:colcon.colcon_core.package_identification:_identify(Agricultural_Bot/sim_ws/src/agri_sim_bringup/launch) by extension 'colcon_meta'
[0.141s] Level 1:colcon.colcon_core.package_identification:_identify(Agricultural_Bot/sim_ws/src/agri_sim_bringup/launch) by extensions ['ros']
[0.141s] Level 1:colcon.colcon_core.package_identification:_identify(Agricultural_Bot/sim_ws/src/agri_sim_bringup/launch) by extension 'ros'
[0.141s] Level 1:colcon.colcon_core.package_identification:_identify(Agricultural_Bot/sim_ws/src/agri_sim_bringup/launch) by extensions ['cmake', 'python']
[0.141s] Level 1:colcon.colcon_core.package_identification:_identify(Agricultural_Bot/sim_ws/src/agri_sim_bringup/launch) by extension 'cmake'
[0.141s] Level 1:colcon.colcon_core.package_identification:_identify(Agricultural_Bot/sim_ws/src/agri_sim_bringup/launch) by extension 'python'
[0.141s] Level 1:colcon.colcon_core.package_identification:_identify(Agricultural_Bot/sim_ws/src/agri_sim_bringup/launch) by extensions ['python_setup_py']
[0.141s] Level 1:colcon.colcon_core.package_identification:_identify(Agricultural_Bot/sim_ws/src/agri_sim_bringup/launch) by extension 'python_setup_py'
[0.141s] Level 1:colcon.colcon_core.package_identification:_identify(Agricultural_Bot/sim_ws/src/agri_sim_bringup/rviz) by extensions ['ignore', 'ignore_ament_install']
[0.141s] Level 1:colcon.colcon_core.package_identification:_identify(Agricultural_Bot/sim_ws/src/agri_sim_bringup/rviz) by extension 'ignore'
[0.141s] Level 1:colcon.colcon_core.package_identification:_identify(Agricultural_Bot/sim_ws/src/agri_sim_bringup/rviz) by extension 'ignore_ament_install'
[0.141s] Level 1:colcon.colcon_core.package_identification:_identify(Agricultural_Bot/sim_ws/src/agri_sim_bringup/rviz) by extensions ['colcon_pkg']
[0.141s] Level 1:colcon.colcon_core.package_identification:_identify(Agricultural_Bot/sim_ws/src/agri_sim_bringup/rviz) by extension 'colcon_pkg'
[0.141s] Level 1:colcon.colcon_core.package_identification:_identify(Agricultural_Bot/sim_ws/src/agri_sim_bringup/rviz) by extensions ['colcon_meta']
[0.141s] Level 1:colcon.colcon_core.package_identification:_identify(Agricultural_Bot/sim_ws/src/agri_sim_bringup/rviz) by extension 'colcon_meta'
[0.141s] Level 1:colcon.colcon_core.package_identification:_identify(Agricultural_Bot/sim_ws/src/agri_sim_bringup/rviz) by extensions ['ros']
[0.141s] Level 1:colcon.colcon_core.package_identification:_identify(Agricultural_Bot/sim_ws/src/agri_sim_bringup/rviz) by extension 'ros'
[0.141s] Level 1:colcon.colcon_core.package_identification:_identify(Agricultural_Bot/sim_ws/src/agri_sim_bringup/rviz) by extensions ['cmake', 'python']
[0.141s] Level 1:colcon.colcon_core.package_identification:_identify(Agricultural_Bot/sim_ws/src/agri_sim_bringup/rviz) by extension 'cmake'
[0.141s] Level 1:colcon.colcon_core.package_identification:_identify(Agricultural_Bot/sim_ws/src/agri_sim_bringup/rviz) by extension 'python'
[0.141s] Level 1:colcon.colcon_core.package_identification:_identify(Agricultural_Bot/sim_ws/src/agri_sim_bringup/rviz) by extensions ['python_setup_py']
[0.141s] Level 1:colcon.colcon_core.package_identification:_identify(Agricultural_Bot/sim_ws/src/agri_sim_bringup/rviz) by extension 'python_setup_py'
[0.141s] Level 1:colcon.colcon_core.package_identification:_identify(Agricultural_Bot/sim_ws/src/agri_sim_control) by extensions ['ignore', 'ignore_ament_install']
[0.141s] Level 1:colcon.colcon_core.package_identification:_identify(Agricultural_Bot/sim_ws/src/agri_sim_control) by extension 'ignore'
[0.141s] Level 1:colcon.colcon_core.package_identification:_identify(Agricultural_Bot/sim_ws/src/agri_sim_control) by extension 'ignore_ament_install'
[0.141s] Level 1:colcon.colcon_core.package_identification:_identify(Agricultural_Bot/sim_ws/src/agri_sim_control) by extensions ['colcon_pkg']
[0.141s] Level 1:colcon.colcon_core.package_identification:_identify(Agricultural_Bot/sim_ws/src/agri_sim_control) by extension 'colcon_pkg'
[0.141s] Level 1:colcon.colcon_core.package_identification:_identify(Agricultural_Bot/sim_ws/src/agri_sim_control) by extensions ['colcon_meta']
[0.141s] Level 1:colcon.colcon_core.package_identification:_identify(Agricultural_Bot/sim_ws/src/agri_sim_control) by extension 'colcon_meta'
[0.141s] Level 1:colcon.colcon_core.package_identification:_identify(Agricultural_Bot/sim_ws/src/agri_sim_control) by extensions ['ros']
[0.141s] Level 1:colcon.colcon_core.package_identification:_identify(Agricultural_Bot/sim_ws/src/agri_sim_control) by extension 'ros'
[0.141s] Level 1:colcon.colcon_core.package_identification:_identify(Agricultural_Bot/sim_ws/src/agri_sim_control) by extensions ['cmake', 'python']
[0.142s] Level 1:colcon.colcon_core.package_identification:_identify(Agricultural_Bot/sim_ws/src/agri_sim_control) by extension 'cmake'
[0.142s] Level 1:colcon.colcon_core.package_identification:_identify(Agricultural_Bot/sim_ws/src/agri_sim_control) by extension 'python'
[0.142s] Level 1:colcon.colcon_core.package_identification:_identify(Agricultural_Bot/sim_ws/src/agri_sim_control) by extensions ['python_setup_py']
[0.142s] Level 1:colcon.colcon_core.package_identification:_identify(Agricultural_Bot/sim_ws/src/agri_sim_control) by extension 'python_setup_py'
[0.142s] Level 1:colcon.colcon_core.package_identification:_identify(Agricultural_Bot/sim_ws/src/agri_sim_control/config) by extensions ['ignore', 'ignore_ament_install']
[0.142s] Level 1:colcon.colcon_core.package_identification:_identify(Agricultural_Bot/sim_ws/src/agri_sim_control/config) by extension 'ignore'
[0.142s] Level 1:colcon.colcon_core.package_identification:_identify(Agricultural_Bot/sim_ws/src/agri_sim_control/config) by extension 'ignore_ament_install'
[0.142s] Level 1:colcon.colcon_core.package_identification:_identify(Agricultural_Bot/sim_ws/src/agri_sim_control/config) by extensions ['colcon_pkg']
[0.142s] Level 1:colcon.colcon_core.package_identification:_identify(Agricultural_Bot/sim_ws/src/agri_sim_control/config) by extension 'colcon_pkg'
[0.142s] Level 1:colcon.colcon_core.package_identification:_identify(Agricultural_Bot/sim_ws/src/agri_sim_control/config) by extensions ['colcon_meta']
[0.142s] Level 1:colcon.colcon_core.package_identification:_identify(Agricultural_Bot/sim_ws/src/agri_sim_control/config) by extension 'colcon_meta'
[0.142s] Level 1:colcon.colcon_core.package_identification:_identify(Agricultural_Bot/sim_ws/src/agri_sim_control/config) by extensions ['ros']
[0.142s] Level 1:colcon.colcon_core.package_identification:_identify(Agricultural_Bot/sim_ws/src/agri_sim_control/config) by extension 'ros'
[0.142s] Level 1:colcon.colcon_core.package_identification:_identify(Agricultural_Bot/sim_ws/src/agri_sim_control/config) by extensions ['cmake', 'python']
[0.142s] Level 1:colcon.colcon_core.package_identification:_identify(Agricultural_Bot/sim_ws/src/agri_sim_control/config) by extension 'cmake'
[0.142s] Level 1:colcon.colcon_core.package_identification:_identify(Agricultural_Bot/sim_ws/src/agri_sim_control/config) by extension 'python'
[0.142s] Level 1:colcon.colcon_core.package_identification:_identify(Agricultural_Bot/sim_ws/src/agri_sim_control/config) by extensions ['python_setup_py']
[0.142s] Level 1:colcon.colcon_core.package_identification:_identify(Agricultural_Bot/sim_ws/src/agri_sim_control/config) by extension 'python_setup_py'
[0.142s] Level 1:colcon.colcon_core.package_identification:_identify(Agricultural_Bot/sim_ws/src/agri_sim_control/launch) by extensions ['ignore', 'ignore_ament_install']
[0.142s] Level 1:colcon.colcon_core.package_identification:_identify(Agricultural_Bot/sim_ws/src/agri_sim_control/launch) by extension 'ignore'
[0.142s] Level 1:colcon.colcon_core.package_identification:_identify(Agricultural_Bot/sim_ws/src/agri_sim_control/launch) by extension 'ignore_ament_install'
[0.142s] Level 1:colcon.colcon_core.package_identification:_identify(Agricultural_Bot/sim_ws/src/agri_sim_control/launch) by extensions ['colcon_pkg']
[0.142s] Level 1:colcon.colcon_core.package_identification:_identify(Agricultural_Bot/sim_ws/src/agri_sim_control/launch) by extension 'colcon_pkg'
[0.142s] Level 1:colcon.colcon_core.package_identification:_identify(Agricultural_Bot/sim_ws/src/agri_sim_control/launch) by extensions ['colcon_meta']
[0.142s] Level 1:colcon.colcon_core.package_identification:_identify(Agricultural_Bot/sim_ws/src/agri_sim_control/launch) by extension 'colcon_meta'
[0.142s] Level 1:colcon.colcon_core.package_identification:_identify(Agricultural_Bot/sim_ws/src/agri_sim_control/launch) by extensions ['ros']
[0.142s] Level 1:colcon.colcon_core.package_identification:_identify(Agricultural_Bot/sim_ws/src/agri_sim_control/launch) by extension 'ros'
[0.142s] Level 1:colcon.colcon_core.package_identification:_identify(Agricultural_Bot/sim_ws/src/agri_sim_control/launch) by extensions ['cmake', 'python']
[0.142s] Level 1:colcon.colcon_core.package_identification:_identify(Agricultural_Bot/sim_ws/src/agri_sim_control/launch) by extension 'cmake'
[0.142s] Level 1:colcon.colcon_core.package_identification:_identify(Agricultural_Bot/sim_ws/src/agri_sim_control/launch) by extension 'python'
[0.142s] Level 1:colcon.colcon_core.package_identification:_identify(Agricultural_Bot/sim_ws/src/agri_sim_control/launch) by extensions ['python_setup_py']
[0.142s] Level 1:colcon.colcon_core.package_identification:_identify(Agricultural_Bot/sim_ws/src/agri_sim_control/launch) by extension 'python_setup_py'
[0.142s] Level 1:colcon.colcon_core.package_identification:_identify(Agricultural_Bot/sim_ws/src/agri_sim_description) by extensions ['ignore', 'ignore_ament_install']
[0.142s] Level 1:colcon.colcon_core.package_identification:_identify(Agricultural_Bot/sim_ws/src/agri_sim_description) by extension 'ignore'
[0.142s] Level 1:colcon.colcon_core.package_identification:_identify(Agricultural_Bot/sim_ws/src/agri_sim_description) by extension 'ignore_ament_install'
[0.143s] Level 1:colcon.colcon_core.package_identification:_identify(Agricultural_Bot/sim_ws/src/agri_sim_description) by extensions ['colcon_pkg']
[0.143s] Level 1:colcon.colcon_core.package_identification:_identify(Agricultural_Bot/sim_ws/src/agri_sim_description) by extension 'colcon_pkg'
[0.143s] Level 1:colcon.colcon_core.package_identification:_identify(Agricultural_Bot/sim_ws/src/agri_sim_description) by extensions ['colcon_meta']
[0.143s] Level 1:colcon.colcon_core.package_identification:_identify(Agricultural_Bot/sim_ws/src/agri_sim_description) by extension 'colcon_meta'
[0.143s] Level 1:colcon.colcon_core.package_identification:_identify(Agricultural_Bot/sim_ws/src/agri_sim_description) by extensions ['ros']
[0.143s] Level 1:colcon.colcon_core.package_identification:_identify(Agricultural_Bot/sim_ws/src/agri_sim_description) by extension 'ros'
[0.143s] Level 1:colcon.colcon_core.package_identification:_identify(Agricultural_Bot/sim_ws/src/agri_sim_description) by extensions ['cmake', 'python']
[0.143s] Level 1:colcon.colcon_core.package_identification:_identify(Agricultural_Bot/sim_ws/src/agri_sim_description) by extension 'cmake'
[0.143s] Level 1:colcon.colcon_core.package_identification:_identify(Agricultural_Bot/sim_ws/src/agri_sim_description) by extension 'python'
[0.143s] Level 1:colcon.colcon_core.package_identification:_identify(Agricultural_Bot/sim_ws/src/agri_sim_description) by extensions ['python_setup_py']
[0.143s] Level 1:colcon.colcon_core.package_identification:_identify(Agricultural_Bot/sim_ws/src/agri_sim_description) by extension 'python_setup_py'
[0.143s] Level 1:colcon.colcon_core.package_identification:_identify(Agricultural_Bot/sim_ws/src/agri_sim_description/config) by extensions ['ignore', 'ignore_ament_install']
[0.143s] Level 1:colcon.colcon_core.package_identification:_identify(Agricultural_Bot/sim_ws/src/agri_sim_description/config) by extension 'ignore'
[0.143s] Level 1:colcon.colcon_core.package_identification:_identify(Agricultural_Bot/sim_ws/src/agri_sim_description/config) by extension 'ignore_ament_install'
[0.143s] Level 1:colcon.colcon_core.package_identification:_identify(Agricultural_Bot/sim_ws/src/agri_sim_description/config) by extensions ['colcon_pkg']
[0.143s] Level 1:colcon.colcon_core.package_identification:_identify(Agricultural_Bot/sim_ws/src/agri_sim_description/config) by extension 'colcon_pkg'
[0.143s] Level 1:colcon.colcon_core.package_identification:_identify(Agricultural_Bot/sim_ws/src/agri_sim_description/config) by extensions ['colcon_meta']
[0.143s] Level 1:colcon.colcon_core.package_identification:_identify(Agricultural_Bot/sim_ws/src/agri_sim_description/config) by extension 'colcon_meta'
[0.143s] Level 1:colcon.colcon_core.package_identification:_identify(Agricultural_Bot/sim_ws/src/agri_sim_description/config) by extensions ['ros']
[0.143s] Level 1:colcon.colcon_core.package_identification:_identify(Agricultural_Bot/sim_ws/src/agri_sim_description/config) by extension 'ros'
[0.143s] Level 1:colcon.colcon_core.package_identification:_identify(Agricultural_Bot/sim_ws/src/agri_sim_description/config) by extensions ['cmake', 'python']
[0.143s] Level 1:colcon.colcon_core.package_identification:_identify(Agricultural_Bot/sim_ws/src/agri_sim_description/config) by extension 'cmake'
[0.143s] Level 1:colcon.colcon_core.package_identification:_identify(Agricultural_Bot/sim_ws/src/agri_sim_description/config) by extension 'python'
[0.143s] Level 1:colcon.colcon_core.package_identification:_identify(Agricultural_Bot/sim_ws/src/agri_sim_description/config) by extensions ['python_setup_py']
[0.143s] Level 1:colcon.colcon_core.package_identification:_identify(Agricultural_Bot/sim_ws/src/agri_sim_description/config) by extension 'python_setup_py'
[0.143s] Level 1:colcon.colcon_core.package_identification:_identify(Agricultural_Bot/sim_ws/src/agri_sim_description/launch) by extensions ['ignore', 'ignore_ament_install']
[0.143s] Level 1:colcon.colcon_core.package_identification:_identify(Agricultural_Bot/sim_ws/src/agri_sim_description/launch) by extension 'ignore'
[0.143s] Level 1:colcon.colcon_core.package_identification:_identify(Agricultural_Bot/sim_ws/src/agri_sim_description/launch) by extension 'ignore_ament_install'
[0.143s] Level 1:colcon.colcon_core.package_identification:_identify(Agricultural_Bot/sim_ws/src/agri_sim_description/launch) by extensions ['colcon_pkg']
[0.143s] Level 1:colcon.colcon_core.package_identification:_identify(Agricultural_Bot/sim_ws/src/agri_sim_description/launch) by extension 'colcon_pkg'
[0.143s] Level 1:colcon.colcon_core.package_identification:_identify(Agricultural_Bot/sim_ws/src/agri_sim_description/launch) by extensions ['colcon_meta']
[0.143s] Level 1:colcon.colcon_core.package_identification:_identify(Agricultural_Bot/sim_ws/src/agri_sim_description/launch) by extension 'colcon_meta'
[0.143s] Level 1:colcon.colcon_core.package_identification:_identify(Agricultural_Bot/sim_ws/src/agri_sim_description/launch) by extensions ['ros']
[0.143s] Level 1:colcon.colcon_core.package_identification:_identify(Agricultural_Bot/sim_ws/src/agri_sim_description/launch) by extension 'ros'
[0.143s] Level 1:colcon.colcon_core.package_identification:_identify(Agricultural_Bot/sim_ws/src/agri_sim_description/launch) by extensions ['cmake', 'python']
[0.143s] Level 1:colcon.colcon_core.package_identification:_identify(Agricultural_Bot/sim_ws/src/agri_sim_description/launch) by extension 'cmake'
[0.144s] Level 1:colcon.colcon_core.package_identification:_identify(Agricultural_Bot/sim_ws/src/agri_sim_description/launch) by extension 'python'
[0.144s] Level 1:colcon.colcon_core.package_identification:_identify(Agricultural_Bot/sim_ws/src/agri_sim_description/launch) by extensions ['python_setup_py']
[0.144s] Level 1:colcon.colcon_core.package_identification:_identify(Agricultural_Bot/sim_ws/src/agri_sim_description/launch) by extension 'python_setup_py'
[0.144s] Level 1:colcon.colcon_core.package_identification:_identify(Agricultural_Bot/sim_ws/src/agri_sim_description/urdf) by extensions ['ignore', 'ignore_ament_install']
[0.144s] Level 1:colcon.colcon_core.package_identification:_identify(Agricultural_Bot/sim_ws/src/agri_sim_description/urdf) by extension 'ignore'
[0.144s] Level 1:colcon.colcon_core.package_identification:_identify(Agricultural_Bot/sim_ws/src/agri_sim_description/urdf) by extension 'ignore_ament_install'
[0.144s] Level 1:colcon.colcon_core.package_identification:_identify(Agricultural_Bot/sim_ws/src/agri_sim_description/urdf) by extensions ['colcon_pkg']
[0.144s] Level 1:colcon.colcon_core.package_identification:_identify(Agricultural_Bot/sim_ws/src/agri_sim_description/urdf) by extension 'colcon_pkg'
[0.144s] Level 1:colcon.colcon_core.package_identification:_identify(Agricultural_Bot/sim_ws/src/agri_sim_description/urdf) by extensions ['colcon_meta']
[0.144s] Level 1:colcon.colcon_core.package_identification:_identify(Agricultural_Bot/sim_ws/src/agri_sim_description/urdf) by extension 'colcon_meta'
[0.144s] Level 1:colcon.colcon_core.package_identification:_identify(Agricultural_Bot/sim_ws/src/agri_sim_description/urdf) by extensions ['ros']
[0.144s] Level 1:colcon.colcon_core.package_identification:_identify(Agricultural_Bot/sim_ws/src/agri_sim_description/urdf) by extension 'ros'
[0.144s] Level 1:colcon.colcon_core.package_identification:_identify(Agricultural_Bot/sim_ws/src/agri_sim_description/urdf) by extensions ['cmake', 'python']
[0.144s] Level 1:colcon.colcon_core.package_identification:_identify(Agricultural_Bot/sim_ws/src/agri_sim_description/urdf) by extension 'cmake'
[0.144s] Level 1:colcon.colcon_core.package_identification:_identify(Agricultural_Bot/sim_ws/src/agri_sim_description/urdf) by extension 'python'
[0.144s] Level 1:colcon.colcon_core.package_identification:_identify(Agricultural_Bot/sim_ws/src/agri_sim_description/urdf) by extensions ['python_setup_py']
[0.144s] Level 1:colcon.colcon_core.package_identification:_identify(Agricultural_Bot/sim_ws/src/agri_sim_description/urdf) by extension 'python_setup_py'
[0.144s] Level 1:colcon.colcon_core.package_identification:_identify(Agricultural_Bot/sim_ws/src/agri_sim_sensors) by extensions ['ignore', 'ignore_ament_install']
[0.144s] Level 1:colcon.colcon_core.package_identification:_identify(Agricultural_Bot/sim_ws/src/agri_sim_sensors) by extension 'ignore'
[0.144s] Level 1:colcon.colcon_core.package_identification:_identify(Agricultural_Bot/sim_ws/src/agri_sim_sensors) by extension 'ignore_ament_install'
[0.144s] Level 1:colcon.colcon_core.package_identification:_identify(Agricultural_Bot/sim_ws/src/agri_sim_sensors) by extensions ['colcon_pkg']
[0.144s] Level 1:colcon.colcon_core.package_identification:_identify(Agricultural_Bot/sim_ws/src/agri_sim_sensors) by extension 'colcon_pkg'
[0.144s] Level 1:colcon.colcon_core.package_identification:_identify(Agricultural_Bot/sim_ws/src/agri_sim_sensors) by extensions ['colcon_meta']
[0.144s] Level 1:colcon.colcon_core.package_identification:_identify(Agricultural_Bot/sim_ws/src/agri_sim_sensors) by extension 'colcon_meta'
[0.144s] Level 1:colcon.colcon_core.package_identification:_identify(Agricultural_Bot/sim_ws/src/agri_sim_sensors) by extensions ['ros']
[0.144s] Level 1:colcon.colcon_core.package_identification:_identify(Agricultural_Bot/sim_ws/src/agri_sim_sensors) by extension 'ros'
[0.144s] Level 1:colcon.colcon_core.package_identification:_identify(Agricultural_Bot/sim_ws/src/agri_sim_sensors) by extensions ['cmake', 'python']
[0.144s] Level 1:colcon.colcon_core.package_identification:_identify(Agricultural_Bot/sim_ws/src/agri_sim_sensors) by extension 'cmake'
[0.144s] Level 1:colcon.colcon_core.package_identification:_identify(Agricultural_Bot/sim_ws/src/agri_sim_sensors) by extension 'python'
[0.144s] Level 1:colcon.colcon_core.package_identification:_identify(Agricultural_Bot/sim_ws/src/agri_sim_sensors) by extensions ['python_setup_py']
[0.144s] Level 1:colcon.colcon_core.package_identification:_identify(Agricultural_Bot/sim_ws/src/agri_sim_sensors) by extension 'python_setup_py'
[0.144s] Level 1:colcon.colcon_core.package_identification:_identify(Agricultural_Bot/sim_ws/src/agri_sim_sensors/config) by extensions ['ignore', 'ignore_ament_install']
[0.144s] Level 1:colcon.colcon_core.package_identification:_identify(Agricultural_Bot/sim_ws/src/agri_sim_sensors/config) by extension 'ignore'
[0.144s] Level 1:colcon.colcon_core.package_identification:_identify(Agricultural_Bot/sim_ws/src/agri_sim_sensors/config) by extension 'ignore_ament_install'
[0.144s] Level 1:colcon.colcon_core.package_identification:_identify(Agricultural_Bot/sim_ws/src/agri_sim_sensors/config) by extensions ['colcon_pkg']
[0.145s] Level 1:colcon.colcon_core.package_identification:_identify(Agricultural_Bot/sim_ws/src/agri_sim_sensors/config) by extension 'colcon_pkg'
[0.145s] Level 1:colcon.colcon_core.package_identification:_identify(Agricultural_Bot/sim_ws/src/agri_sim_sensors/config) by extensions ['colcon_meta']
[0.145s] Level 1:colcon.colcon_core.package_identification:_identify(Agricultural_Bot/sim_ws/src/agri_sim_sensors/config) by extension 'colcon_meta'
[0.145s] Level 1:colcon.colcon_core.package_identification:_identify(Agricultural_Bot/sim_ws/src/agri_sim_sensors/config) by extensions ['ros']
[0.145s] Level 1:colcon.colcon_core.package_identification:_identify(Agricultural_Bot/sim_ws/src/agri_sim_sensors/config) by extension 'ros'
[0.145s] Level 1:colcon.colcon_core.package_identification:_identify(Agricultural_Bot/sim_ws/src/agri_sim_sensors/config) by extensions ['cmake', 'python']
[0.145s] Level 1:colcon.colcon_core.package_identification:_identify(Agricultural_Bot/sim_ws/src/agri_sim_sensors/config) by extension 'cmake'
[0.145s] Level 1:colcon.colcon_core.package_identification:_identify(Agricultural_Bot/sim_ws/src/agri_sim_sensors/config) by extension 'python'
[0.145s] Level 1:colcon.colcon_core.package_identification:_identify(Agricultural_Bot/sim_ws/src/agri_sim_sensors/config) by extensions ['python_setup_py']
[0.145s] Level 1:colcon.colcon_core.package_identification:_identify(Agricultural_Bot/sim_ws/src/agri_sim_sensors/config) by extension 'python_setup_py'
[0.145s] Level 1:colcon.colcon_core.package_identification:_identify(Agricultural_Bot/sim_ws/src/agri_sim_sensors/launch) by extensions ['ignore', 'ignore_ament_install']
[0.145s] Level 1:colcon.colcon_core.package_identification:_identify(Agricultural_Bot/sim_ws/src/agri_sim_sensors/launch) by extension 'ignore'
[0.145s] Level 1:colcon.colcon_core.package_identification:_identify(Agricultural_Bot/sim_ws/src/agri_sim_sensors/launch) by extension 'ignore_ament_install'
[0.145s] Level 1:colcon.colcon_core.package_identification:_identify(Agricultural_Bot/sim_ws/src/agri_sim_sensors/launch) by extensions ['colcon_pkg']
[0.145s] Level 1:colcon.colcon_core.package_identification:_identify(Agricultural_Bot/sim_ws/src/agri_sim_sensors/launch) by extension 'colcon_pkg'
[0.145s] Level 1:colcon.colcon_core.package_identification:_identify(Agricultural_Bot/sim_ws/src/agri_sim_sensors/launch) by extensions ['colcon_meta']
[0.145s] Level 1:colcon.colcon_core.package_identification:_identify(Agricultural_Bot/sim_ws/src/agri_sim_sensors/launch) by extension 'colcon_meta'
[0.145s] Level 1:colcon.colcon_core.package_identification:_identify(Agricultural_Bot/sim_ws/src/agri_sim_sensors/launch) by extensions ['ros']
[0.145s] Level 1:colcon.colcon_core.package_identification:_identify(Agricultural_Bot/sim_ws/src/agri_sim_sensors/launch) by extension 'ros'
[0.145s] Level 1:colcon.colcon_core.package_identification:_identify(Agricultural_Bot/sim_ws/src/agri_sim_sensors/launch) by extensions ['cmake', 'python']
[0.145s] Level 1:colcon.colcon_core.package_identification:_identify(Agricultural_Bot/sim_ws/src/agri_sim_sensors/launch) by extension 'cmake'
[0.145s] Level 1:colcon.colcon_core.package_identification:_identify(Agricultural_Bot/sim_ws/src/agri_sim_sensors/launch) by extension 'python'
[0.145s] Level 1:colcon.colcon_core.package_identification:_identify(Agricultural_Bot/sim_ws/src/agri_sim_sensors/launch) by extensions ['python_setup_py']
[0.145s] Level 1:colcon.colcon_core.package_identification:_identify(Agricultural_Bot/sim_ws/src/agri_sim_sensors/launch) by extension 'python_setup_py'
[0.145s] Level 1:colcon.colcon_core.package_identification:_identify(Agricultural_Bot/sim_ws/src/agri_sim_sensors/urdf) by extensions ['ignore', 'ignore_ament_install']
[0.145s] Level 1:colcon.colcon_core.package_identification:_identify(Agricultural_Bot/sim_ws/src/agri_sim_sensors/urdf) by extension 'ignore'
[0.145s] Level 1:colcon.colcon_core.package_identification:_identify(Agricultural_Bot/sim_ws/src/agri_sim_sensors/urdf) by extension 'ignore_ament_install'
[0.145s] Level 1:colcon.colcon_core.package_identification:_identify(Agricultural_Bot/sim_ws/src/agri_sim_sensors/urdf) by extensions ['colcon_pkg']
[0.145s] Level 1:colcon.colcon_core.package_identification:_identify(Agricultural_Bot/sim_ws/src/agri_sim_sensors/urdf) by extension 'colcon_pkg'
[0.145s] Level 1:colcon.colcon_core.package_identification:_identify(Agricultural_Bot/sim_ws/src/agri_sim_sensors/urdf) by extensions ['colcon_meta']
[0.145s] Level 1:colcon.colcon_core.package_identification:_identify(Agricultural_Bot/sim_ws/src/agri_sim_sensors/urdf) by extension 'colcon_meta'
[0.145s] Level 1:colcon.colcon_core.package_identification:_identify(Agricultural_Bot/sim_ws/src/agri_sim_sensors/urdf) by extensions ['ros']
[0.145s] Level 1:colcon.colcon_core.package_identification:_identify(Agricultural_Bot/sim_ws/src/agri_sim_sensors/urdf) by extension 'ros'
[0.145s] Level 1:colcon.colcon_core.package_identification:_identify(Agricultural_Bot/sim_ws/src/agri_sim_sensors/urdf) by extensions ['cmake', 'python']
[0.145s] Level 1:colcon.colcon_core.package_identification:_identify(Agricultural_Bot/sim_ws/src/agri_sim_sensors/urdf) by extension 'cmake'
[0.145s] Level 1:colcon.colcon_core.package_identification:_identify(Agricultural_Bot/sim_ws/src/agri_sim_sensors/urdf) by extension 'python'
[0.146s] Level 1:colcon.colcon_core.package_identification:_identify(Agricultural_Bot/sim_ws/src/agri_sim_sensors/urdf) by extensions ['python_setup_py']
[0.146s] Level 1:colcon.colcon_core.package_identification:_identify(Agricultural_Bot/sim_ws/src/agri_sim_sensors/urdf) by extension 'python_setup_py'
[0.146s] Level 1:colcon.colcon_core.package_identification:_identify(Agricultural_Bot/sim_ws/src/agri_sim_tests) by extensions ['ignore', 'ignore_ament_install']
[0.146s] Level 1:colcon.colcon_core.package_identification:_identify(Agricultural_Bot/sim_ws/src/agri_sim_tests) by extension 'ignore'
[0.146s] Level 1:colcon.colcon_core.package_identification:_identify(Agricultural_Bot/sim_ws/src/agri_sim_tests) by extension 'ignore_ament_install'
[0.146s] Level 1:colcon.colcon_core.package_identification:_identify(Agricultural_Bot/sim_ws/src/agri_sim_tests) by extensions ['colcon_pkg']
[0.146s] Level 1:colcon.colcon_core.package_identification:_identify(Agricultural_Bot/sim_ws/src/agri_sim_tests) by extension 'colcon_pkg'
[0.146s] Level 1:colcon.colcon_core.package_identification:_identify(Agricultural_Bot/sim_ws/src/agri_sim_tests) by extensions ['colcon_meta']
[0.146s] Level 1:colcon.colcon_core.package_identification:_identify(Agricultural_Bot/sim_ws/src/agri_sim_tests) by extension 'colcon_meta'
[0.146s] Level 1:colcon.colcon_core.package_identification:_identify(Agricultural_Bot/sim_ws/src/agri_sim_tests) by extensions ['ros']
[0.146s] Level 1:colcon.colcon_core.package_identification:_identify(Agricultural_Bot/sim_ws/src/agri_sim_tests) by extension 'ros'
[0.146s] Level 1:colcon.colcon_core.package_identification:_identify(Agricultural_Bot/sim_ws/src/agri_sim_tests) by extensions ['cmake', 'python']
[0.146s] Level 1:colcon.colcon_core.package_identification:_identify(Agricultural_Bot/sim_ws/src/agri_sim_tests) by extension 'cmake'
[0.146s] Level 1:colcon.colcon_core.package_identification:_identify(Agricultural_Bot/sim_ws/src/agri_sim_tests) by extension 'python'
[0.146s] Level 1:colcon.colcon_core.package_identification:_identify(Agricultural_Bot/sim_ws/src/agri_sim_tests) by extensions ['python_setup_py']
[0.146s] Level 1:colcon.colcon_core.package_identification:_identify(Agricultural_Bot/sim_ws/src/agri_sim_tests) by extension 'python_setup_py'
[0.146s] Level 1:colcon.colcon_core.package_identification:_identify(Agricultural_Bot/sim_ws/src/agri_sim_tests/test) by extensions ['ignore', 'ignore_ament_install']
[0.146s] Level 1:colcon.colcon_core.package_identification:_identify(Agricultural_Bot/sim_ws/src/agri_sim_tests/test) by extension 'ignore'
[0.146s] Level 1:colcon.colcon_core.package_identification:_identify(Agricultural_Bot/sim_ws/src/agri_sim_tests/test) by extension 'ignore_ament_install'
[0.146s] Level 1:colcon.colcon_core.package_identification:_identify(Agricultural_Bot/sim_ws/src/agri_sim_tests/test) by extensions ['colcon_pkg']
[0.146s] Level 1:colcon.colcon_core.package_identification:_identify(Agricultural_Bot/sim_ws/src/agri_sim_tests/test) by extension 'colcon_pkg'
[0.146s] Level 1:colcon.colcon_core.package_identification:_identify(Agricultural_Bot/sim_ws/src/agri_sim_tests/test) by extensions ['colcon_meta']
[0.146s] Level 1:colcon.colcon_core.package_identification:_identify(Agricultural_Bot/sim_ws/src/agri_sim_tests/test) by extension 'colcon_meta'
[0.146s] Level 1:colcon.colcon_core.package_identification:_identify(Agricultural_Bot/sim_ws/src/agri_sim_tests/test) by extensions ['ros']
[0.146s] Level 1:colcon.colcon_core.package_identification:_identify(Agricultural_Bot/sim_ws/src/agri_sim_tests/test) by extension 'ros'
[0.146s] Level 1:colcon.colcon_core.package_identification:_identify(Agricultural_Bot/sim_ws/src/agri_sim_tests/test) by extensions ['cmake', 'python']
[0.146s] Level 1:colcon.colcon_core.package_identification:_identify(Agricultural_Bot/sim_ws/src/agri_sim_tests/test) by extension 'cmake'
[0.146s] Level 1:colcon.colcon_core.package_identification:_identify(Agricultural_Bot/sim_ws/src/agri_sim_tests/test) by extension 'python'
[0.146s] Level 1:colcon.colcon_core.package_identification:_identify(Agricultural_Bot/sim_ws/src/agri_sim_tests/test) by extensions ['python_setup_py']
[0.146s] Level 1:colcon.colcon_core.package_identification:_identify(Agricultural_Bot/sim_ws/src/agri_sim_tests/test) by extension 'python_setup_py'
[0.146s] Level 1:colcon.colcon_core.package_identification:_identify(Agricultural_Bot/sim_ws/src/agri_sim_tests/worlds) by extensions ['ignore', 'ignore_ament_install']
[0.147s] Level 1:colcon.colcon_core.package_identification:_identify(Agricultural_Bot/sim_ws/src/agri_sim_tests/worlds) by extension 'ignore'
[0.147s] Level 1:colcon.colcon_core.package_identification:_identify(Agricultural_Bot/sim_ws/src/agri_sim_tests/worlds) by extension 'ignore_ament_install'
[0.147s] Level 1:colcon.colcon_core.package_identification:_identify(Agricultural_Bot/sim_ws/src/agri_sim_tests/worlds) by extensions ['colcon_pkg']
[0.147s] Level 1:colcon.colcon_core.package_identification:_identify(Agricultural_Bot/sim_ws/src/agri_sim_tests/worlds) by extension 'colcon_pkg'
[0.147s] Level 1:colcon.colcon_core.package_identification:_identify(Agricultural_Bot/sim_ws/src/agri_sim_tests/worlds) by extensions ['colcon_meta']
[0.147s] Level 1:colcon.colcon_core.package_identification:_identify(Agricultural_Bot/sim_ws/src/agri_sim_tests/worlds) by extension 'colcon_meta'
[0.147s] Level 1:colcon.colcon_core.package_identification:_identify(Agricultural_Bot/sim_ws/src/agri_sim_tests/worlds) by extensions ['ros']
[0.147s] Level 1:colcon.colcon_core.package_identification:_identify(Agricultural_Bot/sim_ws/src/agri_sim_tests/worlds) by extension 'ros'
[0.147s] Level 1:colcon.colcon_core.package_identification:_identify(Agricultural_Bot/sim_ws/src/agri_sim_tests/worlds) by extensions ['cmake', 'python']
[0.147s] Level 1:colcon.colcon_core.package_identification:_identify(Agricultural_Bot/sim_ws/src/agri_sim_tests/worlds) by extension 'cmake'
[0.147s] Level 1:colcon.colcon_core.package_identification:_identify(Agricultural_Bot/sim_ws/src/agri_sim_tests/worlds) by extension 'python'
[0.147s] Level 1:colcon.colcon_core.package_identification:_identify(Agricultural_Bot/sim_ws/src/agri_sim_tests/worlds) by extensions ['python_setup_py']
[0.147s] Level 1:colcon.colcon_core.package_identification:_identify(Agricultural_Bot/sim_ws/src/agri_sim_tests/worlds) by extension 'python_setup_py'
[0.147s] Level 1:colcon.colcon_core.package_discovery:discover_packages(recursive) using defaults
